id	ids	ptr	bank	cpu	len	class	reloc	reloc_reasons	incoming_f2	outgoing_f2	f2_targets	f_controls	raw	jp	jp_expanded
2	2	0E80	A	8E80	1	plain	YES		0	0			FF		
3	3	0E81	A	8E81	2	controlled	YES		0	0		F9	F9 FF	[F9]	[F9]
4	4	0E83	A	8E83	5	plain	YES		0	0		F8	F8 63 3A 36 FF	\nボス「？	\nボス「？
5	5	12E2	A	92E2	33	controlled	YES		0	0		F3	64 F3 00 04 16 52 00 6C 70 60 EA 22 2F 09 33 47 00 08 56 33 4F 75 4F 1E 03 27 16 1B 60 07 68 71 FF	くろき「[F3] けいぶ ですね。\n[F1:$02]メッセージ スピードは どのくらいに\n[F1:$02]しますか？	くろき「[F3] けいぶ ですね。\n[F1:$02]メッセージ スピードは どのくらいに\n[F1:$02]しますか？
6	6	1303	A	9303	5	controlled	YES		0	1	1309	F2	64 F2 09 13 FF	くろき「[F2:$1309]	くろき「[F3] けいぶ ですね。\n[F1:$02]あなたの おかえりを おまちして\n[F1:$02]おりました。\n[F1:$02]さあ そうさを ぞっこう しましょう[GLYPH:$37]\n[F1:$02]メッセージ スピードは どのくらいに\n[F1:$02]しますか？
7	7	1308	A	9308	72	controlled	NO	F2_INTERIOR	0	0		F3	65 F3 00 04 16 52 00 6C 70 60 15 1A 0B 76 19 01 18 28 74 19 1F 0C 07 0E 60 19 28 69 3F 60 06 15 00 0A 17 06 74 4A 2F 05 17 00 07 1F 07 32 17 37 60 EA 22 2F 09 33 47 00 08 56 33 4F 75 4F 1E 03 27 16 1B 60 07 68 71 FF	シュン「[F3] けいぶ ですね。\n[F1:$02]あなたの おかえりを おまちして\n[F1:$02]おりました。\n[F1:$02]さあ そうさを ぞっこう しましょう[GLYPH:$37]\n[F1:$02]メッセージ スピードは どのくらいに\n[F1:$02]しますか？	シュン「[F3] けいぶ ですね。\n[F1:$02]あなたの おかえりを おまちして\n[F1:$02]おりました。\n[F1:$02]さあ そうさを ぞっこう しましょう[GLYPH:$37]\n[F1:$02]メッセージ スピードは どのくらいに\n[F1:$02]しますか？
8	8	1350	A	9350	47	controlled	YES		0	0		F8,F1,FE	64 19 24 00 63 00 9D 85 6C 70 62 64 10 16 3F 23 07 23 07 72 62 64 63 3E 0B 16 13 2E 6C 3F B4 2C 2E 1B 60 8D 1E 00 92 41 2F 37 F8 F1 0A FE FF	くろき「おや ボス でんわみたいですね。\n[F1:$0A][FE][F9]くろき「はい。もしもし……。\n[F1:$0A][FE][F9]くろき「ボス、たいへんです。とうきょうわんに\n[F1:$02]おとこの したいがっ[GLYPH:$37]\n[F1:$0A][FE]	くろき「おや ボス でんわみたいですね。\n[F1:$0A][FE][F9]くろき「はい。もしもし……。\n[F1:$0A][FE][F9]くろき「ボス、たいへんです。とうきょうわんに\n[F1:$02]おとこの したいがっ[GLYPH:$37]\n[F1:$0A][FE]
9	9	137F	A	937F	5	controlled	YES		0	1	139E	F2	64 F2 9E 13 FF	くろき「[F2:$139E]	くろき「では そうさを ちゅうだんします。\n[F1:$02]いいですか？
10	10	1384	A	9384	11	controlled	YES		0	2	13E6,13C0	FA,F8,F2,F2	FA F8 64 F2 E6 13 64 F2 C0 13 FF	[FA]\nくろき「[F2:$13E6]くろき「[F2:$13C0]	[FA]\nくろき「これが きょうの そうさメモ です。\nなにかに かきとめて おいてください。[F0:$A2]\n[F1:$0A][FE][F9]くろき「どうも おつかれさまでした。[F0:$A2]\n[F1:$0A][FE][F9]
11	11	138F	A	938F	5	controlled	YES		0	1	13D4	F2	64 F2 D4 13 FF	くろき「[F2:$13D4]	くろき「では そうさを ぞっこうします。[F0:$A2]
12	12	1394	A	9394	10	controlled	YES		0	3	ED82,139E,ED86	F2,F2,F2	F2 82 ED F2 9E 13 F2 86 ED FF	[F2:$ED82][F2:$139E][F2:$ED86]	シュン「[F0:$A1]では そうさを ちゅうだんします。\n[F1:$02]いいですか？[F0:$A2]
13	13	13B1	A	93B1	15	controlled	YES		0	4	ED82,13E6,ED82,13C0	FA,F8,F2,F2,F2,F2	FA F8 F2 82 ED F2 E6 13 F2 82 ED F2 C0 13 FF	[FA]\n[F2:$ED82][F2:$13E6][F2:$ED82][F2:$13C0]	[FA]\nシュン「[F0:$A1]これが きょうの そうさメモ です。\nなにかに かきとめて おいてください。[F0:$A2]\n[F1:$0A][FE][F9]シュン「[F0:$A1]どうも おつかれさまでした。[F0:$A2]\n[F1:$0A][FE][F9]
14	14	13D1	A	93D1	21	controlled	NO	F2_INTERIOR	0	2	ED82,ED86	F2,F2	F2 82 ED 7A 0A 17 06 2D 00 4A 2F 05 17 07 1F 08 3F F2 86 ED FF	[F2:$ED82]では そうさを ぞっこうします。[F2:$ED86]	シュン「[F0:$A1]では そうさを ぞっこうします。[F0:$A2]
15	15	140E	A	940E	3	plain	YES		0	0			3C 3A FF	＊「	＊「
16	16	1414	A	9414	5	plain	YES		0	0			0B 01 1E 3A FF	たかの「	たかの「
17	17	0E88	A	8E88	5	plain	YES		0	0			96 16 4F 17 FF	ばしょいどう	ばしょいどう
18	18	0E8D	A	8E8D	5	plain	YES		0	0			8C 74 20 2B FF	あたりを みろ	あたりを みろ
19	19	0E92	A	8E92	5	plain	YES		0	0			94 73 02 04 FF	ひとに きけ	ひとに きけ
20	20	0E97	A	8E97	7	plain	YES		0	0			94 00 07 27 53 2B FF	ひと しらべろ	ひと しらべろ
21	21	0E9E	A	8E9E	5	plain	YES		0	0			94 73 B3 2B FF	ひとに みせろ	ひとに みせろ
22	22	0EA3	A	8EA3	6	plain	YES		0	0			94 00 06 41 09 FF	ひと さがせ	ひと さがせ
23	23	0EA9	A	8EA9	7	plain	YES		0	0			4B 2A 01 00 26 53 FF	だれか よべ	だれか よべ
24	24	0EB0	A	8EB0	7	plain	YES		0	0			84 77 07 27 53 2B FF	なにか しらべろ	なにか しらべろ
25	25	0EB7	A	8EB7	5	plain	YES		0	0			84 77 0F 2A FF	なにか とれ	なにか とれ
26	26	0EBC	A	8EBC	4	plain	YES		0	0			99 0F 2A FF	しゃしんとれ	しゃしんとれ
27	27	0EC0	A	8EC0	7	plain	YES		0	0			23 0C 23 1E 20 2B FF	もちものみろ	もちものみろ
28	28	0EC7	A	8EC7	8	plain	YES		0	0			4E 2E 2C 00 01 04 2B FF	でんわ かけろ	でんわ かけろ
29	29	0ECF	A	8ECF	7	plain	YES		0	0			0A 17 06 E2 22 23 FF	そうさメモ	そうさメモ
30	30	0ED6	A	8ED6	3	plain	YES		0	0			10 16 FF	はい	はい
31	31	0ED9	A	8ED9	4	plain	YES		0	0			16 16 18 FF	いいえ	いいえ
32	32	0EDD	A	8EDD	7	plain	YES		0	0			11 02 0F 27 09 2B FF	ひきとらせろ	ひきとらせろ
33	33	0EE4	A	8EE4	7	plain	YES		0	0			06 01 18 4F 19 28 FF	さかえどおり	さかえどおり
34	34	0EEB	A	8EEB	2	plain	YES		0	0			B6 FF	ルブラン	ルブラン
35	35	0EED	A	8EED	2	plain	YES		0	0			B5 FF	はるみふとう	はるみふとう
36	36	0EEF	A	8EEF	4	plain	YES		0	0			8C 76 94 FF	あたりの ひと	あたりの ひと
37	37	0EF3	A	8EF3	5	plain	YES		0	0			0B 01 1E 93 FF	たかのさん	たかのさん
38	38	0EF8	A	8EF8	7	plain	YES		0	0			23 03 44 02 07 30 FF	もくげきしゃ	もくげきしゃ
39	39	0EFF	A	8EFF	8	plain	YES		0	0			92 10 2F 04 2E 07 30 FF	したいはっけんしゃ	したいはっけんしゃ
40	40	0F07	A	8F07	2	plain	YES		0	0			91 FF	はんにん	はんにん
41	41	0F09	A	8F09	8	plain	YES		0	0			0A 05 74 07 27 53 2B FF	そこを しらべろ	そこを しらべろ
42	42	0F11	A	8F11	2	plain	YES		0	0			92 FF	したい	したい
43	43	0F13	A	8F13	4	plain	YES		0	0			07 16 2E FF	しいん	しいん
44	44	0F17	A	8F17	6	plain	YES		0	0			92 76 17 2C 42 FF	したいの うわぎ	したいの うわぎ
45	45	0F1D	A	8F1D	7	plain	YES		0	0			92 76 E3 48 54 2E FF	したいの ズボン	したいの ズボン
46	46	0F24	A	8F24	2	plain	YES		0	0			98 FF	チラシ	チラシ
47	47	0F26	A	8F26	2	plain	YES		0	0			99 FF	しゃしん	しゃしん
48	48	0F28	A	8F28	3	plain	YES		0	0			90 A2 FF	けいさつてちょう	けいさつてちょう
49	49	0F2B	A	8F2B	6	plain	YES		0	0			95 76 01 4A 03 FF	ひがいしゃの かぞく	ひがいしゃの かぞく
50	50	0F31	A	8F31	5	plain	YES		0	0			0B 01 4B BF FF	たかだりょかん	たかだりょかん
51	51	0F36	A	8F36	4	plain	YES		0	0			C8 1A 20 FF	まちなみ	まちなみ
52	52	0F3A	A	8F3A	4	plain	YES		0	0			4F 17 2B FF	どうろ	どうろ
53	53	0F3E	A	8F3E	5	plain	YES		0	0			B6 0E 2E 7F FF	ルブランてんない	ルブランてんない
54	54	0F43	A	8F43	5	plain	YES		0	0			B3 76 1A 01 FF	みせの なか	みせの なか
55	55	0F48	A	8F48	4	plain	YES		0	0			E2 29 1A FF	ルナ	ルナ
56	56	0F4C	A	8F4C	6	plain	YES		0	0			B6 16 28 43 0C FF	ルブランいりぐち	ルブランいりぐち
57	57	0F52	A	8F52	6	plain	YES		0	0			E4 0E 33 52 29 FF	テーブル	テーブル
58	58	0F58	A	8F58	3	plain	YES		0	0			16 08 FF	いす	いす
59	59	0F5B	A	8F5B	5	plain	YES		0	0			E3 15 04 20 FF	アケミ	アケミ
60	60	0F60	A	8F60	5	plain	YES		0	0			44 2E 01 2E FF	げんかん	げんかん
61	61	0F65	A	8F65	6	plain	YES		0	0			13 24 76 1A 01 FF	へやの なか	へやの なか
62	62	0F6B	A	8F6B	7	plain	YES		0	0			12 0F 2E 76 17 18 FF	ふとんの うえ	ふとんの うえ
63	63	0F72	A	8F72	5	plain	YES		0	0			E3 10 41 02 FF	ハガキ	ハガキ
64	64	0F77	A	8F77	4	plain	YES		0	0			01 50 2E FF	かばん	かばん
65	65	0F7B	A	8F7B	2	plain	YES		0	0			CF FF	みどりがおか	みどりがおか
66	66	0F7D	A	8F7D	7	plain	YES		0	0			18 02 76 1F 2C 28 FF	えきの まわり	えきの まわり
67	67	0F84	A	8F84	4	plain	YES		0	0			1A 1F 18 FF	なまえ	なまえ
68	68	0F88	A	8F88	2	plain	YES		0	0			9A FF	さいふ	さいふ
69	69	0F8A	A	8F8A	2	plain	YES		0	0			9B FF	めいし	めいし
70	70	0F8C	A	8F8C	5	plain	YES		0	0			02 32 17 02 FF	きょうき	きょうき
71	71	0F91	A	8F91	4	plain	YES		0	0			A4 76 99 FF	ますだの しゃしん	ますだの しゃしん
72	72	0F95	A	8F95	4	plain	YES		0	0			A5 76 99 FF	いいじまの しゃしん	いいじまの しゃしん
73	73	0F99	A	8F99	4	plain	YES		0	0			A8 76 99 FF	しらきの しゃしん	しらきの しゃしん
74	74	0F9D	A	8F9D	5	plain	YES		0	0			A4 76 05 0F FF	ますだの こと	ますだの こと
75	75	0FA2	A	8FA2	5	plain	YES		0	0			A5 76 05 0F FF	いいじまの こと	いいじまの こと
76	76	0FA7	A	8FA7	5	plain	YES		0	0			A8 76 05 0F FF	しらきの こと	しらきの こと
77	77	0FAC	A	8FAC	5	plain	YES		0	0			A7 76 05 0F FF	ゲンさんの こと	ゲンさんの こと
78	78	0FB1	A	8FB1	5	plain	YES		0	0			A9 76 05 0F FF	おくむらの こと	おくむらの こと
79	79	0FB6	A	8FB6	6	plain	YES		0	0			92 76 16 12 03 FF	したいの いふく	したいの いふく
80	80	0FBC	A	8FBC	2	plain	YES		0	0			A6 FF	しんじ	しんじ
81	81	0FBE	A	8FBE	2	plain	YES		0	0			A8 FF	しらき	しらき
82	82	0FC0	A	8FC0	5	plain	YES		0	0			06 01 43 0C FF	さかぐち	さかぐち
83	83	0FC5	A	8FC5	2	plain	YES		0	0			A7 FF	ゲンさん	ゲンさん
84	84	0FC7	A	8FC7	2	plain	YES		0	0			BB FF	コロポックリ	コロポックリ
85	85	0FC9	A	8FC9	6	plain	YES		0	0			B3 76 1F 2C 28 FF	みせの まわり	みせの まわり
86	86	0FCF	A	8FCF	8	plain	YES		0	0			84 74 07 0E 16 29 01 FF	なにを しているか	なにを しているか
87	87	0FD7	A	8FD7	6	plain	YES		0	0			03 07 2B 07 7F FF	くしろしない	くしろしない
88	88	0FDD	A	8FDD	4	plain	YES		0	0			B8 07 7F FF	あばしりしない	あばしりしない
89	89	0FE1	A	8FE1	2	plain	YES		0	0			B7 FF	きたはま	きたはま
90	90	0FE3	A	8FE3	6	plain	YES		0	0			B7 76 10 1F 53 FF	きたはまの はまべ	きたはまの はまべ
91	91	0FE9	A	8FE9	3	plain	YES		0	0			B9 BA FF	さっぽろすすきの	さっぽろすすきの
92	92	0FEC	A	8FEC	4	plain	YES		0	0			B8 05 17 FF	あばしりこう	あばしりこう
93	93	0FF0	A	8FF0	2	plain	YES		0	0			BC FF	ましゅうこ	ましゅうこ
94	94	0FF2	A	8FF2	2	plain	YES		0	0			BE FF	ちゅうしゃじょう	ちゅうしゃじょう
95	95	0FF4	A	8FF4	2	plain	YES		0	0			9C FF	ストッキング	ストッキング
96	96	0FF6	A	8FF6	2	plain	YES		0	0			BD FF	しれとこ ごこ	しれとこ ごこ
97	97	0FF8	A	8FF8	4	plain	YES		0	0			CE 76 C8 FF	ウトロの まち	ウトロの まち
98	98	0FFC	A	8FFC	2	plain	YES		0	0			CB FF	あかんこ	あかんこ
99	99	0FFE	A	8FFE	9	plain	YES		0	0			15 24 07 16 94 1E 05 0F FF	あやしいひとのこと	あやしいひとのこと
100	100	1007	A	9007	10	plain	YES		0	0			E4 41 16 07 30 D1 76 05 0F FF	ガイシャ[GLYPH:$D1]の こと	ガイシャ[GLYPH:$D1]の こと
101	101	1011	A	9011	5	plain	YES		0	0			AF 76 05 0F FF	カップルの こと	カップルの こと
102	102	1016	A	9016	4	plain	YES		0	0			19 50 93 FF	おばさん	おばさん
103	103	101A	A	901A	3	plain	YES		0	0			99 D1 FF	しゃしん[GLYPH:$D1]	しゃしん[GLYPH:$D1]
104	104	101D	A	901D	3	plain	YES		0	0			99 D2 FF	しゃしん[GLYPH:$D2]	しゃしん[GLYPH:$D2]
105	105	1020	A	9020	5	plain	YES		0	0			50 16 0E 2E FF	ばいてん	ばいてん
106	106	1025	A	9025	4	plain	YES		0	0			19 4E 2E FF	おでん	おでん
107	107	1029	A	9029	7	plain	YES		0	0			42 31 17 1B 31 17 FF	ぎゅうにゅう	ぎゅうにゅう
108	108	1030	A	9030	4	plain	YES		0	0			CE 05 17 FF	ウトロこう	ウトロこう
109	109	1034	A	9034	6	plain	YES		0	0			19 20 24 44 24 FF	おみやげや	おみやげや
110	110	103A	A	903A	5	plain	YES		0	0			01 41 24 BF FF	かがやりょかん	かがやりょかん
111	111	103F	A	903F	4	plain	YES		0	0			CD 76 C8 FF	はこだての まち	はこだての まち
112	112	1043	A	9043	8	plain	YES		0	0			1E 0D 04 10 2E 0F 17 FF	のつけはんとう	のつけはんとう
113	113	104B	A	904B	5	plain	YES		0	0			CC 76 05 0F FF	トドワラの こと	トドワラの こと
114	114	1050	A	9050	5	plain	YES		0	0			09 2E 16 2E FF	せんいん	せんいん
115	115	1055	A	9055	3	plain	YES		0	0			12 1D FF	ふね	ふね
116	116	1058	A	9058	2	plain	YES		0	0			C4 FF	くっしゃろこ	くっしゃろこ
117	117	105A	A	905A	2	plain	YES		0	0			C6 FF	まりもや	まりもや
118	118	105C	A	905C	5	plain	YES		0	0			BF 76 05 0F FF	りょかんの こと	りょかんの こと
119	119	1061	A	9061	5	plain	YES		0	0			C6 76 05 0F FF	まりもやの こと	まりもやの こと
120	120	1066	A	9066	8	plain	YES		0	0			14 0B 29 C8 76 05 0F FF	ほたるまちの こと	ほたるまちの こと
121	121	106E	A	906E	10	plain	YES		0	0			14 01 1E 02 30 03 1E 05 0F FF	ほかのきゃくのこと	ほかのきゃくのこと
122	122	1078	A	9078	4	plain	YES		0	0			B3 76 94 FF	みせの ひと	みせの ひと
123	123	107C	A	907C	4	plain	YES		0	0			19 01 20 FF	おかみ	おかみ
124	124	1080	A	9080	8	plain	YES		0	0			01 2E 05 17 02 30 03 FF	かんこうきゃく	かんこうきゃく
125	125	1088	A	9088	5	plain	YES		0	0			50 2E 0F 17 FF	ばんとう	ばんとう
126	126	108D	A	908D	5	plain	YES		0	0			44 16 07 30 FF	げいしゃ	げいしゃ
127	127	1092	A	9092	6	plain	YES		0	0			24 4F 0C 32 17 FF	やどちょう	やどちょう
128	128	1098	A	9098	5	plain	YES		0	0			20 48 17 20 FF	みずうみ	みずうみ
129	129	109D	A	909D	5	plain	YES		0	0			E3 0B 50 05 FF	タバコ	タバコ
130	130	10A2	A	90A2	6	plain	YES		0	0			E4 27 16 0B 33 FF	ライター	ライター
131	131	10A8	A	90A8	5	plain	YES		0	0			01 2E 50 2E FF	かんばん	かんばん
132	132	10AD	A	90AD	6	plain	YES		0	0			E4 58 1A 2E 0F FF	ペナント	ペナント
133	133	10B3	A	90B3	3	plain	YES		0	0			99 24 FF	しゃしんや	しゃしんや
134	134	10B6	A	90B6	5	plain	YES		0	0			8C 76 86 08 FF	あたりの ようす	あたりの ようす
135	135	10BB	A	90BB	2	plain	YES		0	0			C7 FF	わごと おんせん	わごと おんせん
136	136	10BD	A	90BD	4	plain	YES		0	0			AB 76 B1 FF	まきこの アパート	まきこの アパート
137	137	10C1	A	90C1	4	plain	YES		0	0			C0 76 C8 FF	もんべつの まち	もんべつの まち
138	138	10C5	A	90C5	3	plain	YES		0	0			B8 C2 FF	あばしりけいむしょ	あばしりけいむしょ
139	139	10C8	A	90C8	3	plain	YES		0	0			90 C1 FF	けいさつびょういん	けいさつびょういん
140	140	10CB	A	90CB	11	plain	YES		0	0			2C 45 0F 19 2E 09 2E 1E 05 0F FF	わごとおんせんのこと	わごとおんせんのこと
141	141	10D6	A	90D6	8	plain	YES		0	0			15 07 12 02 76 17 27 FF	あしふきの うら	あしふきの うら
142	142	10DE	A	90DE	8	plain	YES		0	0			03 48 01 45 76 1A 01 FF	くずかごの なか	くずかごの なか
143	143	10E6	A	90E6	6	plain	YES		0	0			E3 41 27 08 4F FF	ガラスど	ガラスど
144	144	10EC	A	90EC	3	plain	YES		0	0			25 01 FF	ゆか	ゆか
145	145	10EF	A	90EF	9	plain	YES		0	0			AC 76 E5 50 08 0B 19 29 FF	めぐみの バスタオル	めぐみの バスタオル
146	146	10F8	A	90F8	2	plain	YES		0	0			A2 FF	てちょう	てちょう
147	147	10FA	A	90FA	5	plain	YES		0	0			AB 76 05 0F FF	まきこの こと	まきこの こと
148	148	10FF	A	90FF	8	plain	YES		0	0			16 23 17 0F 76 05 0F FF	いもうとの こと	いもうとの こと
149	149	1107	A	9107	2	plain	YES		0	0			A3 FF	マリゴケ	マリゴケ
150	150	1109	A	9109	10	plain	YES		0	0			E3 1B 59 59 1B 2E 42 32 17 FF	ニポポにんぎょう	ニポポにんぎょう
151	151	1113	A	9113	4	plain	YES		0	0			AD 76 99 FF	うらたの しゃしん	うらたの しゃしん
152	152	1117	A	9117	5	plain	YES		0	0			B1 1E 1A 01 FF	アパートのなか	アパートのなか
153	153	111C	A	911C	7	plain	YES		0	0			25 01 28 1E 05 0F FF	ゆかりのこと	ゆかりのこと
154	154	1123	A	9123	8	plain	YES		0	0			AB 1E 0C 0C 1E 05 0F FF	まきこのちちのこと	まきこのちちのこと
155	155	112B	A	912B	6	plain	YES		0	0			01 2E 28 1B 2E FF	かんりにん	かんりにん
156	156	1131	A	9131	4	plain	YES		0	0			E2 4F 15 FF	ドア	ドア
157	157	1135	A	9135	5	plain	YES		0	0			B1 76 0A 0F FF	アパートの そと	アパートの そと
158	158	113A	A	913A	7	plain	YES		0	0			0D 03 18 76 17 18 FF	つくえの うえ	つくえの うえ
159	159	1141	A	9141	5	plain	YES		0	0			14 2E 4B 1A FF	ほんだな	ほんだな
160	160	1146	A	9146	5	plain	YES		0	0			E3 53 2F 4F FF	ベッド	ベッド
161	161	114B	A	914B	8	plain	YES		0	0			09 16 28 E3 4B 2E 08 FF	せいりダンス	せいりダンス
162	162	1153	A	9153	5	plain	YES		0	0			E3 08 02 33 FF	スキー	スキー
163	163	1158	A	9158	4	plain	YES		0	0			0E 41 20 FF	てがみ	てがみ
164	164	115C	A	915C	7	plain	YES		0	0			52 2E 44 16 07 32 FF	ぶんげいしょ	ぶんげいしょ
165	165	1163	A	9163	8	plain	YES		0	0			E3 08 02 33 76 14 2E FF	スキーの ほん	スキーの ほん
166	166	116B	A	916B	6	plain	YES		0	0			E4 15 29 50 21 FF	アルバム	アルバム
167	167	1171	A	9171	7	plain	YES		0	0			E5 1D 43 28 47 25 FF	ネグリジユ	ネグリジユ
168	168	1178	A	9178	5	plain	YES		0	0			AD 76 05 0F FF	うらたの こと	うらたの こと
169	169	117D	A	917D	5	plain	YES		0	0			A9 76 16 18 FF	おくむらの いえ	おくむらの いえ
170	170	1182	A	9182	7	plain	YES		0	0			0E 2E 54 17 4B 16 FF	てんぼうだい	てんぼうだい
171	171	1189	A	9189	6	plain	YES		0	0			C0 76 20 1A 0F FF	もんべつの みなと	もんべつの みなと
172	172	118F	A	918F	4	plain	YES		0	0			C3 76 C8 FF	ゆうばりの まち	ゆうばりの まち
173	173	1193	A	9193	6	plain	YES		0	0			A7 76 01 4A 03 FF	ゲンさんの かぞく	ゲンさんの かぞく
174	174	1199	A	9199	6	plain	YES		0	0			2B 50 0B 24 02 FF	ろばたやき	ろばたやき
175	175	119F	A	919F	5	plain	YES		0	0			E3 51 33 29 FF	ビール	ビール
176	176	11A4	A	91A4	5	plain	YES		0	0			52 0D 4B 2E FF	ぶつだん	ぶつだん
177	177	11A9	A	91A9	4	plain	YES		0	0			19 50 50 FF	おばば	おばば
178	178	11AD	A	91AD	8	plain	YES		0	0			01 2E 28 47 21 07 32 FF	かんりじむしょ	かんりじむしょ
179	179	11B5	A	91B5	5	plain	YES		0	0			42 32 09 2E FF	ぎょせん	ぎょせん
180	180	11BA	A	91BA	9	plain	YES		0	0			04 16 21 07 32 76 1A 01 FF	けいむしょの なか	けいむしょの なか
181	181	11C3	A	91C3	9	plain	YES		0	0			1B 2E 42 32 17 76 05 0F FF	にんぎょうの こと	にんぎょうの こと
182	182	11CC	A	91CC	8	plain	YES		0	0			47 21 07 32 76 0A 0F FF	じむしょの そと	じむしょの そと
183	183	11D4	A	91D4	10	plain	YES		0	0			07 48 2E 4B 12 1D 1E 05 0F FF	しずんだふねのこと	しずんだふねのこと
184	184	11DE	A	91DE	8	plain	YES		0	0			16 2A 16 11 76 05 0F FF	いれいひの こと	いれいひの こと
185	185	11E6	A	91E6	8	plain	YES		0	0			10 1A 0B 50 76 05 0F FF	はなたばの こと	はなたばの こと
186	186	11EE	A	91EE	5	plain	YES		0	0			10 1A 0B 50 FF	はなたば	はなたば
187	187	11F3	A	91F3	4	plain	YES		0	0			17 27 0B FF	うらた	うらた
188	188	11F7	A	91F7	7	plain	YES		0	0			0A 03 50 16 07 32 FF	そくばいしょ	そくばいしょ
189	189	11FE	A	91FE	10	plain	YES		0	0			0A 03 50 16 07 32 76 0B 1A FF	そくばいしょの たな	そくばいしょの たな
190	190	1208	A	9208	8	plain	YES		0	0			0B 2E 05 17 76 1A 01 FF	たんこうの なか	たんこうの なか
191	191	1210	A	9210	5	plain	YES		0	0			4E 2E 02 24 FF	でんきや	でんきや
192	192	1215	A	9215	5	plain	YES		0	0			E3 27 47 19 FF	ラジオ	ラジオ
193	193	121A	A	921A	10	plain	YES		0	0			E8 59 33 0B 52 29 0E 2A 51 FF	ポータブルテレビ	ポータブルテレビ
194	194	1224	A	9224	10	plain	YES		0	0			01 16 0C 31 17 4E 2E 0F 17 FF	かいちゅうでんとう	かいちゅうでんとう
195	195	122E	A	922E	7	plain	YES		0	0			E5 12 2D 20 05 2E FF	フヲミコン	フヲミコン
196	196	1235	A	9235	3	plain	YES		0	0			03 0D FF	くつ	くつ
197	197	1238	A	9238	5	plain	YES		0	0			B9 00 18 02 FF	さっぽろ えき	さっぽろ えき
198	198	123D	A	923D	10	plain	YES		0	0			0C 31 17 19 17 0B 2E 05 17 FF	ちゅうおうたんこう	ちゅうおうたんこう
199	199	1247	A	9247	5	plain	YES		0	0			E3 0F 16 2A FF	トイレ	トイレ
200	200	124C	A	924C	11	plain	YES		0	0			E4 43 28 33 2E 07 30 76 1F 18 FF	グリーンしゃの まえ	グリーンしゃの まえ
201	201	1257	A	9257	6	plain	YES		0	0			C5 39 11 4E 19 FF	あくつ・ひでお	あくつ・ひでお
202	202	125D	A	925D	5	plain	YES		0	0			2A 2F 07 30 FF	れっしゃ	れっしゃ
203	203	1262	A	9262	5	plain	YES		0	0			E3 14 33 21 FF	ホーム	ホーム
204	204	1267	A	9267	4	plain	YES		0	0			1B 44 2B FF	にげろ	にげろ
205	205	126B	A	926B	6	plain	YES		0	0			0B 16 14 07 2B FF	たいほしろ	たいほしろ
206	206	1271	A	9271	7	plain	YES		0	0			17 0B 2D 17 0B 18 FF	うたをうたえ	うたをうたえ
207	207	1278	A	9278	9	plain	YES		0	0			07 2E 4B 12 28 2D 07 2B FF	しんだふりをしろ	しんだふりをしろ
208	208	1281	A	9281	5	plain	YES		0	0			0B 0B 01 18 FF	たたかえ	たたかえ
209	209	1286	A	9286	2	plain	YES		0	0			B0 FF	やくざ	やくざ
210	210	1288	A	9288	6	plain	YES		0	0			15 24 07 16 94 FF	あやしいひと	あやしいひと
211	211	128E	A	928E	9	plain	YES		0	0			04 16 21 07 32 76 0A 0F FF	けいむしょの そと	けいむしょの そと
212	212	1297	A	9297	5	plain	YES		0	0			16 2A 16 11 FF	いれいひ	いれいひ
213	213	129C	A	929C	9	plain	YES		0	0			E4 0F 27 2E 57 74 08 29 FF	トランプを する	トランプを する
214	214	12A5	A	92A5	4	plain	YES		0	0			D1 1F 16 FF	[GLYPH:$D1]まい	[GLYPH:$D1]まい
215	215	12A9	A	92A9	4	plain	YES		0	0			D2 1F 16 FF	[GLYPH:$D2]まい	[GLYPH:$D2]まい
216	216	12AD	A	92AD	4	plain	YES		0	0			D3 1F 16 FF	[GLYPH:$D3]まい	[GLYPH:$D3]まい
217	217	12B1	A	92B1	4	plain	YES		0	0			D4 1F 16 FF	[GLYPH:$D4]まい	[GLYPH:$D4]まい
218	218	12B5	A	92B5	4	plain	YES		0	0			D5 1F 16 FF	[GLYPH:$D5]まい	[GLYPH:$D5]まい
219	219	12B9	A	92B9	4	plain	YES		0	0			24 22 29 FF	やめる	やめる
220	220	12BD	A	92BD	7	plain	YES		0	0			1F 18 1B 08 08 22 FF	まえにすすめ	まえにすすめ
221	221	12C4	A	92C4	6	plain	YES		0	0			20 42 2D 21 04 FF	みぎをむけ	みぎをむけ
222	222	12CA	A	92CA	7	plain	YES		0	0			11 4B 28 2D 21 04 FF	ひだりをむけ	ひだりをむけ
223	223	12D1	A	92D1	9	plain	YES		0	0			15 0B 28 2D 07 27 53 2B FF	あたりをしらべろ	あたりをしらべろ
224	224	12DA	A	92DA	2	plain	YES		0	0			AB FF	まきこ	まきこ
225	225	12DC	A	92DC	2	plain	YES		0	0			A5 FF	いいじま	いいじま
226	226	12DE	A	92DE	4	plain	YES		0	0			0D 03 18 FF	つくえ	つくえ
237	237	142D	A	942D	57	plain	YES		0	0		F8,F8	00 B4 2C 2E 00 B5 73 8D 1E F8 92 78 15 41 2F 0B 0F 76 07 27 09 2D 17 04 0B 00 15 1A 0B 10 F8 E2 52 01 1E 03 2B 02 2D 0D 2A 00 44 2E 50 73 01 04 0D 04 0B 1E 4B 2F 0B 3F FF	 とうきょうわん はるみふとうに おとこの\nしたいが あがったとの しらせをうけた あなたは\nブカのくろきをつれ げんばに かけつけたのだった。	 とうきょうわん はるみふとうに おとこの\nしたいが あがったとの しらせをうけた あなたは\nブカのくろきをつれ げんばに かけつけたのだった。
238	238	1466	A	9466	7	plain	YES		0	0			64 B5 73 02 69 6F FF	くろき「はるみふとうに きましたよ。	くろき「はるみふとうに きましたよ。
239	239	146D	A	946D	5	controlled	YES		0	1	E7BB	F2	64 F2 BB E7 FF	くろき「[F2:$E7BB]	くろき「ボス。まだ どこにいったらいいのか\n[F1:$02]わかりませんが……。
240	240	1472	A	9472	8	plain	YES		0	0			64 82 73 16 02 68 71 FF	くろき「どこに いきますか？	くろき「どこに いきますか？
241	241	147A	A	947A	46	plain	YES		0	0			64 10 2F 02 28 07 0B 00 96 41 7D 27 7F 79 60 0F 28 15 18 48 00 0C 01 03 1F 4E 16 2F 0E 60 06 41 07 0B 14 17 78 16 16 0F 19 23 16 68 6F FF	くろき「はっきりした ばしょがわからないので\n[F1:$02]とりあえず ちかくまでいって\n[F1:$02]さがしたほうが いいとおもいますよ。	くろき「はっきりした ばしょがわからないので\n[F1:$02]とりあえず ちかくまでいって\n[F1:$02]さがしたほうが いいとおもいますよ。
242	242	14A8	A	94A8	10	plain	YES		0	0			64 05 05 78 B5 6C 6F 63 3F FF	くろき「ここが はるみふとうですよ。ボス。	くろき「ここが はるみふとうですよ。ボス。
243	243	14B2	A	94B2	43	plain	YES		0	0			64 90 1E 0A 17 06 75 80 00 10 47 1F 2F 0E 60 16 68 41 3E 05 1E 8C 75 0D 28 51 0F 23 16 1A 03 0E 60 06 51 07 16 0F 05 2B 6C 70 FF	くろき「けいさつのそうさは もう はじまって\n[F1:$02]いますが、このあたりは つりびともいなくて\n[F1:$02]さびしいところですね。	くろき「けいさつのそうさは もう はじまって\n[F1:$02]いますが、このあたりは つりびともいなくて\n[F1:$02]さびしいところですね。
244	244	14DD	A	94DD	39	plain	YES		0	0			64 91 75 44 2E 50 73 23 4F 29 00 6C 71 60 07 01 07 00 15 24 07 0A 17 1A 00 47 2E 52 0D 10 60 1F 2C 28 73 16 6A 6F FF	くろき「はんにんは げんばに もどる ですか？\n[F1:$02]しかし あやしそうな じんぶつは\n[F1:$02]まわりに いませんよ。	くろき「はんにんは げんばに もどる ですか？\n[F1:$02]しかし あやしそうな じんぶつは\n[F1:$02]まわりに いませんよ。
245	245	1504	A	9504	49	plain	YES		0	0			64 0A 17 06 74 20 1B 02 0E 16 29 D2 3E D3 1B 2E 1E 94 1B 60 15 0B 2F 0E 20 69 78 47 04 2E 2D 23 03 44 02 07 0B 60 94 75 16 1A 01 2F 0B 2E 6C 6F FF	くろき「そうさを みにきている[GLYPH:$D2]、[GLYPH:$D3]にんのひとに\n[F1:$02]あたってみましたが じけんをもくげきした\n[F1:$02]ひとは いなかったんですよ。	くろき「そうさを みにきている[GLYPH:$D2]、[GLYPH:$D3]にんのひとに\n[F1:$02]あたってみましたが じけんをもくげきした\n[F1:$02]ひとは いなかったんですよ。
246	246	25E4	A	A5E4	7	controlled	YES		0	2	1535,153A	F2,F2	F2 35 15 F2 3A 15 FF	[F2:$1535][F2:$153A]	くろき「では あたりにいるひとに\n[F1:$02]ききこみをしてみましょう。[F0:$A2]\n[F1:$0A][FE][F9]くろき「とくに てがかりになる はなしは\n[F1:$02]きけませんでしたよ。ボス。
247	247	153F	A	953F	10	plain	YES		0	0			64 4B 2A 74 07 27 53 68 71 FF	くろき「だれを しらべますか？	くろき「だれを しらべますか？
248	248	1549	A	9549	24	plain	YES		0	0			64 15 24 07 0A 17 1A 00 47 2E 52 0D 10 60 1F 2C 28 73 16 6A 6F 63 3F FF	くろき「あやしそうな じんぶつは\n[F1:$02]まわりに いませんよ。ボス。	くろき「あやしそうな じんぶつは\n[F1:$02]まわりに いませんよ。ボス。
249	249	1561	A	9561	49	plain	YES		0	0			64 01 2A 75 0C 01 03 1E E3 0A 17 05 4E 00 10 0B 27 16 0E 16 29 60 94 6C 3F 01 2A 2D 8B 17 26 28 00 1F 48 60 95 76 20 23 0F 74 07 27 53 7F 0F 72 FF	くろき「かれは ちかくのソウコで はたらいている\n[F1:$02]ひとです。かれをうたがうより まず\n[F1:$02]ひがいしゃの みもとを しらべないと……。	くろき「かれは ちかくのソウコで はたらいている\n[F1:$02]ひとです。かれをうたがうより まず\n[F1:$02]ひがいしゃの みもとを しらべないと……。
250	250	1592	A	9592	10	plain	YES		0	0			64 4B 2A 74 06 41 07 68 71 FF	くろき「だれを さがしますか？	くろき「だれを さがしますか？
251	251	159C	A	959C	37	plain	YES		0	0			64 92 74 10 2F 04 2E 07 0B 1E 10 60 01 16 41 2E 74 93 59 07 0E 16 0B 60 0B 01 1E 93 0F 16 17 00 94 6C 41 3F FF	くろき「したいを はっけんしたのは\n[F1:$02]かいがんを さんぽしていた\n[F1:$02]たかのさんという ひとですが。	くろき「したいを はっけんしたのは\n[F1:$02]かいがんを さんぽしていた\n[F1:$02]たかのさんという ひとですが。
252	252	15C1	A	95C1	32	plain	YES		0	0			64 18 18 00 91 2D 06 41 08 1E 78 2C 2A 2C 2A 1E 60 07 45 0F 6C 3F 4E 23 00 4F 17 24 2F 0E 36 FF	くろき「ええ はんにんをさがすのが われわれの\n[F1:$02]しごとです。でも どうやって？	くろき「ええ はんにんをさがすのが われわれの\n[F1:$02]しごとです。でも どうやって？
253	253	15E1	A	95E1	9	plain	YES		0	0			64 84 74 07 27 53 68 71 FF	くろき「なにを しらべますか？	くろき「なにを しらべますか？
254	254	15EA	A	95EA	15	plain	YES		0	0			64 7B 82 74 07 27 53 29 2E 6C 01 3E 63 36 FF	くろき「え？ どこを しらべるんですか、ボス？	くろき「え？ どこを しらべるんですか、ボス？
255	255	15F9	A	95F9	11	plain	YES		0	0			64 15 15 00 05 05 6C 1D 36 62 FF	くろき「ああ ここですね？\n[F1:$0A][FE][F9]	くろき「ああ ここですね？\n[F1:$0A][FE][F9]
256	256	25EB	A	A5EB	8	controlled	YES		0	2	1604,161C	F2,F2	F2 04 16 62 F2 1C 16 FF	[F2:$1604]\n[F1:$0A][FE][F9][F2:$161C]	[FC:$07]わはは くすぐったいでねえの。\n[F1:$02]やめてけれ。\n[F1:$0A][FE][F9]くろき「おかしなものは もってませんよ。
257	257	25F3	A	A5F3	8	controlled	YES		0	2	162A,161C	F2,F2	F2 2A 16 62 F2 1C 16 FF	[F2:$162A]\n[F1:$0A][FE][F9][F2:$161C]	けいかん「ほんかんに なにをするきですか？\nくろき「キミ がまんしなさい。\n[F1:$02][F3] けいぶの めいれいだからね。\n[F1:$0A][FE][F9]くろき「おかしなものは もってませんよ。
258	258	1659	A	9659	50	controlled	YES		0	0		FB	64 95 75 D5 D0 06 16 03 27 16 1E 8D 4E 60 21 1D 2D E4 56 08 0F 29 4E 17 0B 2A 0E 16 68 3F 60 07 45 D4 3E D5 FB 73 0F 00 16 2F 0B 0F 05 2B 6E 01 3F FF	くろき「ひがいしゃは [GLYPH:$D5][GLYPH:$D0]さいくらいのおとこで\n[F1:$02]むねをピストルでうたれています。\n[F1:$02]しご[GLYPH:$D4]、[GLYPH:$D5][FB:$73]と いったところでしょうか。	くろき「ひがいしゃは [GLYPH:$D5][GLYPH:$D0]さいくらいのおとこで\n[F1:$02]むねをピストルでうたれています。\n[F1:$02]しご[GLYPH:$D4]、[GLYPH:$D5][FB:$73]と いったところでしょうか。
259	259	168B	A	968B	29	plain	YES		1	0			64 07 27 53 0E 20 69 78 0E 41 01 28 1B 1A 29 86 1A 60 23 1E 75 20 0D 01 28 6A 6D 3F FF	くろき「しらべてみましたが てがかりになるような\n[F1:$02]ものは みつかりませんでした。	くろき「しらべてみましたが てがかりになるような\n[F1:$02]ものは みつかりませんでした。
260	260	16A8	A	96A8	48	plain	YES		0	0			64 95 75 17 20 73 1A 44 05 1F 2A 0E 60 16 1F 07 0B 41 3E 0C 32 03 09 0D 76 07 16 2E 75 21 1D 1B 60 17 0C 05 1F 2A 0B E4 4B 2E 41 2E 00 6E 3F FF	くろき「ひがいしゃは うみに なげこまれて\n[F1:$02]いましたが、ちょくせつの しいんは むねに\n[F1:$02]うちこまれたダンガン でしょう。	くろき「ひがいしゃは うみに なげこまれて\n[F1:$02]いましたが、ちょくせつの しいんは むねに\n[F1:$02]うちこまれたダンガン でしょう。
261	261	16D8	A	96D8	27	plain	YES		0	0			64 89 20 23 0F 74 07 32 17 22 16 08 29 86 1A 60 23 1E 75 23 2F 0E 16 6A 41 72 FF	くろき「とくに みもとを しょうめいするような\n[F1:$02]ものは もっていませんが……。	くろき「とくに みもとを しょうめいするような\n[F1:$02]ものは もっていませんが……。
262	262	16F3	A	96F3	21	plain	YES		0	0			64 19 24 00 E4 59 04 2F 0F 01 27 00 98 41 60 4E 0E 02 69 3F FF	くろき「おや ポケットから チラシが\n[F1:$02]でてきました。	くろき「おや ポケットから チラシが\n[F1:$02]でてきました。
263	263	1708	A	9708	14	plain	YES		0	0			64 80 00 84 23 00 23 2F 0E 7F 85 6C 6F FF	くろき「もう なにも もってないみたいですよ。	くろき「もう なにも もってないみたいですよ。
264	264	1716	A	9716	27	plain	YES		0	0			64 E5 02 30 50 2A 33 39 B6 0F 7E 68 3F 60 16 0C 19 17 00 23 2F 0E 19 02 68 3F FF	くろき「キャバレー・ルブランとあります。\n[F1:$02]いちおう もっておきます。	くろき「キャバレー・ルブランとあります。\n[F1:$02]いちおう もっておきます。
265	265	1731	A	9731	8	plain	YES		0	0			64 84 74 0F 28 68 71 FF	くろき「なにを とりますか？	くろき「なにを とりますか？
266	266	1739	A	9739	30	plain	YES		0	0			64 63 3F 92 75 01 2E 07 02 1B 00 1F 2C 06 2A 68 3F 60 0F 29 2C 04 1B 75 16 01 7F 6E 3F FF	くろき「ボス。したいは かんしきに まわされます。\n[F1:$02]とるわけには いかないでしょう。	くろき「ボス。したいは かんしきに まわされます。\n[F1:$02]とるわけには いかないでしょう。
267	267	1757	A	9757	16	plain	YES		0	0			64 18 18 00 98 75 08 4E 73 23 2F 0E 16 68 3F FF	くろき「ええ チラシは すでに もっています。	くろき「ええ チラシは すでに もっています。
268	268	25FB	A	A5FB	8	controlled	YES		0	2	1767,1796	F2,F2	F2 67 17 62 F2 96 17 FF	[F2:$1767]\n[F1:$0A][FE][F9][F2:$1796]	くろき「なるほど。したいの かおじゃしんを\n[F1:$02]とっておいて、それをいろんなひとに\n[F1:$02]みせて ききこみするわけですね。\n[F1:$0A][FE][F9]くろき「では とります。
269	269	179D	A	979D	5	controlled	YES		0	1	E8BD	F2	64 F2 BD E8 FF	くろき「[F2:$E8BD]	くろき「もう このひとのしゃしんは\n[F1:$02]とってあります。
270	270	17A2	A	97A2	26	controlled	YES		0	1	E83E	F2	64 81 3E 07 32 17 05 1B 1A 29 F2 3E E8 10 60 84 23 00 23 2F 0E 16 6A 41 72 FF	くろき「まだ、しょうこになる[F2:$E83E]は\n[F1:$02]なにも もっていませんが……。	くろき「まだ、しょうこになるようなものは\n[F1:$02]なにも もっていませんが……。
271	271	17BC	A	97BC	17	plain	YES		0	0			64 05 2A 78 23 0C 23 1E 6C 3F 60 83 74 20 68 71 FF	くろき「これが もちものです。\n[F1:$02]どれを みますか？	くろき「これが もちものです。\n[F1:$02]どれを みますか？
272	272	17CD	A	97CD	39	plain	YES		0	0			64 63 3F 05 1E 98 1B 75 9D 50 2E 45 17 41 60 01 16 0E 7E 69 3F 60 D0 D3 33 D4 D0 D6 33 D7 D1 D6 D6 0F 00 7E 68 3F FF	くろき「ボス。このチラシには でんわばんごうが\n[F1:$02]かいてありました。\n[F1:$02][GLYPH:$D0][GLYPH:$D3]ー[GLYPH:$D4][GLYPH:$D0][GLYPH:$D6]ー[GLYPH:$D7][GLYPH:$D1][GLYPH:$D6][GLYPH:$D6]と あります。	くろき「ボス。このチラシには でんわばんごうが\n[F1:$02]かいてありました。\n[F1:$02][GLYPH:$D0][GLYPH:$D3]ー[GLYPH:$D4][GLYPH:$D0][GLYPH:$D6]ー[GLYPH:$D7][GLYPH:$D1][GLYPH:$D6][GLYPH:$D6]と あります。
273	273	17F4	A	97F4	8	controlled	YES		0	2	E8CD,DADB	F2,F2	64 F2 CD E8 F2 DB DA FF	くろき「[F2:$E8CD][F2:$DADB]	くろき「これが そうですが……。\n[F1:$0A][FE][F9][F5:$11,$03]
274	274	17FC	A	97FC	45	plain	YES		0	0			64 2C 46 2C 46 00 0A 2E 1A 23 76 B3 1A 03 0E 23 60 05 05 1B 16 29 94 0B 0C 1B 75 2C 2A 2C 2A 41 60 8F 4B 2F 0E 00 7D 2F 0E 16 68 6F FF	くろき「わざわざ そんなもの みせなくても\n[F1:$02]ここにいるひとたちには われわれが\n[F1:$02]けいじだって わかっていますよ。	くろき「わざわざ そんなもの みせなくても\n[F1:$02]ここにいるひとたちには われわれが\n[F1:$02]けいじだって わかっていますよ。
275	275	263C	A	A63C	7	controlled	YES		0	2	1829,1833	F2,F2	F2 29 18 F2 33 18 FF	[F2:$1829][F2:$1833]	くろき「では ちょっと みせてきます。\n[F1:$0A][FE][F9]くろき「とくに しってるひとは\n[F1:$02]いませんでした。
276	276	1841	A	9841	9	plain	YES		0	0			64 4B 2A 74 26 51 68 71 FF	くろき「だれを よびますか？	くろき「だれを よびますか？
277	277	184A	A	984A	25	plain	YES		0	0			64 81 00 20 23 0F 78 7D 2F 0E 7F 79 60 01 4A 03 78 82 1B 16 29 1E 01 72 FF	くろき「まだ みもとが わかってないので\n[F1:$02]かぞくが どこにいるのか……。	くろき「まだ みもとが わかってないので\n[F1:$02]かぞくが どこにいるのか……。
278	278	2603	A	A603	4	controlled	YES		0	1	1863	F2	F2 63 18 FF	[F2:$1863]	くろき「ちょっと たかのさん！\n[F1:$0A][FE][F9]
279	279	1905	A	9905	11	plain	NO	F2_INTERIOR	0	0			64 1A 2E 50 2E 73 01 04 68 71 FF	くろき「なんばんに かけますか？	くろき「なんばんに かけますか？
280	280	1910	A	9910	5	controlled	YES		0	1	E881	F2	64 F2 81 E8 FF	くろき「[F2:$E881]	くろき「あれ。はなしちゅう みたいですね。
281	281	1915	A	9915	53	plain	NO	PTR_INTERIOR	0	0			67 19 01 04 1B 1A 2F 0B 00 50 2E 45 17 75 44 2E 46 16 00 07 86 60 06 2A 0E 19 28 6A 3F 50 2E 45 17 74 26 03 0B 07 01 22 60 19 01 04 1A 19 07 03 4B 06 16 3F FF	＊「おかけになった ばんごうは げんざい しよう\n[F1:$02]されておりません。ばんごうを よくたしかめ\n[F1:$02]おかけなおしください。	＊「おかけになった ばんごうは げんざい しよう\n[F1:$02]されておりません。ばんごうを よくたしかめ\n[F1:$02]おかけなおしください。
282	282	1949	A	9949	1	plain	YES		0	0			FF		
283	283	2607	A	A607	19	controlled	YES		0	2	E8D6,E8E2	F2,F2	F2 D6 E8 B4 1B 60 8D 1E 92 78 15 41 2F 0B 36 F2 E2 E8 FF	[F2:$E8D6]とうきょうに\n[F1:$02]おとこのしたいが あがった？[F2:$E8E2]	けいさつ「はい [GLYPH:$D1][GLYPH:$D1][GLYPH:$D0]です！ とうきょうに\n[F1:$02]おとこのしたいが あがった？\n[F1:$0A][FE][F9]けいさつ「ああ そのじけんでしたら もう けいさつが。\n[F1:$02]え？ なに？ あなたが そのけいじ？\n[F1:$02]ふざけないでくださいよ！
284	284	261A	A	A61A	12	controlled	YES		0	3	194A,1976,19A6	F2,F2,F2	F2 4A 19 62 F2 76 19 62 F2 A6 19 FF	[F2:$194A]\n[F1:$0A][FE][F9][F2:$1976]\n[F1:$0A][FE][F9][F2:$19A6]	おとこ「はい ルブランですが……。え？ けいさつ？\n[F1:$02]でもうちは めいろうかいけいが モットーで\n[F1:$02]やましいことは なにも……。\n[F1:$0A][FE][F9]おとこ「え？ さつじんじけん？ ころされたひとが\n[F1:$02]うちのビラを もってた？\n[F1:$02]そんなこと いわれてもねえ……。\n[F1:$0A][FE][F9]おとこ「はあ……。みせは たかだのばばの\n[F1:$02]さかえどおり ですが。でもうちとは\n[F1:$02]かんけいないと おもいますよ。
285	285	2626	A	A626	22	controlled	YES		0	2	1976,19A6	F2,F2	8D 3A 10 16 00 E4 29 52 27 2E 6C 41 72 62 F2 76 19 62 F2 A6 19 FF	おとこ「はい ルブランですが……。\n[F1:$0A][FE][F9][F2:$1976]\n[F1:$0A][FE][F9][F2:$19A6]	おとこ「はい ルブランですが……。\n[F1:$0A][FE][F9]おとこ「え？ さつじんじけん？ ころされたひとが\n[F1:$02]うちのビラを もってた？\n[F1:$02]そんなこと いわれてもねえ……。\n[F1:$0A][FE][F9]おとこ「はあ……。みせは たかだのばばの\n[F1:$02]さかえどおり ですが。でもうちとは\n[F1:$02]かんけいないと おもいますよ。
286	286	19D1	A	99D1	28	plain	YES		0	0			66 10 16 00 23 07 23 07 3F 7B 90 36 60 16 0B 48 27 9D 75 24 22 0E 03 4B 06 16 35 FF	＊「はい もしもし。え？ けいさつ？\n[F1:$02]いたずらでんわは やめてください！	＊「はい もしもし。え？ けいさつ？\n[F1:$02]いたずらでんわは やめてください！
287	287	19ED	A	99ED	42	plain	YES		0	0			67 15 2F 3E 20 2F 0C 30 2E 36 00 2C 0B 07 26 35 00 15 1E 1D 3E 60 01 2A 2F 0B 27 1D 2F 3D 3D 72 7B 90 36 60 24 4B 15 33 35 FF	＊「あっ、みっちゃん？ わたしよ！ あのね、\n[F1:$02]かれったらねっ…………。え？ けいさつ？\n[F1:$02]やだあー！	＊「あっ、みっちゃん？ わたしよ！ あのね、\n[F1:$02]かれったらねっ…………。え？ けいさつ？\n[F1:$02]やだあー！
288	288	1A17	A	9A17	9	controlled	YES		0	2	ED43,ED4E	F2,F8,F2	F2 43 ED F8 64 F2 4E ED FF	[F2:$ED43]\nくろき「[F2:$ED4E]	＊「…………………………。\nくろき「あれ？ きれちゃいました。
289	289	1A20	A	9A20	48	controlled	YES		0	0		F4	66 10 16 00 23 07 23 07 00 F4 6C 41 3F 60 10 15 36 00 06 0D 47 2E 47 04 2E 36 00 0A 2A 75 0B 16 13 2E 60 6C 70 41 2E 50 2F 0E 03 4B 06 16 70 FF	＊「はい もしもし [F4]ですが。\n[F1:$02]はあ？ さつじんじけん？ それは たいへん\n[F1:$02]ですね。がんばってくださいね。	＊「はい もしもし [F4]ですが。\n[F1:$02]はあ？ さつじんじけん？ それは たいへん\n[F1:$02]ですね。がんばってくださいね。
290	290	1A50	A	9A50	7	plain	NO	F2_INTERIOR	0	0			64 4E 7F 85 6C 70 FF	くろき「でないみたいですね。	くろき「でないみたいですね。
291	291	1A57	A	9A57	12	plain	YES		0	0			64 06 01 18 4F 19 28 73 02 69 6F FF	くろき「さかえどおりに きましたよ。	くろき「さかえどおりに きましたよ。
292	292	1A63	A	9A63	15	plain	YES		0	0			64 05 05 78 06 01 18 4F 19 28 6C 6F 63 3F FF	くろき「ここが さかえどおりですよ。ボス。	くろき「ここが さかえどおりですよ。ボス。
293	293	1A72	A	9A72	22	plain	YES		0	0			64 0B 07 77 05 1E 8C 4B 0F 00 16 2F 0E 69 26 70 60 82 4B 2B 36 FF	くろき「たしか このあたりだと いってましたよね。\n[F1:$02]どこだろ？	くろき「たしか このあたりだと いってましたよね。\n[F1:$02]どこだろ？
294	294	1A88	A	9A88	10	plain	YES		0	0			64 82 73 15 29 1E 6E 01 72 FF	くろき「どこに あるのでしょうか……。	くろき「どこに あるのでしょうか……。
295	295	1A92	A	9A92	28	plain	YES		0	0			64 05 1E 8C 75 E5 02 30 50 2A 33 1A 4F 78 1A 27 52 60 10 2E 01 41 16 00 85 6C 70 FF	くろき「このあたりは キャバレーなどが ならぶ\n[F1:$02]はんかがい みたいですね。	くろき「このあたりは キャバレーなどが ならぶ\n[F1:$02]はんかがい みたいですね。
296	296	1AAE	A	9AAE	26	plain	YES		0	0			64 63 3F 15 1F 28 E6 02 32 2B 02 32 2B 07 0E 16 29 0F 60 E2 50 01 85 6C 6F FF	くろき「ボス。あまりキョロキョロしていると\n[F1:$02]バカみたいですよ。	くろき「ボス。あまりキョロキョロしていると\n[F1:$02]バカみたいですよ。
297	297	1AC8	A	9AC8	33	plain	YES		1	0			64 63 3F B6 1E 96 78 7D 28 69 3F 60 05 1E 8C 7A 1A 01 1A 77 11 32 17 50 2E 1E 60 B3 00 85 6C 70 FF	くろき「ボス。ルブランのばしょが わかりました。\n[F1:$02]このあたりでは なかなか ひょうばんの\n[F1:$02]みせ みたいですね。	くろき「ボス。ルブランのばしょが わかりました。\n[F1:$02]このあたりでは なかなか ひょうばんの\n[F1:$02]みせ みたいですね。
298	298	2643	A	A643	7	controlled	YES		0	2	1535,1AE9	F2,F2	F2 35 15 F2 E9 1A FF	[F2:$1535][F2:$1AE9]	くろき「では あたりにいるひとに\n[F1:$02]ききこみをしてみましょう。[F0:$A2]\n[F1:$0A][FE][F9]くろき「ボス。たかだりょかんのばしょが\n[F1:$02]わかりました。
299	299	1AF9	A	9AF9	30	plain	YES		0	0			64 0F 19 28 1E 1A 1F 18 78 01 16 0E 15 29 4B 04 6C 3F 60 89 8A 0F 05 2B 75 7E 6A 41 3F FF	くろき「とおりのなまえが かいてあるだけです。\n[F1:$02]とくに かわったところは ありませんが。	くろき「とおりのなまえが かいてあるだけです。\n[F1:$02]とくに かわったところは ありませんが。
300	300	1B17	A	9B17	21	controlled	YES		0	1	E87A	F2	64 F2 7A E8 74 16 2B 16 2B 00 07 27 53 0E 23 60 21 4B 6C 6F FF	くろき「[F2:$E87A]を いろいろ しらべても\n[F1:$02]むだですよ。	くろき「こんなところを いろいろ しらべても\n[F1:$02]むだですよ。
301	301	1B2C	A	9B2C	19	plain	NO	F2_INTERIOR	0	0			64 05 05 1B 75 0F 29 86 1A 23 1E 10 60 20 8C 6A 41 72 FF	くろき「ここには とるようなものは\n[F1:$02]みあたりませんが……。	くろき「ここには とるようなものは\n[F1:$02]みあたりませんが……。
302	302	1B3F	A	9B3F	20	controlled	YES		0	1	E87A	F2	64 F2 7A E8 1E 99 74 0F 2F 0E 60 4F 17 08 29 02 00 6C 71 FF	くろき「[F2:$E87A]のしゃしんを とって\n[F1:$02]どうするき ですか？	くろき「こんなところのしゃしんを とって\n[F1:$02]どうするき ですか？
303	303	1B53	A	9B53	42	plain	YES		0	0			64 E2 51 27 03 50 28 4E 23 00 15 29 1F 16 07 60 0A 2E 1A 00 0E 8C 07 4B 16 73 A2 2D 60 B3 0B 27 00 17 2A 07 41 28 85 6C 6F FF	くろき「ビラくばりでも あるまいし\n[F1:$02]そんな てあたりしだいに てちょうを\n[F1:$02]みせたら うれしがりみたいですよ。	くろき「ビラくばりでも あるまいし\n[F1:$02]そんな てあたりしだいに てちょうを\n[F1:$02]みせたら うれしがりみたいですよ。
304	304	2651	A	A651	7	controlled	YES		0	2	1829,1AC8	F2,F2	F2 29 18 F2 C8 1A FF	[F2:$1829][F2:$1AC8]	くろき「では ちょっと みせてきます。\n[F1:$0A][FE][F9]くろき「ボス。ルブランのばしょが わかりました。\n[F1:$02]このあたりでは なかなか ひょうばんの\n[F1:$02]みせ みたいですね。
305	305	264A	A	A64A	7	controlled	YES		0	2	1829,153A	F2,F2	F2 29 18 F2 3A 15 FF	[F2:$1829][F2:$153A]	くろき「では ちょっと みせてきます。\n[F1:$0A][FE][F9]くろき「とくに てがかりになる はなしは\n[F1:$02]きけませんでしたよ。ボス。
306	306	1B7D	A	9B7D	33	controlled	YES		0	1	E87A	F2	64 01 2A 75 10 29 20 1E 0C 01 03 73 08 2E 4E 16 68 3F 60 F2 7A E8 1F 4E 00 02 0E 03 2A 7F 6E 3F FF	くろき「かれは はるみのちかくに すんでいます。\n[F1:$02][F2:$E87A]まで きてくれないでしょう。	くろき「かれは はるみのちかくに すんでいます。\n[F1:$02]こんなところまで きてくれないでしょう。
307	307	1B9E	A	9B9E	26	controlled	YES		0	2	ED5A,ED5F	F8,F2,F2	64 B6 73 02 69 6F F8 F2 5A ED 15 2F 3E 16 27 2F 07 30 16 1F 09 35 F2 5F ED FF	くろき「ルブランに きましたよ。\n[F2:$ED5A]あっ、いらっしゃいませ！[F2:$ED5F]	くろき「ルブランに きましたよ。\nおとこ「[F0:$81]あっ、いらっしゃいませ！[F0:$82]
308	308	1BB8	A	9BB8	25	plain	YES		0	0			64 26 51 05 20 76 8D 41 16 68 3F 60 05 05 78 B6 1E 16 28 43 0C 85 6C 70 FF	くろき「よびこみの おとこがいます。\n[F1:$02]ここが ルブランのいりぐちみたいですね。	くろき「よびこみの おとこがいます。\n[F1:$02]ここが ルブランのいりぐちみたいですね。
309	309	2658	A	A658	7	controlled	YES		0	2	1BD1,1BE9	F2,F2	F2 D1 1B F2 E9 1B FF	[F2:$1BD1][F2:$1BE9]	くろき「ちょっと さつじんじけんの ことで\n[F1:$02]ききたいんですがね。\n[F1:$0A][FE][F9]おとこ「[F0:$81]さあ わたしのしりあいには\n[F1:$02]ひとごろしをするような ひとは\n[F1:$02]いないと おもいますが……。[F0:$82]
310	310	265F	A	A65F	7	controlled	YES		0	2	1BD1,1C14	F2,F2	F2 D1 1B F2 14 1C FF	[F2:$1BD1][F2:$1C14]	くろき「ちょっと さつじんじけんの ことで\n[F1:$02]ききたいんですがね。\n[F1:$0A][FE][F9]おとこ「[F0:$81]さあ。ころされるような ひとにも\n[F1:$02]こころあたりが ありませんが……。[F0:$82]
311	311	2666	A	A666	7	controlled	YES		0	2	1BD1,1C33	F2,F2	F2 D1 1B F2 33 1C FF	[F2:$1BD1][F2:$1C33]	くろき「ちょっと さつじんじけんの ことで\n[F1:$02]ききたいんですがね。\n[F1:$0A][FE][F9]おとこ「[F0:$81]え？ さいきん うちのみせにきた ひとで\n[F1:$02]あやしいじんぶつですか？ でも おきゃくの\n[F1:$02]ひとりひとりのことまでは おぼえてないですよ。[F0:$82]
312	312	1C6F	A	9C6F	17	controlled	YES		0	1	E865	F2	64 05 76 8D 74 07 27 53 29 2E 6C 70 60 F2 65 E8 FF	くろき「この おとこを しらべるんですね。\n[F1:$02][F2:$E865]	くろき「この おとこを しらべるんですね。\n[F1:$02]でも とくに あやしいじんぶつには\n[F1:$02]みえませんが……。
313	313	1C80	A	9C80	26	controlled	YES		0	1	E88D	F2	64 63 3F F2 8D E8 4B 2A 2D 06 41 07 0E 60 16 16 1E 24 27 72 05 1F 28 69 70 FF	くろき「ボス。[F2:$E88D]だれをさがして\n[F1:$02]いいのやら……。こまりましたね。	くろき「ボス。いったい だれをさがして\n[F1:$02]いいのやら……。こまりましたね。
314	314	1C9A	A	9C9A	24	plain	YES		0	0			64 1A 01 75 01 1A 28 03 27 16 85 6C 70 60 63 3F 10 16 2F 0E 20 68 71 FF	くろき「なかは かなりくらいみたいですね。\n[F1:$02]ボス。はいってみますか？	くろき「なかは かなりくらいみたいですね。\n[F1:$02]ボス。はいってみますか？
315	315	266D	A	A66D	7	controlled	YES		0	2	1CB2,168B	F2,F2	F2 B2 1C F2 8B 16 FF	[F2:$1CB2][F2:$168B]	くろき「わかりました。では ちょっと みてきます。\n[F1:$0A][FE][F9]くろき「しらべてみましたが てがかりになるような\n[F1:$02]ものは みつかりませんでした。
316	316	1CC0	A	9CC0	36	controlled	YES		0	2	ED5A,ED5F	F2,F2	F2 5A ED E3 01 22 27 2D 21 04 29 1E 75 24 22 0E 03 4B 06 16 6F 60 19 16 3E 24 22 2B 2F 0B 27 35 F2 5F ED FF	[F2:$ED5A]カメラをむけるのは やめてくださいよ。\n[F1:$02]おい、やめろったら！[F2:$ED5F]	おとこ「[F0:$81]カメラをむけるのは やめてくださいよ。\n[F1:$02]おい、やめろったら！[F0:$82]
317	317	1CE4	A	9CE4	4	controlled	YES		0	1	E942	F2	F2 42 E9 FF	[F2:$E942]	くろき「ちょっと これを みてくれますか？\n[F1:$0A][FE][F9]
318	318	1CE8	A	9CE8	23	controlled	YES		0	3	E942,ED5A,ED5F	F2,F2,F2	F2 42 E9 F2 5A ED 19 2F 3E 05 28 30 3E 90 1E 01 0B 4E 72 F2 5F ED FF	[F2:$E942][F2:$ED5A]おっ、こりゃ、けいさつのかたで……。[F2:$ED5F]	くろき「ちょっと これを みてくれますか？\n[F1:$0A][FE][F9]おとこ「[F0:$81]おっ、こりゃ、けいさつのかたで……。[F0:$82]
319	319	1CFF	A	9CFF	48	controlled	YES		0	3	E942,ED5A,ED5F	F2,F2,F2	F2 42 E9 F2 5A ED 24 4B 1A 15 3F 16 1F 06 27 00 0A 2E 1A 23 1E B3 0E 60 94 22 20 0B 0F 02 01 27 00 8F 93 4B 2F 0E 60 7D 2F 0E 68 6F F2 5F ED FF	[F2:$E942][F2:$ED5A]やだなあ。いまさら そんなものみせて\n[F1:$02]ひとめみたときから けいじさんだって\n[F1:$02]わかってますよ。[F2:$ED5F]	くろき「ちょっと これを みてくれますか？\n[F1:$0A][FE][F9]おとこ「[F0:$81]やだなあ。いまさら そんなものみせて\n[F1:$02]ひとめみたときから けいじさんだって\n[F1:$02]わかってますよ。[F0:$82]
320	320	1D2F	A	9D2F	26	controlled	YES		0	3	E942,ED5A,ED5F	F2,F2,F2	F2 42 E9 F2 5A ED 0A 2A 75 0B 07 01 73 17 0C 1E B3 1E 98 6C 41 3F F2 5F ED FF	[F2:$E942][F2:$ED5A]それは たしかに うちのみせのチラシですが。[F2:$ED5F]	くろき「ちょっと これを みてくれますか？\n[F1:$0A][FE][F9]おとこ「[F0:$81]それは たしかに うちのみせのチラシですが。[F0:$82]
321	321	1D49	A	9D49	41	controlled	YES		0	2	E942,DADB	F2,F2	F2 42 E9 8D 3A 15 15 00 05 1E 94 1A 27 00 19 54 18 0E 68 3F 60 0B 07 77 E2 29 1A 0C 30 2E 78 0D 16 0B 94 4B 3F F2 DB DA FF	[F2:$E942]おとこ「ああ このひとなら おぼえてます。\n[F1:$02]たしか ルナちゃんが ついたひとだ。[F2:$DADB]	くろき「ちょっと これを みてくれますか？\n[F1:$0A][FE][F9]おとこ「ああ このひとなら おぼえてます。\n[F1:$02]たしか ルナちゃんが ついたひとだ。\n[F1:$0A][FE][F9][F5:$11,$03]
322	322	1D72	A	9D72	24	controlled	YES		0	2	ED5A,ED5F	F2,F2	F2 5A ED E2 29 1A 0C 30 2E 1A 27 00 B3 1E 1A 01 73 16 68 6F F2 5F ED FF	[F2:$ED5A]ルナちゃんなら みせのなかに いますよ。[F2:$ED5F]	おとこ「[F0:$81]ルナちゃんなら みせのなかに いますよ。[F0:$82]
323	323	1D8A	A	9D8A	25	plain	YES		0	0			64 05 05 1B 75 9D 78 20 8C 6A 3F 60 16 0C 4F 00 05 05 2D 10 1A 2A 68 71 FF	くろき「ここには でんわが みあたりません。\n[F1:$02]いちど ここをはなれますか？	くろき「ここには でんわが みあたりません。\n[F1:$02]いちど ここをはなれますか？
324	324	1DA3	A	9DA3	29	controlled	YES		0	2	ED62,ED6A	F2,F2	F2 62 ED 05 2E 50 2E 75 E3 15 04 20 4E 33 08 3F 60 26 2B 07 03 70 17 12 34 F2 6A ED FF	[F2:$ED62]こんばんは アケミでーす。\n[F1:$02]よろしくね。うふ[GLYPH:$34][F2:$ED6A]	アケミ「[F0:$81]こんばんは アケミでーす。\n[F1:$02]よろしくね。うふ[GLYPH:$34][F0:$82]
325	325	1DC0	A	9DC0	34	controlled	YES		0	2	ED62,ED6A	F2,F2	F2 62 ED 1F 0B 00 02 0E 03 2A 0B 1E 36 60 E3 15 04 20 00 0F 2F 0E 23 00 17 2A 07 16 2C 35 F2 6A ED FF	[F2:$ED62]また きてくれたの？\n[F1:$02]アケミ とっても うれしいわ！[F2:$ED6A]	アケミ「[F0:$81]また きてくれたの？\n[F1:$02]アケミ とっても うれしいわ！[F0:$82]
326	326	1DE2	A	9DE2	27	controlled	YES		0	2	ED62,ED6A	F2,F2	F2 62 ED 15 27 00 1F 0B 02 0B 1E 36 60 1D 18 00 80 00 01 18 2F 0E 6F F2 6A ED FF	[F2:$ED62]あら またきたの？\n[F1:$02]ねえ もう かえってよ。[F2:$ED6A]	アケミ「[F0:$81]あら またきたの？\n[F1:$02]ねえ もう かえってよ。[F0:$82]
327	327	2674	A	A674	8	controlled	YES		0	2	1DFD,1E10	F2,F2	F2 FD 1D 62 F2 10 1E FF	[F2:$1DFD]\n[F1:$0A][FE][F9][F2:$1E10]	くろき「とくに きになるような ところは\n[F1:$02]ありませんが……。\n[F1:$0A][FE][F9]アケミ「[F0:$81]ねえ なに キョロキョロしているの？[F0:$82]
328	328	267C	A	A67C	8	controlled	YES		0	2	1DFD,1E29	F2,F2	F2 FD 1D 62 F2 29 1E FF	[F2:$1DFD]\n[F1:$0A][FE][F9][F2:$1E29]	くろき「とくに きになるような ところは\n[F1:$02]ありませんが……。\n[F1:$0A][FE][F9]アケミ「[F0:$81]あたりまえよ！ もう かえったら？[F0:$82]
329	329	2684	A	A684	7	controlled	YES		0	2	1BD1,1E3E	F2,F2	F2 D1 1B F2 3E 1E FF	[F2:$1BD1][F2:$1E3E]	くろき「ちょっと さつじんじけんの ことで\n[F1:$02]ききたいんですがね。\n[F1:$0A][FE][F9]アケミ「[F0:$81]なあに それ？\n[F1:$02]あなたたち けいじさん？ うそでしょ。[F0:$82]
330	330	268B	A	A68B	7	controlled	YES		0	2	1BD1,1E5C	F2,F2	F2 D1 1B F2 5C 1E FF	[F2:$1BD1][F2:$1E5C]	くろき「ちょっと さつじんじけんの ことで\n[F1:$02]ききたいんですがね。\n[F1:$0A][FE][F9]アケミ「[F0:$81]ねえ そんなことより もっと\n[F1:$02]たのしい おはなし しましょうよ。[F0:$82]
331	331	2692	A	A692	7	controlled	YES		0	2	1BD1,1E7D	F2,F2	F2 D1 1B F2 7D 1E FF	[F2:$1BD1][F2:$1E7D]	くろき「ちょっと さつじんじけんの ことで\n[F1:$02]ききたいんですがね。\n[F1:$0A][FE][F9]アケミ「[F0:$81]そんなこと きかれたって しらないわ！[F0:$82]
332	332	2699	A	A699	7	controlled	YES		0	2	1BD1,1E96	F2,F2	F2 D1 1B F2 96 1E FF	[F2:$1BD1][F2:$1E96]	くろき「ちょっと さつじんじけんの ことで\n[F1:$02]ききたいんですがね。\n[F1:$0A][FE][F9]アケミ「[F0:$81]もう いや！ かえってよ！[F0:$82]
333	333	26A0	A	A6A0	11	controlled	YES		0	3	1EA9,1EC5,161C	F2,F2,F2	F2 A9 1E F2 C5 1E 62 F2 1C 16 FF	[F2:$1EA9][F2:$1EC5]\n[F1:$0A][FE][F9][F2:$161C]	くろき「アケミちゃんとか いったね。\n[F1:$02]ちょっと しらべさせてもらうよ。\n[F1:$0A][FE][F9]アケミ「[F0:$81]うふっ、くすぐったいわ。\n[F1:$02]もう ゆるして……。[F0:$82]\n[F1:$0A][FE][F9]くろき「おかしなものは もってませんよ。
334	334	26B3	A	A6B3	7	controlled	YES		0	2	1EA9,1EE0	F2,F2	F2 A9 1E F2 E0 1E FF	[F2:$1EA9][F2:$1EE0]	くろき「アケミちゃんとか いったね。\n[F1:$02]ちょっと しらべさせてもらうよ。\n[F1:$0A][FE][F9]アケミ「[F0:$81]いや！ さわらないでよ！[F0:$82]
335	335	26AB	A	A6AB	8	controlled	YES		0	2	1EC5,1EF2	F2,F2	F2 C5 1E 62 F2 F2 1E FF	[F2:$1EC5]\n[F1:$0A][FE][F9][F2:$1EF2]	アケミ「[F0:$81]うふっ、くすぐったいわ。\n[F1:$02]もう ゆるして……。[F0:$82]\n[F1:$0A][FE][F9]くろき「いや ゆるさないよ。\n[F1:$02]ほら コチョコチョ コチョ。\nアケミ「[F0:$81]きゃはははは……。[F0:$82]
336	336	1F1A	A	9F1A	32	controlled	YES		0	2	ED62,ED6A	F2,F8,F2	F2 62 ED 02 30 33 00 E3 18 2F 0C 35 00 15 1A 0B 00 4B 16 0B 2E 70 F8 F2 6A ED 64 3D 3D 3D 72 FF	[F2:$ED62]きゃー エッチ！ あなた だいたんね。\n[F2:$ED6A]くろき「……………。	アケミ「[F0:$81]きゃー エッチ！ あなた だいたんね。\n[F0:$82]くろき「……………。
337	337	1F3A	A	9F3A	10	controlled	YES		0	3	ED62,E961,ED6A	F2,F2,F2	F2 62 ED F2 61 E9 F2 6A ED FF	[F2:$ED62][F2:$E961][F2:$ED6A]	アケミ「[F0:$81]あら しゃしんは かんべんね。[F0:$82]
338	338	26BA	A	A6BA	8	controlled	YES		0	2	1F44,1F79	F2,F2	F2 44 1F 62 F2 79 1F FF	[F2:$1F44]\n[F1:$0A][FE][F9][F2:$1F79]	くろき「ちょっと これを みてくれますか？\n[F1:$0A][FE][F9]アケミ「[F0:$81]あら あなたたち けいじさん？\n[F1:$02]そう……、そうなの……。\n[F1:$02]あたし けいさつって だいきらいなの。[F0:$82]\n[F1:$0A][FE][F9]アケミ「[F0:$81]かえってよ！ かえってったら！[F0:$82]
339	339	1F8F	A	9F8F	35	controlled	YES		0	2	E942,DADB	F2,F2	F2 42 E9 E3 15 04 20 3A 13 33 00 07 04 0B E2 19 47 93 70 60 15 1A 0B 76 19 0F 17 93 1A 1E 36 F2 DB DA FF	[F2:$E942]アケミ「へー しけたオジさんね。\n[F1:$02]あなたの おとうさんなの？[F2:$DADB]	くろき「ちょっと これを みてくれますか？\n[F1:$0A][FE][F9]アケミ「へー しけたオジさんね。\n[F1:$02]あなたの おとうさんなの？\n[F1:$0A][FE][F9][F5:$11,$03]
340	340	1FB2	A	9FB2	25	controlled	YES		0	3	E942,ED62,ED6A	F2,F2,F2	F2 42 E9 F2 62 ED 05 2A 41 4F 17 07 0B 1E 36 00 E2 50 01 85 3F F2 6A ED FF	[F2:$E942][F2:$ED62]これがどうしたの？ バカみたい。[F2:$ED6A]	くろき「ちょっと これを みてくれますか？\n[F1:$0A][FE][F9]アケミ「[F0:$81]これがどうしたの？ バカみたい。[F0:$82]
341	341	1FCB	A	9FCB	25	plain	YES		0	0			64 05 05 1F 4E 02 0E 00 9D 1A 2E 01 60 07 0E 29 50 15 16 47 30 7E 6A 6F FF	くろき「ここまできて でんわなんか\n[F1:$02]してるばあいじゃありませんよ。	くろき「ここまできて でんわなんか\n[F1:$02]してるばあいじゃありませんよ。
342	342	1FE4	A	9FE4	24	controlled	YES		0	2	ED6D,ED74	F2,F2	F2 6D ED 8F 93 78 15 0B 07 73 4F 2E 1A 60 45 86 01 07 27 36 F2 74 ED FF	[F2:$ED6D]けいじさんが あたしに どんな\n[F1:$02]ごようかしら？[F2:$ED74]	ルナ「[F0:$89]けいじさんが あたしに どんな\n[F1:$02]ごようかしら？[F0:$8A]
343	343	1FFC	A	9FFC	25	plain	YES		0	0			64 05 1E 0C 01 03 4B 0F 00 7C 16 68 41 60 82 1B 15 29 1E 6E 01 3D 3D 36 FF	くろき「このちかくだと おもいますが\n[F1:$02]どこにあるのでしょうか……？	くろき「このちかくだと おもいますが\n[F1:$02]どこにあるのでしょうか……？
344	344	2015	A	A015	13	plain	YES		0	0			64 05 1E 94 78 E2 29 1A 93 85 6C 70 FF	くろき「このひとが ルナさんみたいですね。	くろき「このひとが ルナさんみたいですね。
345	345	26C2	A	A6C2	8	controlled	YES		0	2	1DFD,2022	F2,F2	F2 FD 1D 62 F2 22 20 FF	[F2:$1DFD]\n[F1:$0A][FE][F9][F2:$2022]	くろき「とくに きになるような ところは\n[F1:$02]ありませんが……。\n[F1:$0A][FE][F9]ルナ「[F0:$89]ねえ すこしは おちついたら どうなの？\n[F1:$02]キョロキョロしたって なにもなくてよ。[F0:$8A]
346	346	26CA	A	A6CA	7	controlled	YES		0	2	1BD1,204F	F2,F2	F2 D1 1B F2 4F 20 FF	[F2:$1BD1][F2:$204F]	くろき「ちょっと さつじんじけんの ことで\n[F1:$02]ききたいんですがね。\n[F1:$0A][FE][F9]ルナ「[F0:$89]さつじんじけん？ でも さいきん あたしの\n[F1:$02]まわりで いなくなったひとなんて\n[F1:$02]いなくてよ。[F0:$8A]
347	347	26D1	A	A6D1	7	controlled	YES		0	2	1BD1,2081	F2,F2	F2 D1 1B F2 81 20 FF	[F2:$1BD1][F2:$2081]	くろき「ちょっと さつじんじけんの ことで\n[F1:$02]ききたいんですがね。\n[F1:$0A][FE][F9]ルナ「[F0:$89]さあ しらないわ。[F0:$8A]
348	348	26D8	A	A6D8	11	controlled	YES		0	3	2090,20A4,20DB	F2,F2,F2	F2 90 20 F2 A4 20 62 F2 DB 20 FF	[F2:$2090][F2:$20A4]\n[F1:$0A][FE][F9][F2:$20DB]	くろき「この おとこについて\n[F1:$02]きかせてもらえますか？\n[F1:$0A][FE][F9]ルナ「[F0:$89]すごくしつこい ひとでね、みせが おわったら\n[F1:$02]オレのりょかんにこないかって さそうのよ。\n[F1:$02]じょうだんじゃないわね。[F0:$8A]\n[F1:$0A][FE][F9]ルナ「[F0:$89]え？ そのりょかん？ たしか……\n[F1:$02]たかだりょかんっていってたわね。[F0:$8A]
349	349	26E3	A	A6E3	7	controlled	YES		0	2	2090,2117	F2,F2	F2 90 20 F2 17 21 FF	[F2:$2090][F2:$2117]	くろき「この おとこについて\n[F1:$02]きかせてもらえますか？\n[F1:$0A][FE][F9]ルナ「[F0:$89]ねえ もう いいでしょ、けいじさん？[F0:$8A]
350	350	26EA	A	A6EA	11	controlled	YES		0	3	212C,2147,161C	F2,F2,F2	F2 2C 21 F2 47 21 62 F2 1C 16 FF	[F2:$212C][F2:$2147]\n[F1:$0A][FE][F9][F2:$161C]	くろき「ルナちゃんとか いったね。\n[F1:$02]ちょっと しらべさせてもらうよ。\n[F1:$0A][FE][F9]ルナ「[F0:$89]あたしを しらべたって むだよ。\n[F1:$02]けいじさん。[F0:$8A]\n[F1:$0A][FE][F9]くろき「おかしなものは もってませんよ。
351	351	2160	A	A160	38	controlled	YES		0	2	ED6D,ED74	F2,F8,F2	F2 6D ED 54 17 24 3F 16 16 05 4B 01 27 00 05 1E 0E 2D 60 97 1A 06 16 3F E2 55 07 35 F8 F2 74 ED 64 16 0E 0E 72 FF	[F2:$ED6D]ぼうや。いいこだから このてを\n[F1:$02]はなしなさい。パシ！\n[F2:$ED74]くろき「いてて……。	ルナ「[F0:$89]ぼうや。いいこだから このてを\n[F1:$02]はなしなさい。パシ！\n[F0:$8A]くろき「いてて……。
352	352	2186	A	A186	35	controlled	YES		0	3	E942,ED6D,ED74	F2,F2,F2	F2 42 E9 F2 6D ED 15 27 36 00 16 1F 06 27 00 0A 2E 1A 23 1E B3 0E 60 19 4F 07 1E 0D 23 28 36 F2 74 ED FF	[F2:$E942][F2:$ED6D]あら？ いまさら そんなものみせて\n[F1:$02]おどしのつもり？[F2:$ED74]	くろき「ちょっと これを みてくれますか？\n[F1:$0A][FE][F9]ルナ「[F0:$89]あら？ いまさら そんなものみせて\n[F1:$02]おどしのつもり？[F0:$8A]
353	353	26F5	A	A6F5	13	controlled	YES		0	4	E942,21A9,21C7,DADB	F2,F2,F2,F2	F2 42 E9 F2 A9 21 F2 C7 21 F2 DB DA FF	[F2:$E942][F2:$21A9][F2:$21C7][F2:$DADB]	くろき「ちょっと これを みてくれますか？\n[F1:$0A][FE][F9]ルナ「ああ このひと。[GLYPH:$D5][FB:$73]ほどまえ\n[F1:$02]みせにきた ひとだわ。\n[F1:$0A][FE][F9]ルナ「もうすぐ たいきんが はいるっていってたのに\n[F1:$02]おかんじょうのとき もめちゃって……。\n[F1:$02]だから あたし おぼえているの。\n[F1:$0A][FE][F9][F5:$11,$03]
354	354	2203	A	A203	28	controlled	YES		0	2	E942,DADB	F2,F2	F2 42 E9 E2 29 1A 3A 05 1E 94 1D 00 24 2F 55 28 3F 1F 0C 41 16 7F 2C 3F F2 DB DA FF	[F2:$E942]ルナ「このひとね やっぱり。まちがいないわ。[F2:$DADB]	くろき「ちょっと これを みてくれますか？\n[F1:$0A][FE][F9]ルナ「このひとね やっぱり。まちがいないわ。\n[F1:$0A][FE][F9][F5:$11,$03]
355	355	221F	A	A21F	21	controlled	YES		0	3	E942,ED6D,ED74	F2,F2,F2	F2 42 E9 F2 6D ED 05 1E 98 78 4F 17 01 07 0B 1E 36 F2 74 ED FF	[F2:$E942][F2:$ED6D]このチラシが どうかしたの？[F2:$ED74]	くろき「ちょっと これを みてくれますか？\n[F1:$0A][FE][F9]ルナ「[F0:$89]このチラシが どうかしたの？[F0:$8A]
356	356	2234	A	A234	35	plain	YES		0	0		F8	64 05 05 78 0B 01 4B BF 00 85 6C 70 F8 19 01 20 3A 16 27 2F 07 30 16 3F 19 10 24 16 00 19 0D 02 4E 3F FF	くろき「ここが たかだりょかん みたいですね。\nおかみ「いらっしゃい。おはやい おつきで。	くろき「ここが たかだりょかん みたいですね。\nおかみ「いらっしゃい。おはやい おつきで。
357	357	2257	A	A257	16	plain	YES		0	0			64 05 05 1F 4E 02 0E 00 82 1B 16 03 02 6C 71 FF	くろき「ここまできて どこにいくきですか？	くろき「ここまできて どこにいくきですか？
358	358	2267	A	A267	46	plain	YES		0	0			64 01 1A 28 00 12 29 0A 17 1A 00 BF 6C 3F 60 4E 01 09 42 1E 94 1A 4F 78 26 03 0F 1F 29 27 07 03 60 24 4F 4B 16 23 00 24 08 0A 17 6C 70 FF	くろき「かなり ふるそうな りょかんです。\n[F1:$02]でかせぎのひとなどが よくとまるらしく\n[F1:$02]やどだいも やすそうですね。	くろき「かなり ふるそうな りょかんです。\n[F1:$02]でかせぎのひとなどが よくとまるらしく\n[F1:$02]やどだいも やすそうですね。
359	359	2702	A	A702	7	controlled	YES		0	2	1BD1,2295	F2,F2	F2 D1 1B F2 95 22 FF	[F2:$1BD1][F2:$2295]	くろき「ちょっと さつじんじけんの ことで\n[F1:$02]ききたいんですがね。\n[F1:$0A][FE][F9]おかみ「なんだす？ あんたたちは？
360	360	2709	A	A709	7	controlled	YES		0	2	1BD1,22A7	F2,F2	F2 D1 1B F2 A7 22 FF	[F2:$1BD1][F2:$22A7]	くろき「ちょっと さつじんじけんの ことで\n[F1:$02]ききたいんですがね。\n[F1:$0A][FE][F9]おかみ「さあ そないなこと きかれても……。
361	361	22BB	A	A2BB	19	controlled	YES		0	1	E865	F2	64 05 76 19 01 20 74 07 27 53 29 2E 6C 70 60 F2 65 E8 FF	くろき「この おかみを しらべるんですね。\n[F1:$02][F2:$E865]	くろき「この おかみを しらべるんですね。\n[F1:$02]でも とくに あやしいじんぶつには\n[F1:$02]みえませんが……。
362	362	2710	A	A710	8	controlled	YES		0	2	2295,161C	F2,F2	F2 95 22 62 F2 1C 16 FF	[F2:$2295]\n[F1:$0A][FE][F9][F2:$161C]	おかみ「なんだす？ あんたたちは？\n[F1:$0A][FE][F9]くろき「おかしなものは もってませんよ。
363	363	2718	A	A718	7	controlled	YES		0	2	22CE,161C	F2,F2	F2 CE 22 F2 1C 16 FF	[F2:$22CE][F2:$161C]	おかみ「なにを するんだす？\n[F1:$0A][FE][F9]くろき「おかしなものは もってませんよ。
364	364	22DC	A	A2DC	28	plain	YES		0	0			64 05 2E 1A E2 19 50 93 74 0F 29 2E 6C 71 60 63 23 00 23 1E 48 02 00 6C 1D 18 72 FF	くろき「こんなオバさんを とるんですか？\n[F1:$02]ボスも ものずき ですねえ……。	くろき「こんなオバさんを とるんですか？\n[F1:$02]ボスも ものずき ですねえ……。
365	365	22F8	A	A2F8	19	controlled	YES		0	1	E942	F2	F2 42 E9 19 01 20 3A 15 2A 1F 15 3F 90 93 00 4B 08 71 FF	[F2:$E942]おかみ「あれまあ。けいさつさん だすか？	くろき「ちょっと これを みてくれますか？\n[F1:$0A][FE][F9]おかみ「あれまあ。けいさつさん だすか？
366	366	230B	A	A30B	16	controlled	YES		0	1	E942	F2	F2 42 E9 19 01 20 3A 1A 2E 4B 08 00 0A 2A 36 FF	[F2:$E942]おかみ「なんだす それ？	くろき「ちょっと これを みてくれますか？\n[F1:$0A][FE][F9]おかみ「なんだす それ？
367	367	271F	A	A71F	10	controlled	YES		0	3	E942,231B,DADB	F2,F2,F2	F2 42 E9 F2 1B 23 F2 DB DA FF	[F2:$E942][F2:$231B][F2:$DADB]	くろき「ちょっと これを みてくれますか？\n[F1:$0A][FE][F9]おかみ「おや このひと……。たしかに ここに\n[F1:$02]とまってました。けど、[GLYPH:$D5][FB:$73]ほどまえ かばんを\n[F1:$02]おいたまま それっきりで……。\n[F1:$0A][FE][F9][F5:$11,$03]
368	368	236A	A	A36A	19	controlled	YES		0	1	E87A	F2	64 F2 7A E8 73 94 2D 26 2E 4E 23 60 07 01 0B 7F 6C 6F FF	くろき「[F2:$E87A]に ひとをよんでも\n[F1:$02]しかたないですよ。	くろき「こんなところに ひとをよんでも\n[F1:$02]しかたないですよ。
369	369	237D	A	A37D	39	plain	YES		0	0			19 01 20 3A 05 05 78 15 1E 94 76 0F 1F 2F 0E 0B 00 13 24 6C 3F 60 14 27 00 01 50 2E 23 00 19 02 2F 55 1A 07 4E 72 FF	おかみ「ここが あのひとの とまってた へやです。\n[F1:$02]ほら かばんも おきっぱなしで……。	おかみ「ここが あのひとの とまってた へやです。\n[F1:$02]ほら かばんも おきっぱなしで……。
370	370	23A4	A	A3A4	43	plain	YES		0	0			64 13 24 75 16 41 16 73 01 0B 4D 16 0E 16 68 3F 60 2C 28 0F 00 02 0C 32 17 22 2E 1A 00 8D 60 4B 2F 0B 1E 01 23 00 07 2A 6A 70 FF	くろき「へやは いがいに かたづいています。\n[F1:$02]わりと きちょうめんな おとこ\n[F1:$02]だったのかも しれませんね。	くろき「へやは いがいに かたづいています。\n[F1:$02]わりと きちょうめんな おとこ\n[F1:$02]だったのかも しれませんね。
371	371	272D	A	A72D	10	controlled	YES		0	3	23CF,23E7,2415	F2,F2,F2	F2 CF 23 F2 E7 23 F2 15 24 FF	[F2:$23CF][F2:$23E7][F2:$2415]	くろき「ここにいた おとこについて\n[F1:$02]きかせてもらえますか？\n[F1:$0A][FE][F9]おかみ「おもえば おかしな ひと でしたわ。\n[F1:$02]いつも ひるまで ねてて ゆうがたごろ\n[F1:$02]でかける。\n[F1:$0A][FE][F9]おかみ「どっか とおくからきていたらしいけど\n[F1:$02]とうきょうに なにをしにきたのやら……。
372	372	2737	A	A737	7	controlled	YES		0	2	2436,245A	F2,F2	F2 36 24 F2 5A 24 FF	[F2:$2436][F2:$245A]	くろき「このへやにいたおとこは\n[F1:$02]どこか いなかから でてきて\n[F1:$02]そして ころされた……。\n[F1:$0A][FE][F9]くろき「ルナに もうすぐ たいきんが はいる\n[F1:$02]などと はなしていたらしいし なにか\n[F1:$02]きなくさいものを かんじますね。
373	373	2488	A	A488	32	plain	YES		0	0			64 01 50 2E 1E 1A 01 74 07 27 53 69 41 60 07 0B 42 0F 00 E3 0B 19 29 07 01 10 16 2F 0E 6A 6F FF	くろき「かばんのなかを しらべましたが\n[F1:$02]したぎと タオルしかはいってませんよ。	くろき「かばんのなかを しらべましたが\n[F1:$02]したぎと タオルしかはいってませんよ。
374	374	24A8	A	A4A8	13	plain	YES		0	0			64 01 50 2E 78 15 29 4B 04 6C 41 72 FF	くろき「かばんが あるだけですが……。	くろき「かばんが あるだけですが……。
375	375	24B5	A	A4B5	15	plain	YES		0	0			64 17 33 2E 3F 84 23 00 20 0D 01 28 6A 70 FF	くろき「うーん。なにも みつかりませんね。	くろき「うーん。なにも みつかりませんね。
376	376	24C4	A	A4C4	49	plain	YES		0	0			64 4F 17 24 27 00 05 1E E3 10 41 02 75 E4 06 27 02 2E 01 27 1E 60 0F 03 0A 03 47 32 17 85 6C 70 60 01 1D 01 18 09 35 00 0F 00 01 16 0E 7E 68 3F FF	くろき「どうやら このハガキは サラキンからの\n[F1:$02]とくそくじょうみたいですね。\n[F1:$02]かねかえせ！ と かいてあります。	くろき「どうやら このハガキは サラキンからの\n[F1:$02]とくそくじょうみたいですね。\n[F1:$02]かねかえせ！ と かいてあります。
377	377	273E	A	A73E	5	controlled	YES		0	1	24F5	F2	F2 F5 24 62 FF	[F2:$24F5]\n[F1:$0A][FE][F9]	くろき「わかりました。もっておきます。\n[F1:$0A][FE][F9]
378	378	251A	A	A51A	15	plain	YES		0	0			64 01 50 2E 75 80 00 23 2F 0E 16 68 41 72 FF	くろき「かばんは もう もっていますが……。	くろき「かばんは もう もっていますが……。
379	379	2529	A	A529	20	controlled	YES		0	1	E87A	F2	64 F2 7A E8 74 99 1B 0F 2F 0E 23 60 07 32 17 41 7E 6A 6F FF	くろき「[F2:$E87A]を しゃしんにとっても\n[F1:$02]しょうがありませんよ。	くろき「こんなところを しゃしんにとっても\n[F1:$02]しょうがありませんよ。
380	380	2747	A	A747	13	controlled	YES		0	4	253D,255F,257D,2598	F2,F2,F2,F2	F2 3D 25 F2 5F 25 F2 7D 25 F2 98 25 FF	[F2:$253D][F2:$255F][F2:$257D][F2:$2598]	くろき「あっ、そうかあ！ ハガキのおもての\n[F1:$02]あてなをみれば いいんですね。\n[F1:$0A][FE][F9]くろき「えーと……。ほっかいどう くしろし\n[F1:$02]みどりがおか……、ますだ ぶんきち。\n[F1:$0A][FE][F9]くろき「ボス！ やっと ころされた おとこの\n[F1:$02]みもとが わかりました。\n[F1:$0A][FE][F9]くろき「これで ほんかくてきな そうさが\n[F1:$02]はじめられますね。\n[F1:$02]ものがたりは これからです！\n[F1:$0A][FE][F9]
381	381	25C0	A	A5C0	29	plain	YES		0	0			64 63 00 0A 2E 1A 05 0F 2D 07 0E 16 29 60 50 15 16 47 30 00 7F 0F 00 7C 16 68 41 72 FF	くろき「ボス そんなことをしている\n[F1:$02]ばあいじゃ ないと おもいますが……。	くろき「ボス そんなことをしている\n[F1:$02]ばあいじゃ ないと おもいますが……。
382	382	25DD	A	A5DD	7	plain	YES		0	0			64 84 74 B3 68 71 FF	くろき「なにを みせますか？	くろき「なにを みせますか？
383	383	1F79	A	9F79	22	controlled	YES		1	2	ED62,ED6A	F2,F2	F2 62 ED 01 18 2F 0E 26 35 00 01 18 2F 0E 2F 0B 27 35 F2 6A ED FF	[F2:$ED62]かえってよ！ かえってったら！[F2:$ED6A]	アケミ「[F0:$81]かえってよ！ かえってったら！[F0:$82]
384	384	1E96	A	9E96	19	controlled	YES		1	2	ED62,ED6A	F2,F2	F2 62 ED 80 00 16 24 35 00 01 18 2F 0E 26 35 F2 6A ED FF	[F2:$ED62]もう いや！ かえってよ！[F2:$ED6A]	アケミ「[F0:$81]もう いや！ かえってよ！[F0:$82]
385	385	1EA9	A	9EA9	28	plain	YES		2	0			64 E3 15 04 20 0C 30 2E 0F 77 16 2F 0B 70 60 88 07 27 53 06 09 0E 23 27 17 6F 62 FF	くろき「アケミちゃんとか いったね。\n[F1:$02]ちょっと しらべさせてもらうよ。\n[F1:$0A][FE][F9]	くろき「アケミちゃんとか いったね。\n[F1:$02]ちょっと しらべさせてもらうよ。\n[F1:$0A][FE][F9]
386	386	24F5	A	A4F5	13	plain	YES		1	0			64 7D 28 69 3F 23 2F 0E 19 02 68 3F FF	くろき「わかりました。もっておきます。	くろき「わかりました。もっておきます。
387	387	2754	A	A754	8	controlled	YES		0	2	20FA,2101	F2,F2	F2 FA 20 62 F2 01 21 FF	[F2:$20FA]\n[F1:$0A][FE][F9][F2:$2101]	くろき「たかだりょかん？\n[F1:$0A][FE][F9]ルナ「[F0:$89]さあ このちかくの りょかんじゃないの？[F0:$8A]
388	388	27D6	A	A7D6	192	controlled	YES		0	10	ED77,ED7F,ED77,ED7F,ED77,ED7F,ED77,ED7F,ED77,ED7F	F2,F3,F2,F2,F2,F2,F2,F2,F2,F2,F2	F2 77 ED B4 01 27 00 16 27 07 0B 60 F3 00 04 16 52 00 93 6C 1D 36 F2 7F ED 62 F2 77 ED 1A 2E 4E 23 00 B4 4E 19 02 0B 00 06 0D 47 2E 60 47 04 2E 74 07 27 53 1B 16 27 2F 07 30 2F 0B 0F 01 3F F2 7F ED 62 F2 77 ED 2C 07 75 14 2F 01 16 4F 17 04 16 1E E3 24 1F 53 6C 3F 60 0A 2A 1B 07 0E 23 00 52 2F 0A 17 1A 00 26 1E 1A 01 1B 60 1A 28 69 1A 15 72 F2 7F ED 62 F2 77 ED 05 0C 27 4E 23 00 14 03 28 31 17 01 16 0F 00 16 17 60 B0 78 20 32 17 1A E3 17 45 02 2D B3 0E 1F 07 0E 3F F2 7F ED 62 F2 77 ED 1F 2F 00 0A 0C 27 1E 47 04 2E 0F 75 01 2E 04 16 7F 0F 60 7C 16 68 41 72 F2 7F ED 62 FF	[F2:$ED77]とうきょうから いらした\n[F1:$02][F3] けいぶ さんですね？[F2:$ED7F]\n[F1:$0A][FE][F9][F2:$ED77]なんでも とうきょうでおきた さつじん\n[F1:$02]じけんを しらべにいらっしゃったとか。[F2:$ED7F]\n[F1:$0A][FE][F9][F2:$ED77]わしは ほっかいどうけいのヤマベです。\n[F1:$02]それにしても ぶっそうな よのなかに\n[F1:$02]なりましたなあ……。[F2:$ED7F]\n[F1:$0A][FE][F9][F2:$ED77]こちらでも ほくりゅうかいと いう\n[F1:$02]やくざが みょうなウゴキをみせてまして。[F2:$ED7F]\n[F1:$0A][FE][F9][F2:$ED77]まっ そちらのじけんとは かんけいないと\n[F1:$02]おもいますが……。[F2:$ED7F]\n[F1:$0A][FE][F9]	ヤマベ「[F0:$A9]とうきょうから いらした\n[F1:$02][F3] けいぶ さんですね？[F0:$AA]\n[F1:$0A][FE][F9]ヤマベ「[F0:$A9]なんでも とうきょうでおきた さつじん\n[F1:$02]じけんを しらべにいらっしゃったとか。[F0:$AA]\n[F1:$0A][FE][F9]ヤマベ「[F0:$A9]わしは ほっかいどうけいのヤマベです。\n[F1:$02]それにしても ぶっそうな よのなかに\n[F1:$02]なりましたなあ……。[F0:$AA]\n[F1:$0A][FE][F9]ヤマベ「[F0:$A9]こちらでも ほくりゅうかいと いう\n[F1:$02]やくざが みょうなウゴキをみせてまして。[F0:$AA]\n[F1:$0A][FE][F9]ヤマベ「[F0:$A9]まっ そちらのじけんとは かんけいないと\n[F1:$02]おもいますが……。[F0:$AA]\n[F1:$0A][FE][F9]
389	389	2896	A	A896	187	controlled	YES		0	10	ED77,ED7F,ED77,ED7F,ED82,ED86,ED77,ED7F,ED82,ED86	F0,F2,F2,F2,F2,F2,F2,F2,F2,F2,F2	F0 01 09 11 A2 F2 77 ED 06 29 2C 0B 28 00 E5 07 31 2E 08 04 03 2E 00 6C 3F F2 7F ED 62 F2 77 ED 4F 17 1A 16 7A 01 2A 78 15 16 0E 24 03 2D 60 0D 0F 22 68 01 27 00 05 02 0D 01 2F 0E 24 2F 0E 60 03 4B 06 16 3F F2 7F ED 62 F2 82 ED 26 2B 07 03 00 19 1D 41 16 07 68 3F 60 0F 28 15 18 48 00 03 07 2B 07 1A 16 00 1F 4E 60 45 15 2E 7F 00 16 0B 07 6B 3F F2 86 ED 62 F2 77 ED 0F 16 17 2C 04 4E 00 2C 07 75 05 05 4E 60 07 2F 04 16 06 09 0E 23 27 16 68 41 60 47 04 2E 41 01 16 04 0D 08 29 86 00 16 1E 2F 0E 68 6F F2 7F ED 62 F2 82 ED 7A 16 02 68 01 3F 63 35 F2 86 ED 62 FF	[F0:$01,$09,$11,$A2][F2:$ED77]さるわたり シュンスケくん です。[F2:$ED7F]\n[F1:$0A][FE][F9][F2:$ED77]どうないでは かれが あいてやくを\n[F1:$02]つとめますから こきつかってやって\n[F1:$02]ください。[F2:$ED7F]\n[F1:$0A][FE][F9][F2:$ED82]よろしく おねがいします。\n[F1:$02]とりあえず くしろしない まで\n[F1:$02]ごあんない いたしましょう。[F2:$ED86]\n[F1:$0A][FE][F9][F2:$ED77]というわけで わしは ここで\n[F1:$02]しっけいさせてもらいますが\n[F1:$02]じけんがかいけつするよう いのってますよ。[F2:$ED7F]\n[F1:$0A][FE][F9][F2:$ED82]では いきますか。ボス！[F2:$ED86]\n[F1:$0A][FE][F9]	[F0:$01,$09,$11,$A2]ヤマベ「[F0:$A9]さるわたり シュンスケくん です。[F0:$AA]\n[F1:$0A][FE][F9]ヤマベ「[F0:$A9]どうないでは かれが あいてやくを\n[F1:$02]つとめますから こきつかってやって\n[F1:$02]ください。[F0:$AA]\n[F1:$0A][FE][F9]シュン「[F0:$A1]よろしく おねがいします。\n[F1:$02]とりあえず くしろしない まで\n[F1:$02]ごあんない いたしましょう。[F0:$A2]\n[F1:$0A][FE][F9]ヤマベ「[F0:$A9]というわけで わしは ここで\n[F1:$02]しっけいさせてもらいますが\n[F1:$02]じけんがかいけつするよう いのってますよ。[F0:$AA]\n[F1:$0A][FE][F9]シュン「[F0:$A1]では いきますか。ボス！[F0:$A2]\n[F1:$0A][FE][F9]
390	390	2951	A	A951	38	controlled	YES		0	2	ED82,ED86	F2,F2	F2 82 ED 03 07 2B 07 7F 73 0D 02 69 3F 60 06 15 00 4F 17 16 17 12 17 73 0A 17 06 2D 60 10 47 22 68 71 F2 86 ED FF	[F2:$ED82]くしろしないに つきました。\n[F1:$02]さあ どういうふうに そうさを\n[F1:$02]はじめますか？[F2:$ED86]	シュン「[F0:$A1]くしろしないに つきました。\n[F1:$02]さあ どういうふうに そうさを\n[F1:$02]はじめますか？[F0:$A2]
391	391	2977	A	A977	15	controlled	YES		0	2	ED82,ED86	F2,F2	F2 82 ED 03 07 2B 07 7F 00 6C 3F F2 86 ED FF	[F2:$ED82]くしろしない です。[F2:$ED86]	シュン「[F0:$A1]くしろしない です。[F0:$A2]
392	392	455D	B	855D	11	controlled	YES		0	3	ED82,E7BB,ED86	F2,F2,F2	65 F2 82 ED F2 BB E7 F2 86 ED FF	シュン「[F2:$ED82][F2:$E7BB][F2:$ED86]	シュン「シュン「[F0:$A1]ボス。まだ どこにいったらいいのか\n[F1:$02]わかりませんが……。[F0:$A2]
393	393	2986	A	A986	13	controlled	YES		0	2	ED82,ED86	F2,F2	F2 82 ED 82 73 16 02 68 71 F2 86 ED FF	[F2:$ED82]どこに いきますか？[F2:$ED86]	シュン「[F0:$A1]どこに いきますか？[F0:$A2]
394	394	4568	B	8568	12	controlled	YES		0	2	E7D0,E7D7	F2,F2	F2 D0 E7 03 07 2B 07 7F F2 D7 E7 FF	[F2:$E7D0]くしろしない[F2:$E7D7]	シュン「[F0:$A1]ここが くしろしないですが……。[F0:$A2]
395	395	4574	B	8574	8	controlled	YES		0	2	E7D0,E7D7	F2,F2	F2 D0 E7 CF F2 D7 E7 FF	[F2:$E7D0]みどりがおか[F2:$E7D7]	シュン「[F0:$A1]ここが みどりがおかですが……。[F0:$A2]
396	396	457C	B	857C	8	controlled	YES		0	2	E7D0,E7D7	F2,F2	F2 D0 E7 B8 F2 D7 E7 FF	[F2:$E7D0]あばしり[F2:$E7D7]	シュン「[F0:$A1]ここが あばしりですが……。[F0:$A2]
397	397	4584	B	8584	8	controlled	YES		0	2	E7D0,E7D7	F2,F2	F2 D0 E7 B7 F2 D7 E7 FF	[F2:$E7D0]きたはま[F2:$E7D7]	シュン「[F0:$A1]ここが きたはまですが……。[F0:$A2]
398	398	458C	B	858C	10	controlled	YES		0	2	E7D0,E7D7	F2,F2	F2 D0 E7 B8 05 17 F2 D7 E7 FF	[F2:$E7D0]あばしりこう[F2:$E7D7]	シュン「[F0:$A1]ここが あばしりこうですが……。[F0:$A2]
399	399	4596	B	8596	12	controlled	YES		0	2	E7D0,E7D7	F2,F2	F2 D0 E7 B7 76 10 1F 53 F2 D7 E7 FF	[F2:$E7D0]きたはまの はまべ[F2:$E7D7]	シュン「[F0:$A1]ここが きたはまの はまべですが……。[F0:$A2]
400	400	45A2	B	85A2	8	controlled	YES		0	2	E7D0,E7D7	F2,F2	F2 D0 E7 BA F2 D7 E7 FF	[F2:$E7D0]すすきの[F2:$E7D7]	シュン「[F0:$A1]ここが すすきのですが……。[F0:$A2]
401	401	45AA	B	85AA	8	controlled	YES		0	2	E7D0,E7D7	F2,F2	F2 D0 E7 BB F2 D7 E7 FF	[F2:$E7D0]コロポックリ[F2:$E7D7]	シュン「[F0:$A1]ここが コロポックリですが……。[F0:$A2]
402	402	45B2	B	85B2	8	controlled	YES		0	2	E7D0,E7D7	F2,F2	F2 D0 E7 BC F2 D7 E7 FF	[F2:$E7D0]ましゅうこ[F2:$E7D7]	シュン「[F0:$A1]ここが ましゅうこですが……。[F0:$A2]
403	403	2993	A	A993	54	controlled	YES		0	2	ED82,ED86	F2,F2	F2 82 ED 63 75 14 2F 01 16 4F 17 75 10 47 22 0E 6C 71 60 54 03 75 05 05 4E 17 1F 2A 0E 00 05 05 4E 0A 4B 0C 69 3F 60 1A 01 1A 77 16 16 0F 05 2B 6E 3F F2 86 ED FF	[F2:$ED82]ボスは ほっかいどうは はじめてですか？\n[F1:$02]ぼくは ここでうまれて ここでそだちました。\n[F1:$02]なかなか いいところでしょう。[F2:$ED86]	シュン「[F0:$A1]ボスは ほっかいどうは はじめてですか？\n[F1:$02]ぼくは ここでうまれて ここでそだちました。\n[F1:$02]なかなか いいところでしょう。[F0:$A2]
404	404	29C9	A	A9C9	9	controlled	YES		0	2	E82C,ED86	F2,F2	F2 2C E8 41 3F F2 86 ED FF	[F2:$E82C]が。[F2:$ED86]	シュン「[F0:$A1]とくに かわったところは ありませんが。[F0:$A2]
405	405	29D2	A	A9D2	80	controlled	YES		0	4	ED82,ED86,ED82,ED86	F2,F2,F2,F2	F2 82 ED 06 16 02 2E 00 14 03 28 31 17 01 16 0F 00 16 17 1E 41 60 01 2F 55 0D 73 17 45 16 0E 16 29 0A 17 6C 41 72 F2 86 ED 62 F2 82 ED E3 24 1F 53 52 0C 32 17 78 16 2F 0B 86 73 15 1F 28 60 02 1B 08 29 05 0F 75 7F 0F 7C 16 68 3F F2 86 ED FF	[F2:$ED82]さいきん ほくりゅうかいと いうのが\n[F1:$02]かっぱつに うごいているそうですが……。[F2:$ED86]\n[F1:$0A][FE][F9][F2:$ED82]ヤマベぶちょうが いったように あまり\n[F1:$02]きにすることは ないとおもいます。[F2:$ED86]	シュン「[F0:$A1]さいきん ほくりゅうかいと いうのが\n[F1:$02]かっぱつに うごいているそうですが……。[F0:$A2]\n[F1:$0A][FE][F9]シュン「[F0:$A1]ヤマベぶちょうが いったように あまり\n[F1:$02]きにすることは ないとおもいます。[F0:$A2]
406	406	45BA	B	85BA	16	controlled	YES		0	5	ED82,E7DE,ED82,E7F5,ED86	F2,F2,F2,F2,F2	F2 82 ED F2 DE E7 F2 82 ED F2 F5 E7 F2 86 ED FF	[F2:$ED82][F2:$E7DE][F2:$ED82][F2:$E7F5][F2:$ED86]	シュン「[F0:$A1]では あたりにいるひとに\n[F1:$02]ききこみをしてみましょう。[F0:$A2]\n[F1:$0A][FE][F9]シュン「[F0:$A1]とくに てがかりになる はなしは\n[F1:$02]きけませんでしたよ。ボス。[F0:$A2]
407	407	2A22	A	AA22	15	controlled	YES		0	2	ED82,ED86	F2,F2	F2 82 ED 4B 2A 74 07 27 53 68 71 F2 86 ED FF	[F2:$ED82]だれを しらべますか？[F2:$ED86]	シュン「[F0:$A1]だれを しらべますか？[F0:$A2]
408	408	2A31	A	AA31	29	controlled	YES		0	2	ED82,ED86	F2,F2	F2 82 ED 89 15 24 07 0A 17 1A 00 47 2E 52 0D 10 60 05 1E 8C 73 16 6A 41 3F F2 86 ED FF	[F2:$ED82]とくに あやしそうな じんぶつは\n[F1:$02]このあたりに いませんが。[F2:$ED86]	シュン「[F0:$A1]とくに あやしそうな じんぶつは\n[F1:$02]このあたりに いませんが。[F0:$A2]
409	409	2A4E	A	AA4E	26	controlled	YES		0	2	ED82,ED86	F2,F2	F2 82 ED 81 00 4B 2A 2D 06 41 07 0E 16 16 1E 01 60 7D 28 6A 41 72 F2 86 ED FF	[F2:$ED82]まだ だれをさがしていいのか\n[F1:$02]わかりませんが……。[F2:$ED86]	シュン「[F0:$A1]まだ だれをさがしていいのか\n[F1:$02]わかりませんが……。[F0:$A2]
410	410	2A68	A	AA68	23	controlled	YES		0	2	ED82,ED86	F2,F2	F2 82 ED 06 41 07 69 78 05 1E 8C 1B 10 60 16 7F 86 6C 3F F2 86 ED FF	[F2:$ED82]さがしましたが このあたりには\n[F1:$02]いないようです。[F2:$ED86]	シュン「[F0:$A1]さがしましたが このあたりには\n[F1:$02]いないようです。[F0:$A2]
411	411	45CA	B	85CA	14	controlled	YES		0	2	ED82,ED86	F2,F2	F2 82 ED 84 74 07 27 53 68 71 F2 86 ED FF	[F2:$ED82]なにを しらべますか？[F2:$ED86]	シュン「[F0:$A1]なにを しらべますか？[F0:$A2]
412	412	2A7F	A	AA7F	17	controlled	YES		0	2	ED82,ED86	F2,F2	F2 82 ED 82 74 07 27 53 6B 71 00 63 36 F2 86 ED FF	[F2:$ED82]どこを しらべましょうか？ ボス？[F2:$ED86]	シュン「[F0:$A1]どこを しらべましょうか？ ボス？[F0:$A2]
413	413	2A90	A	AA90	13	plain	YES		0	0			63 3A 17 33 21 00 05 05 4B 1A 3F 62 FF	ボス「うーむ ここだな。\n[F1:$0A][FE][F9]	ボス「うーむ ここだな。\n[F1:$0A][FE][F9]
414	414	2A9D	A	AA9D	45	controlled	YES		0	2	ED82,ED86	F2,F2	F2 82 ED 54 03 2D 07 27 53 29 0F 10 60 63 23 00 17 0B 41 16 52 01 16 00 6C 70 60 4E 23 00 13 2E 1A 23 1E 75 23 2F 0E 6A 6F F2 86 ED FF	[F2:$ED82]ぼくをしらべるとは\n[F1:$02]ボスも うたがいぶかい ですね。\n[F1:$02]でも へんなものは もってませんよ。[F2:$ED86]	シュン「[F0:$A1]ぼくをしらべるとは\n[F1:$02]ボスも うたがいぶかい ですね。\n[F1:$02]でも へんなものは もってませんよ。[F0:$A2]
415	415	2ACA	A	AACA	25	controlled	YES		0	2	ED82,ED86	F2,F2	F2 82 ED 07 27 53 0E 20 69 78 60 84 23 00 20 0D 01 28 6A 6D 3F F2 86 ED FF	[F2:$ED82]しらべてみましたが \n[F1:$02]なにも みつかりませんでした。[F2:$ED86]	シュン「[F0:$A1]しらべてみましたが \n[F1:$02]なにも みつかりませんでした。[F0:$A2]
416	416	2AE3	A	AAE3	22	controlled	YES		0	2	ED82,ED86	F2,F2	F2 82 ED 89 8A 0F 05 2B 75 7F 86 1B 60 7C 18 68 41 72 F2 86 ED FF	[F2:$ED82]とくに かわったところは ないように\n[F1:$02]おもえますが……。[F2:$ED86]	シュン「[F0:$A1]とくに かわったところは ないように\n[F1:$02]おもえますが……。[F0:$A2]
417	417	2AF9	A	AAF9	23	controlled	YES		0	3	ED82,E83E,ED86	F2,F2,F2	F2 82 ED 05 05 1B 75 0F 29 F2 3E E8 10 60 20 8C 6A 41 72 F2 86 ED FF	[F2:$ED82]ここには とる[F2:$E83E]は\n[F1:$02]みあたりませんが……。[F2:$ED86]	シュン「[F0:$A1]ここには とるようなものは\n[F1:$02]みあたりませんが……。[F0:$A2]
418	418	2B10	A	AB10	31	controlled	YES		0	2	ED82,ED86	F2,F2	F2 82 ED 05 05 4E 99 2D 0F 2F 0E 23 60 07 01 0B 1A 16 0F 00 19 23 16 1F 08 26 3F F2 86 ED FF	[F2:$ED82]ここでしゃしんをとっても\n[F1:$02]しかたないと おもいますよ。[F2:$ED86]	シュン「[F0:$A1]ここでしゃしんをとっても\n[F1:$02]しかたないと おもいますよ。[F0:$A2]
419	419	2B2F	A	AB2F	22	controlled	YES		0	2	ED82,ED86	F2,F2	F2 82 ED 05 2A 78 23 0C 23 1E 6C 3F 60 83 74 20 68 71 F2 86 ED FF	[F2:$ED82]これが もちものです。\n[F1:$02]どれを みますか？[F2:$ED86]	シュン「[F0:$A1]これが もちものです。\n[F1:$02]どれを みますか？[F0:$A2]
420	420	2B45	A	AB45	29	controlled	YES		1	2	ED82,ED86	F2,F2	F2 82 ED 03 07 2B 07 00 CF 60 A4 00 52 2E 02 0C 00 0F 00 01 16 0E 7E 68 3F F2 86 ED FF	[F2:$ED82]くしろし みどりがおか\n[F1:$02]ますだ ぶんきち と かいてあります。[F2:$ED86]	シュン「[F0:$A1]くしろし みどりがおか\n[F1:$02]ますだ ぶんきち と かいてあります。[F0:$A2]
421	421	2B62	A	AB62	42	controlled	YES		0	3	2B45,ED82,ED86	F2,F2,F2	F2 45 2B 62 F2 82 ED 1A 29 14 4F 00 05 2A 78 05 2B 06 2A 0B 0F 16 17 60 8D 76 25 16 16 0D 76 0E 41 01 28 6C 01 72 F2 86 ED FF	[F2:$2B45]\n[F1:$0A][FE][F9][F2:$ED82]なるほど これが ころされたという\n[F1:$02]おとこの ゆいいつの てがかりですか……。[F2:$ED86]	シュン「[F0:$A1]くしろし みどりがおか\n[F1:$02]ますだ ぶんきち と かいてあります。[F0:$A2]\n[F1:$0A][FE][F9]シュン「[F0:$A1]なるほど これが ころされたという\n[F1:$02]おとこの ゆいいつの てがかりですか……。[F0:$A2]
422	422	2B8C	A	AB8C	40	controlled	YES		0	2	ED82,ED86	F2,F2	F2 82 ED 84 74 B3 29 0D 23 28 01 75 07 28 6A 41 60 05 05 1B 75 B3 29 53 02 00 15 16 0E 41 60 16 7F 86 6C 3F F2 86 ED FF	[F2:$ED82]なにを みせるつもりかは しりませんが\n[F1:$02]ここには みせるべき あいてが\n[F1:$02]いないようです。[F2:$ED86]	シュン「[F0:$A1]なにを みせるつもりかは しりませんが\n[F1:$02]ここには みせるべき あいてが\n[F1:$02]いないようです。[F0:$A2]
423	423	2BB4	A	ABB4	27	controlled	YES		0	4	ED82,E8A9,ED82,ED86	F2,F2,F2,F2	F2 82 ED F2 A9 E8 F2 82 ED 63 3F 4B 2A 23 00 02 0E 03 2A 6A 6D 41 3F F2 86 ED FF	[F2:$ED82][F2:$E8A9][F2:$ED82]ボス。だれも きてくれませんでしたが。[F2:$ED86]	シュン「[F0:$A1]だれかあ。だれかあ いませんかあ[GLYPH:$38][F0:$A2]\n[F1:$0A][FE][F9]シュン「[F0:$A1]ボス。だれも きてくれませんでしたが。[F0:$A2]
424	424	2BCF	A	ABCF	10	controlled	YES		0	2	E96C,EC7C	F2,F2	F2 6C E9 B8 1B 60 F2 7C EC FF	[F2:$E96C]あばしりに\n[F1:$02][F2:$EC7C]	シュン「さあ そうさを ぞっこうしましょう！\n[F1:$0A][FE][F9]シュン「ところで ボス。\n[F1:$02]ぼくは おもうんですがね……。\n[F1:$0A][FE][F9]シュン「もういちど あばしりに\n[F1:$02]いってみてはどうでしょうか？\n[F1:$0A][FE][F9]
425	425	2BD9	A	ABD9	28	plain	YES		0	0			65 05 1E 8C 78 CF 6C 41 72 60 19 24 00 A4 0F 16 17 00 94 76 17 0C 41 60 7E 69 3F FF	シュン「このあたりが みどりがおかですが……。\n[F1:$02]おや ますだという ひとの うちが\n[F1:$02]ありました。	シュン「このあたりが みどりがおかですが……。\n[F1:$02]おや ますだという ひとの うちが\n[F1:$02]ありました。
426	426	2BF5	A	ABF5	10	plain	YES		0	0			65 CF 76 A4 1E 16 18 6C 3F FF	シュン「みどりがおかの ますだのいえです。	シュン「みどりがおかの ますだのいえです。
427	427	2BFF	A	ABFF	30	plain	YES		0	0			65 09 2E 0B 03 07 0E 16 29 00 19 50 93 78 16 68 3F 60 05 1E 94 78 A4 76 19 03 93 6E 71 FF	シュン「せんたくしている おばさんが います。\n[F1:$02]このひとが ますだの おくさんでしょうか？	シュン「せんたくしている おばさんが います。\n[F1:$02]このひとが ますだの おくさんでしょうか？
428	428	2C1D	A	AC1D	21	plain	YES		0	0			65 05 2A 0F 16 2F 0E 00 22 1B 0D 03 23 1E 10 60 7E 6A 41 72 FF	シュン「これといって めにつくものは\n[F1:$02]ありませんが……。	シュン「これといって めにつくものは\n[F1:$02]ありませんが……。
429	429	2C32	A	AC32	25	plain	YES		0	0			65 A4 76 19 03 93 78 15 16 01 2C 27 48 60 09 2E 0B 03 2D 07 0E 16 68 3F FF	シュン「ますだの おくさんが あいかわらず\n[F1:$02]せんたくをしています。	シュン「ますだの おくさんが あいかわらず\n[F1:$02]せんたくをしています。
430	430	2C4B	A	AC4B	8	plain	YES		0	0			65 84 74 02 02 68 71 FF	シュン「なにを ききますか？	シュン「なにを ききますか？
431	431	2C53	A	AC53	22	controlled	YES		0	3	ED89,E977,ED8F	F2,F2,F2	F2 89 ED F2 77 E9 60 1A 2E 4B 1D 00 15 2E 0B 27 10 36 F2 8F ED FF	[F2:$ED89][F2:$E977]\n[F1:$02]なんだね あんたらは？[F2:$ED8F]	[FC:$4E][F0:$00,$89]ますだ たえ だが。\n[F1:$02]なんだね あんたらは？[F0:$08,$81]
432	432	2C69	A	AC69	23	controlled	YES		0	2	ED89,ED8F	F2,F2	F2 89 ED 17 0C 1E 94 1A 27 00 B4 73 16 2F 0F 29 41 1E 3F F2 8F ED FF	[F2:$ED89]うちのひとなら とうきょうに いっとるがの。[F2:$ED8F]	[FC:$4E][F0:$00,$89]うちのひとなら とうきょうに いっとるがの。[F0:$08,$81]
433	433	2C80	A	AC80	126	controlled	YES		0	2	ED89,ED8F	F2,FC,FC,F2	F2 89 ED 94 73 17 27 20 2D 01 17 86 1A 00 94 47 30 60 1A 01 2F 0B 1E 1B 72 62 FC 4E 05 1E 1F 18 23 00 17 0C 1E 94 73 21 01 07 00 09 2C 1B 60 1A 2F 0B 0F 16 17 94 78 19 01 1D 2D 03 2A 0B 28 07 0E 72 62 FC 4E 7B 19 01 1D 2D 03 2A 0B 00 94 71 60 0B 07 77 B7 76 A5 25 02 19 00 0F 01 60 16 2F 0F 2F 0B 1E 17 3F F2 8F ED 62 65 B7 0F 16 18 50 00 B8 1E 60 11 41 07 1E 14 17 6C 1D 72 FF	[F2:$ED89]ひとに うらみをかうような ひとじゃ\n[F1:$02]なかったのに……。\n[F1:$0A][FE][F9][FC:$4E]このまえも うちのひとに むかし せわに\n[F1:$02]なったというひとが おかねをくれたりして……。\n[F1:$0A][FE][F9][FC:$4E]え？ おかねをくれた ひとか？\n[F1:$02]たしか きたはまの いいじまゆきお とか\n[F1:$02]いっとったのう。[F2:$ED8F]\n[F1:$0A][FE][F9]シュン「きたはまといえば あばしりの\n[F1:$02]ひがしのほうですね……。	[FC:$4E][F0:$00,$89]ひとに うらみをかうような ひとじゃ\n[F1:$02]なかったのに……。\n[F1:$0A][FE][F9][FC:$4E]このまえも うちのひとに むかし せわに\n[F1:$02]なったというひとが おかねをくれたりして……。\n[F1:$0A][FE][F9][FC:$4E]え？ おかねをくれた ひとか？\n[F1:$02]たしか きたはまの いいじまゆきお とか\n[F1:$02]いっとったのう。[F0:$08,$81]\n[F1:$0A][FE][F9]シュン「きたはまといえば あばしりの\n[F1:$02]ひがしのほうですね……。
434	434	2CFE	A	ACFE	44	controlled	YES		0	2	ED89,ED8F	F2,F2	F2 89 ED 17 0C 1E 94 78 1A 2E 4E 00 05 2B 06 2A 1A 02 30 60 1A 27 7F 2E 4B 2F 35 60 17 2F 00 17 2F 00 15 2E 0B 15 15 72 F2 8F ED FF	[F2:$ED89]うちのひとが なんで ころされなきゃ\n[F1:$02]ならないんだっ！\n[F1:$02]うっ うっ あんたああ……。[F2:$ED8F]	[FC:$4E][F0:$00,$89]うちのひとが なんで ころされなきゃ\n[F1:$02]ならないんだっ！\n[F1:$02]うっ うっ あんたああ……。[F0:$08,$81]
435	435	2D2A	A	AD2A	35	controlled	YES		0	2	ED89,ED8F	F2,F2	F2 89 ED B7 76 A5 00 25 02 19 00 2F 0E 16 17 4B 04 4E 60 15 0B 07 75 15 2F 0B 05 0F 1D 18 6F F2 8F ED FF	[F2:$ED89]きたはまの いいじま ゆきお っていうだけで\n[F1:$02]あたしは あったことねえよ。[F2:$ED8F]	[FC:$4E][F0:$00,$89]きたはまの いいじま ゆきお っていうだけで\n[F1:$02]あたしは あったことねえよ。[F0:$08,$81]
436	436	2D4D	A	AD4D	32	plain	YES		0	0			65 05 1E 94 74 07 27 53 29 2E 6C 70 60 89 15 24 07 16 00 47 2E 52 0D 1B 10 60 20 18 6A 41 72 FF	シュン「このひとを しらべるんですね。\n[F1:$02]とくに あやしい じんぶつには\n[F1:$02]みえませんが……。	シュン「このひとを しらべるんですね。\n[F1:$02]とくに あやしい じんぶつには\n[F1:$02]みえませんが……。
437	437	2D6D	A	AD6D	45	controlled	YES		0	2	ED89,ED8F	F8,F2,F2	65 7B 05 1E 94 74 0F 29 2E 6C 77 63 36 F8 F2 89 ED 15 0B 07 85 1A 00 19 50 15 93 74 0F 2F 0E 23 60 07 01 0B 7F 2C 1A 15 3F F2 8F ED FF	シュン「え？ このひとを とるんですか ボス？\n[F2:$ED89]あたしみたいな おばあさんを とっても\n[F1:$02]しかたないわなあ。[F2:$ED8F]	シュン「え？ このひとを とるんですか ボス？\n[FC:$4E][F0:$00,$89]あたしみたいな おばあさんを とっても\n[F1:$02]しかたないわなあ。[F0:$08,$81]
438	438	2D9A	A	AD9A	7	plain	YES		0	0			65 84 74 B3 68 71 FF	シュン「なにを みせますか？	シュン「なにを みせますか？
439	439	2DA1	A	ADA1	15	controlled	YES		0	2	ED82,ED86	F2,F2	F2 82 ED 4B 2A 1E 99 74 B3 68 71 F2 86 ED FF	[F2:$ED82]だれのしゃしんを みせますか？[F2:$ED86]	シュン「[F0:$A1]だれのしゃしんを みせますか？[F0:$A2]
440	440	2DB0	A	ADB0	4	controlled	YES		0	1	E94F	F2	F2 4F E9 FF	[F2:$E94F]	シュン「[F0:$A1]ちょっと これをみてくれますか？[F0:$A2]\n[F1:$0A][FE][F9]
441	441	2DB4	A	ADB4	20	controlled	YES		0	2	ED89,ED8F	F2,F2	F2 89 ED 1A 2E 4B 00 15 2E 0B 27 00 90 01 1D 36 F2 8F ED FF	[F2:$ED89]なんだ あんたら けいさつかね？[F2:$ED8F]	[FC:$4E][F0:$00,$89]なんだ あんたら けいさつかね？[F0:$08,$81]
442	442	2DC8	A	ADC8	28	controlled	YES		0	2	ED89,ED8F	F2,F2	F2 89 ED 15 2E 0B 27 78 8F 93 4B 2F 0E 05 0F 10 60 80 00 7D 2F 0B 26 35 F2 8F ED FF	[F2:$ED89]あんたらが けいじさんだってことは\n[F1:$02]もう わかったよ！[F2:$ED8F]	[FC:$4E][F0:$00,$89]あんたらが けいじさんだってことは\n[F1:$02]もう わかったよ！[F0:$08,$81]
443	443	2DE4	A	ADE4	44	controlled	YES		0	3	E94F,ED89,ED8F	F2,F2,F2	F2 4F E9 F2 89 ED 05 2A 75 0B 07 01 73 17 0C 1E 94 78 01 1D 2D 01 28 0B 60 E2 06 27 02 2E 01 27 76 E3 10 41 02 4B 1E 3F F2 8F ED FF	[F2:$E94F][F2:$ED89]これは たしかに うちのひとが かねをかりた\n[F1:$02]サラきんからの ハガキだの。[F2:$ED8F]	シュン「[F0:$A1]ちょっと これをみてくれますか？[F0:$A2]\n[F1:$0A][FE][F9][FC:$4E][F0:$00,$89]これは たしかに うちのひとが かねをかりた\n[F1:$02]サラきんからの ハガキだの。[F0:$08,$81]
444	444	2E10	A	AE10	44	controlled	YES		0	2	E94F,DADB	F2,FC,F2	F2 4F E9 FC 4E 19 19 00 05 28 30 00 17 0C 1E 94 4B 41 72 60 1A 2E 4B 2F 0E 36 00 05 2B 06 2A 0B 38 60 0A 3E 0A 2E 1A 72 F2 DB DA FF	[F2:$E94F][FC:$4E]おお こりゃ うちのひとだが……。\n[F1:$02]なんだって？ ころされた[GLYPH:$38]\n[F1:$02]そ、そんな……。[F2:$DADB]	シュン「[F0:$A1]ちょっと これをみてくれますか？[F0:$A2]\n[F1:$0A][FE][F9][FC:$4E]おお こりゃ うちのひとだが……。\n[F1:$02]なんだって？ ころされた[GLYPH:$38]\n[F1:$02]そ、そんな……。\n[F1:$0A][FE][F9][F5:$11,$03]
445	445	2E3C	A	AE3C	24	controlled	YES		0	2	E94F,DADB	F2,FC,F2	F2 4F E9 FC 4E 15 3E 15 2E 0B 15 33 3F 00 17 2F 00 17 2F 72 F2 DB DA FF	[F2:$E94F][FC:$4E]あ、あんたあー。 うっ うっ……。[F2:$DADB]	シュン「[F0:$A1]ちょっと これをみてくれますか？[F0:$A2]\n[F1:$0A][FE][F9][FC:$4E]あ、あんたあー。 うっ うっ……。\n[F1:$0A][FE][F9][F5:$11,$03]
446	446	2E54	A	AE54	6	plain	YES		0	0			65 B8 00 6C 3F FF	シュン「あばしり です。	シュン「あばしり です。
447	447	2E5A	A	AE5A	60	plain	YES		0	0			65 B4 1E 94 75 B8 0F 16 17 0F 60 08 43 00 04 16 21 07 32 74 2A 2E 0A 17 00 08 29 01 23 60 07 2A 6A 70 62 65 4E 23 00 20 0E 1E 0F 19 28 60 19 4B 24 01 1A 00 1F 0C 1A 20 00 6E 3F FF	シュン「とうきょうのひとは あばしりというと\n[F1:$02]すぐ けいむしょを れんそう するかも\n[F1:$02]しれませんね。\n[F1:$0A][FE][F9]シュン「でも みてのとおり\n[F1:$02]おだやかな まちなみ でしょう。	シュン「とうきょうのひとは あばしりというと\n[F1:$02]すぐ けいむしょを れんそう するかも\n[F1:$02]しれませんね。\n[F1:$0A][FE][F9]シュン「でも みてのとおり\n[F1:$02]おだやかな まちなみ でしょう。
448	448	2E96	A	AE96	21	plain	YES		0	0			65 89 05 2A 0F 16 2F 0E 60 22 1B 0D 03 23 1E 75 7E 6A 41 3F FF	シュン「とくに これといって\n[F1:$02]めにつくものは ありませんが。	シュン「とくに これといって\n[F1:$02]めにつくものは ありませんが。
449	449	4600	B	8600	4	controlled	YES		0	1	E980	F2	F2 80 E9 FF	[F2:$E980]	シュン「ここには とるようなものは\n[F1:$02]みあたりませんが……。
450	450	2EAB	A	AEAB	27	plain	YES		0	0			65 63 3F 54 03 1B 75 A2 74 B3 0E 15 29 03 60 86 1A 00 07 31 20 75 7E 6A 41 3F FF	シュン「ボス。ぼくには てちょうを みせてあるく\n[F1:$02]ような しゅみは ありませんが。	シュン「ボス。ぼくには てちょうを みせてあるく\n[F1:$02]ような しゅみは ありませんが。
451	451	2EC6	A	AEC6	21	plain	YES		0	0			65 7A 88 05 1E 8C 76 94 1B 60 B3 0E 00 02 16 0E 20 6B 3F 62 FF	シュン「では ちょっと このあたりの ひとに\n[F1:$02]みせて きいてみましょう。\n[F1:$0A][FE][F9]	シュン「では ちょっと このあたりの ひとに\n[F1:$02]みせて きいてみましょう。\n[F1:$0A][FE][F9]
452	452	2EDB	A	AEDB	11	controlled	YES		0	3	E94F,E819,DADB	F2,F2,F2	F2 4F E9 66 F2 19 E8 F2 DB DA FF	[F2:$E94F]＊「[F2:$E819][F2:$DADB]	シュン「[F0:$A1]ちょっと これをみてくれますか？[F0:$A2]\n[F1:$0A][FE][F9]＊「なんですか これ？\n[F1:$0A][FE][F9][F5:$11,$03]
453	453	2EE6	A	AEE6	11	controlled	YES		0	2	E94F,DADB	F2,F2	F2 4F E9 66 06 15 72 F2 DB DA FF	[F2:$E94F]＊「さあ……。[F2:$DADB]	シュン「[F0:$A1]ちょっと これをみてくれますか？[F0:$A2]\n[F1:$0A][FE][F9]＊「さあ……。\n[F1:$0A][FE][F9][F5:$11,$03]
454	454	2EF1	A	AEF1	24	controlled	YES		0	2	E94F,DADB	F2,F2	F2 4F E9 66 05 2A 2D 20 0E 00 4F 17 1A 29 2F 0E 16 17 1E 36 F2 DB DA FF	[F2:$E94F]＊「これをみて どうなるっていうの？[F2:$DADB]	シュン「[F0:$A1]ちょっと これをみてくれますか？[F0:$A2]\n[F1:$0A][FE][F9]＊「これをみて どうなるっていうの？\n[F1:$0A][FE][F9][F5:$11,$03]
455	455	2F09	A	AF09	14	controlled	YES		0	2	E94F,DADB	F2,F2	F2 4F E9 66 7D 2E 7F 1A 15 72 F2 DB DA FF	[F2:$E94F]＊「わかんないなあ……。[F2:$DADB]	シュン「[F0:$A1]ちょっと これをみてくれますか？[F0:$A2]\n[F1:$0A][FE][F9]＊「わかんないなあ……。\n[F1:$0A][FE][F9][F5:$11,$03]
456	456	2F17	A	AF17	16	controlled	YES		0	2	E94F,DADB	F2,F2	F2 4F E9 66 07 27 7F 00 94 00 6C 70 F2 DB DA FF	[F2:$E94F]＊「しらない ひと ですね。[F2:$DADB]	シュン「[F0:$A1]ちょっと これをみてくれますか？[F0:$A2]\n[F1:$0A][FE][F9]＊「しらない ひと ですね。\n[F1:$0A][FE][F9][F5:$11,$03]
457	457	2F27	A	AF27	8	controlled	YES		0	2	E94F,E821	F2,F2	F2 4F E9 66 F2 21 E8 FF	[F2:$E94F]＊「[F2:$E821]	シュン「[F0:$A1]ちょっと これをみてくれますか？[F0:$A2]\n[F1:$0A][FE][F9]＊「だれです これ？\n[F1:$0A][FE][F9][F5:$11,$03]
458	458	2F2F	A	AF2F	55	plain	YES		0	0			65 88 1F 2F 0E 03 4B 06 16 00 63 35 62 65 16 1F 00 E4 55 0F 01 33 73 21 09 2E 2A 2E 27 03 41 7E 60 B8 05 17 73 8D 76 08 16 92 41 60 15 41 2F 0B 0F 1E 05 0F 6C 35 FF	シュン「ちょっと まってください ボス！\n[F1:$0A][FE][F9]シュン「いま パトカーに むせんれんらくがあり\n[F1:$02]あばしりこうに おとこの すいしたいが\n[F1:$02]あがったとのことです！	シュン「ちょっと まってください ボス！\n[F1:$0A][FE][F9]シュン「いま パトカーに むせんれんらくがあり\n[F1:$02]あばしりこうに おとこの すいしたいが\n[F1:$02]あがったとのことです！
459	459	2F66	A	AF66	6	plain	YES		0	0			65 B7 00 6C 3F FF	シュン「きたはま です。	シュン「きたはま です。
460	460	2F6C	A	AF6C	36	plain	YES		0	0			65 17 20 53 73 E3 59 0D 2E 0F 15 29 60 01 1A 28 00 06 51 07 16 00 18 02 6C 70 60 18 02 16 2E 78 16 68 3F FF	シュン「うみべに ポツンとある\n[F1:$02]かなり さびしい えきですね。\n[F1:$02]えきいんが います。	シュン「うみべに ポツンとある\n[F1:$02]かなり さびしい えきですね。\n[F1:$02]えきいんが います。
461	461	2F90	A	AF90	31	controlled	YES		0	2	ED93,ED9B	F2,F2	F2 93 ED 4B 2A 6C 71 00 0A 2E 1A 00 1A 1F 18 1E 94 10 60 07 28 15 16 73 16 6A 6F F2 9B ED FF	[F2:$ED93]だれですか？ そんな なまえのひとは\n[F1:$02]しりあいに いませんよ。[F2:$ED9B]	えきいん「[F0:$81]だれですか？ そんな なまえのひとは\n[F1:$02]しりあいに いませんよ。[F0:$82]
462	462	2FAF	A	AFAF	38	controlled	YES		0	2	ED93,ED9B	F2,F2	F2 93 ED 7B A5 93 36 60 47 30 15 00 15 2E 0B 0B 0C 23 00 A5 93 41 60 05 2B 06 2A 0B 0F 00 02 16 0E 38 F2 9B ED FF	[F2:$ED93]え？ いいじまさん？\n[F1:$02]じゃあ あんたたちも いいじまさんが\n[F1:$02]ころされたと きいて[GLYPH:$38][F2:$ED9B]	えきいん「[F0:$81]え？ いいじまさん？\n[F1:$02]じゃあ あんたたちも いいじまさんが\n[F1:$02]ころされたと きいて[GLYPH:$38][F0:$82]
463	463	2FD5	A	AFD5	51	controlled	YES		0	2	ED93,ED9B	F2,F2	F2 93 ED 84 2D 16 2F 0E 16 29 2E 6C 35 00 04 06 00 A5 93 60 76 92 78 10 1F 73 15 41 2F 0B 2F 0E 60 C8 47 31 17 00 19 19 06 2C 42 6C 26 2F 35 F2 9B ED FF	[F2:$ED93]なにをいっているんです！ けさ いいじまさん\n[F1:$02]の したいが はまに あがったって\n[F1:$02]まちじゅう おおさわぎですよっ！[F2:$ED9B]	えきいん「[F0:$81]なにをいっているんです！ けさ いいじまさん\n[F1:$02]の したいが はまに あがったって\n[F1:$02]まちじゅう おおさわぎですよっ！[F0:$82]
464	464	3008	A	B008	38	controlled	YES		0	2	ED93,ED9B	F2,F2	F2 93 ED 06 15 00 1A 2E 4E 00 A5 93 78 05 2B 06 2A 0B 60 1E 77 1F 29 4E 00 04 2E 0F 17 78 0D 02 6A 3F F2 9B ED FF	[F2:$ED93]さあ なんで いいじまさんが ころされた\n[F1:$02]のか まるで けんとうが つきません。[F2:$ED9B]	えきいん「[F0:$81]さあ なんで いいじまさんが ころされた\n[F1:$02]のか まるで けんとうが つきません。[F0:$82]
465	465	302E	A	B02E	40	plain	YES		0	0			65 05 1E 18 02 16 2E 74 07 27 53 29 1E 6C 71 60 10 2E 46 16 2D 19 01 08 86 1A 00 47 2E 52 0D 1B 10 60 20 18 6A 41 3F FF	シュン「このえきいんを しらべるのですか？\n[F1:$02]はんざいをおかすような じんぶつには\n[F1:$02]みえませんが。	シュン「このえきいんを しらべるのですか？\n[F1:$02]はんざいをおかすような じんぶつには\n[F1:$02]みえませんが。
466	466	3056	A	B056	38	plain	YES		0	0			65 12 07 42 1A 05 0F 73 94 78 15 1F 28 16 6A 3F 60 C8 47 31 17 4E 00 82 01 73 16 2F 0E 16 29 79 60 07 32 17 71 FF	シュン「ふしぎなことに ひとが あまりいません。\n[F1:$02]まちじゅうで どこかに いっているので\n[F1:$02]しょうか？	シュン「ふしぎなことに ひとが あまりいません。\n[F1:$02]まちじゅうで どこかに いっているので\n[F1:$02]しょうか？
467	467	307C	A	B07C	48	plain	YES		0	0			65 63 3F 19 05 0F 50 74 01 18 08 26 17 4E 60 02 32 17 07 31 03 6C 41 72 62 65 05 1E 94 1E 99 74 0F 2F 0E 23 60 16 20 41 7F 86 73 7C 16 68 3F FF	シュン「ボス。おことばを かえすようで\n[F1:$02]きょうしゅくですが……。\n[F1:$0A][FE][F9]シュン「このひとのしゃしんを とっても\n[F1:$02]いみがないように おもいます。	シュン「ボス。おことばを かえすようで\n[F1:$02]きょうしゅくですが……。\n[F1:$0A][FE][F9]シュン「このひとのしゃしんを とっても\n[F1:$02]いみがないように おもいます。
468	468	30AC	A	B0AC	35	controlled	YES		0	3	E94F,ED93,ED9B	F2,F2,F2	F2 4F E9 F2 93 ED 19 24 3F 8F 93 00 6D 71 60 24 10 28 00 A5 93 76 47 04 2E 4E 00 05 05 1B 36 F2 9B ED FF	[F2:$E94F][F2:$ED93]おや。けいじさん でしたか？\n[F1:$02]やはり いいじまさんの じけんで ここに？[F2:$ED9B]	シュン「[F0:$A1]ちょっと これをみてくれますか？[F0:$A2]\n[F1:$0A][FE][F9]えきいん「[F0:$81]おや。けいじさん でしたか？\n[F1:$02]やはり いいじまさんの じけんで ここに？[F0:$82]
469	469	30CF	A	B0CF	30	controlled	YES		0	3	E94F,ED93,ED9B	F2,F2,F2	F2 4F E9 F2 93 ED 16 2F 01 16 B3 27 2A 2A 50 00 19 54 18 0E 68 6F 60 8F 93 3F F2 9B ED FF	[F2:$E94F][F2:$ED93]いっかいみせられれば おぼえてますよ。\n[F1:$02]けいじさん。[F2:$ED9B]	シュン「[F0:$A1]ちょっと これをみてくれますか？[F0:$A2]\n[F1:$0A][FE][F9]えきいん「[F0:$81]いっかいみせられれば おぼえてますよ。\n[F1:$02]けいじさん。[F0:$82]
470	470	30ED	A	B0ED	52	controlled	YES		0	3	E94F,ED93,ED9B	F2,F2,F2	F2 4F E9 F2 93 ED 15 15 00 E3 59 08 0F 1A 27 00 01 16 06 0D 2D 4E 0E 72 60 7B E3 59 08 0F 1E 96 74 07 28 0B 01 2F 0B 2E 47 30 60 7F 2E 6C 01 72 F2 9B ED FF	[F2:$E94F][F2:$ED93]ああ ポストなら かいさつをでて……。\n[F1:$02]え？ ポストのばしょを しりたかったんじゃ\n[F1:$02]ないんですか……。[F2:$ED9B]	シュン「[F0:$A1]ちょっと これをみてくれますか？[F0:$A2]\n[F1:$0A][FE][F9]えきいん「[F0:$81]ああ ポストなら かいさつをでて……。\n[F1:$02]え？ ポストのばしょを しりたかったんじゃ\n[F1:$02]ないんですか……。[F0:$82]
471	471	3121	A	B121	12	controlled	YES		0	2	E94F,E985	F2,F2	F2 4F E9 18 02 16 2E 3A F2 85 E9 FF	[F2:$E94F]えきいん「[F2:$E985]	シュン「[F0:$A1]ちょっと これをみてくれますか？[F0:$A2]\n[F1:$0A][FE][F9]えきいん「うーん。みたことが あるようなきもしますが \n[F1:$02]それが どこで いつだったかまでは……。\n[F1:$02]どうも すいません。\n[F1:$0A][FE][F9][F5:$11,$03]
472	472	312D	A	B12D	76	controlled	YES		0	2	E94F,DADB	F2,F2	F2 4F E9 18 02 16 2E 3A 10 16 3F 05 2A 75 A5 93 73 60 1F 0C 41 16 00 7E 6A 3F 62 18 02 16 2E 3A 05 1E C8 76 47 0D 28 32 03 07 30 6D 01 27 60 05 1E 94 76 01 19 2D 07 27 7F 94 10 60 05 1E C8 73 14 0F 2E 4F 00 16 6A 6F F2 DB DA FF	[F2:$E94F]えきいん「はい。これは いいじまさんに \n[F1:$02]まちがい ありません。\n[F1:$0A][FE][F9]えきいん「このまちの じつりょくしゃでしたから\n[F1:$02]このひとの かおをしらないひとは\n[F1:$02]このまちに ほとんど いませんよ。[F2:$DADB]	シュン「[F0:$A1]ちょっと これをみてくれますか？[F0:$A2]\n[F1:$0A][FE][F9]えきいん「はい。これは いいじまさんに \n[F1:$02]まちがい ありません。\n[F1:$0A][FE][F9]えきいん「このまちの じつりょくしゃでしたから\n[F1:$02]このひとの かおをしらないひとは\n[F1:$02]このまちに ほとんど いませんよ。\n[F1:$0A][FE][F9][F5:$11,$03]
473	473	3179	A	B179	12	controlled	YES		0	2	E94F,E9B5	F2,F2	F2 4F E9 18 02 16 2E 3A F2 B5 E9 FF	[F2:$E94F]えきいん「[F2:$E9B5]	シュン「[F0:$A1]ちょっと これをみてくれますか？[F0:$A2]\n[F1:$0A][FE][F9]えきいん「なかなか かっぷくのいい ひと ですね。\n[F1:$02]いえ こころあたりが ありません。\n[F1:$0A][FE][F9][F5:$11,$03]
474	474	3185	A	B185	41	plain	YES		0	0			65 A5 76 20 17 0C 1E 23 1E 10 60 10 1F 53 73 16 29 0F 00 7C 16 68 6F 60 26 52 26 28 00 16 2F 0B 14 17 78 10 24 16 6E 3F FF	シュン「いいじまの みうちのものは\n[F1:$02]はまべに いると おもいますよ。\n[F1:$02]よぶより いったほうが はやいでしょう。	シュン「いいじまの みうちのものは\n[F1:$02]はまべに いると おもいますよ。\n[F1:$02]よぶより いったほうが はやいでしょう。
475	475	31AE	A	B1AE	26	plain	YES		0	0			65 B7 00 76 10 1F 53 00 6C 3F 60 01 1A 28 1E 94 78 15 0D 1F 2F 0E 16 68 3F FF	シュン「きたはま の はまべ です。\n[F1:$02]かなりのひとが あつまっています。	シュン「きたはま の はまべ です。\n[F1:$02]かなりのひとが あつまっています。
476	476	31C8	A	B1C8	41	plain	YES		0	0			65 08 4E 73 47 23 0F 76 90 41 60 07 27 53 74 19 05 1A 2F 0E 16 29 86 6C 3F 60 04 16 01 2E 76 08 41 0B 23 00 20 18 68 3F FF	シュン「すでに じもとの けいさつが\n[F1:$02]しらべを おこなっているようです。\n[F1:$02]けいかんの すがたも みえます。	シュン「すでに じもとの けいさつが\n[F1:$02]しらべを おこなっているようです。\n[F1:$02]けいかんの すがたも みえます。
477	477	31F1	A	B1F1	46	plain	YES		0	0			65 02 2E 47 32 76 94 76 97 7A A5 10 60 06 16 02 2E 00 20 32 17 73 0A 2C 0A 2C 07 0E 60 19 0C 0D 01 1A 01 2F 0B 0F 16 17 05 0F 6C 41 3F FF	シュン「きんじょの ひとの はなしでは いいじまは\n[F1:$02]さいきん みょうに そわそわして\n[F1:$02]おちつかなかったということですが。	シュン「きんじょの ひとの はなしでは いいじまは\n[F1:$02]さいきん みょうに そわそわして\n[F1:$02]おちつかなかったということですが。
478	478	321F	A	B21F	68	plain	YES		0	0			65 20 2E 1A 00 01 1A 28 00 05 17 12 2E 00 07 0E 16 29 60 86 6C 3F 62 65 0C 16 06 1A C8 00 6C 01 27 60 06 0D 47 2E 47 04 2E 00 1A 2E 0E 00 C8 00 10 47 1F 2F 0E 60 16 27 16 76 4B 16 47 04 2E 1A 1E 6E 3F FF	シュン「みんな かなり こうふん している\n[F1:$02]ようです。\n[F1:$0A][FE][F9]シュン「ちいさなまち ですから\n[F1:$02]さつじんじけん なんて まち はじまって\n[F1:$02]いらいの だいじけんなのでしょう。	シュン「みんな かなり こうふん している\n[F1:$02]ようです。\n[F1:$0A][FE][F9]シュン「ちいさなまち ですから\n[F1:$02]さつじんじけん なんて まち はじまって\n[F1:$02]いらいの だいじけんなのでしょう。
479	479	3263	A	B263	54	plain	YES		0	0			65 A5 00 25 02 19 00 75 05 1E C8 1E 60 47 0D 28 32 03 07 30 00 4B 2F 0B 86 6C 70 62 65 01 2A 1B 75 A6 0F 16 17 00 21 08 05 41 60 16 29 0A 17 6C 3F 26 51 6B 71 FF	シュン「いいじま ゆきお は このまちの\n[F1:$02]じつりょくしゃ だったようですね。\n[F1:$0A][FE][F9]シュン「かれには しんじという むすこが\n[F1:$02]いるそうです。よびましょうか？	シュン「いいじま ゆきお は このまちの\n[F1:$02]じつりょくしゃ だったようですね。\n[F1:$0A][FE][F9]シュン「かれには しんじという むすこが\n[F1:$02]いるそうです。よびましょうか？
480	480	3299	A	B299	31	plain	YES		0	0			65 16 1F 76 0F 05 2B 00 05 2B 06 2A 29 86 1A 60 28 25 17 78 81 00 20 0D 01 2F 0E 16 6A 3F FF	シュン「いまの ところ ころされるような\n[F1:$02]りゆうが まだ みつかっていません。	シュン「いまの ところ ころされるような\n[F1:$02]りゆうが まだ みつかっていません。
481	481	32B8	A	B2B8	29	plain	YES		0	0			65 19 1A 01 75 12 03 2A 0E 16 7F 07 60 01 16 08 16 2D 1E 2E 4B 00 86 08 75 7E 6A 3F FF	シュン「おなかは ふくれていないし\n[F1:$02]かいすいをのんだ ようすは ありません。	シュン「おなかは ふくれていないし\n[F1:$02]かいすいをのんだ ようすは ありません。
482	482,591	32D5	A	B2D5	45	plain	YES		1	0			65 15 0B 1F 1E 17 07 2B 00 73 4F 2E 02 4E 60 1A 43 27 2A 0B 86 1A 00 15 0F 78 7E 68 3F 60 05 2A 78 0C 32 03 09 0D 76 07 16 2E 6E 3F FF	シュン「あたまのうしろ に どんきで\n[F1:$02]なぐられたような あとが あります。\n[F1:$02]これが ちょくせつの しいんでしょう。	シュン「あたまのうしろ に どんきで\n[F1:$02]なぐられたような あとが あります。\n[F1:$02]これが ちょくせつの しいんでしょう。
483	483	3302	A	B302	59	controlled	YES		0	1	32D5	F2	F2 D5 32 62 65 07 01 07 00 63 3F B4 2C 2E 76 92 10 60 E4 56 08 0F 29 4E 00 17 0B 2A 0E 16 0B 0A 17 6C 70 62 65 05 1E D2 0D 76 47 04 2E 75 53 0D 76 91 1E 60 07 2C 46 6E 01 72 FF	[F2:$32D5]\n[F1:$0A][FE][F9]シュン「しかし ボス。とうきょうわんの したいは\n[F1:$02]ピストルで うたれていたそうですね。\n[F1:$0A][FE][F9]シュン「この[GLYPH:$D2]つの じけんは べつの はんにんの\n[F1:$02]しわざでしょうか……。	シュン「あたまのうしろ に どんきで\n[F1:$02]なぐられたような あとが あります。\n[F1:$02]これが ちょくせつの しいんでしょう。\n[F1:$0A][FE][F9]シュン「しかし ボス。とうきょうわんの したいは\n[F1:$02]ピストルで うたれていたそうですね。\n[F1:$0A][FE][F9]シュン「この[GLYPH:$D2]つの じけんは べつの はんにんの\n[F1:$02]しわざでしょうか……。
484	484	333D	A	B33D	37	plain	YES		0	0			65 05 1E 8C 1B 75 20 0D 01 28 6A 3F 60 0B 52 2E 00 16 07 1E 86 23 79 60 1A 43 2F 0B 0F 00 7C 2C 2A 68 41 72 FF	シュン「このあたりには みつかりません。\n[F1:$02]たぶん いしのようもので\n[F1:$02]なぐったと おもわれますが……。	シュン「このあたりには みつかりません。\n[F1:$02]たぶん いしのようもので\n[F1:$02]なぐったと おもわれますが……。
485	485	33A7	A	B3A7	43	controlled	YES		0	1	3362	F2	F2 62 33 47 31 2E 06 3A B4 23 2E 75 08 43 1B 60 47 52 2E 0C 31 17 07 2E 73 23 1E 2D 01 2E 41 18 29 01 27 60 02 27 16 47 30 6F FF	[F2:$3362]じゅんさ「とうきょうもんは すぐに\n[F1:$02]じぶんちゅうしんに ものをかんがえるから\n[F1:$02]きらいじゃよ。	じゅんさ「こら！ あんたら なにをするね！\n[F1:$0A][FE][F9]じゅんさ「わしは ここの じゅんさだが\n[F1:$02]かんかつがいの ひとに かってなマネを\n[F1:$02]されては こまるのう。\n[F1:$0A][FE][F9]じゅんさ「とうきょうもんは すぐに\n[F1:$02]じぶんちゅうしんに ものをかんがえるから\n[F1:$02]きらいじゃよ。
486	486	33D2	A	B3D2	53	controlled	YES		0	2	3362,E83E	F2,F2	F2 62 33 65 63 00 24 22 0E 19 02 6B 3F 62 65 0A 2A 0F 1A 03 00 07 27 53 0E 20 69 41 60 0E 41 01 28 1B 1A 29 F2 3E E8 10 60 20 1B 0D 04 0E 16 7F 86 4B 07 72 FF	[F2:$3362]シュン「ボス やめておきましょう。\n[F1:$0A][FE][F9]シュン「それとなく しらべてみましたが\n[F1:$02]てがかりになる[F2:$E83E]は\n[F1:$02]みにつけていないようだし……。	じゅんさ「こら！ あんたら なにをするね！\n[F1:$0A][FE][F9]じゅんさ「わしは ここの じゅんさだが\n[F1:$02]かんかつがいの ひとに かってなマネを\n[F1:$02]されては こまるのう。\n[F1:$0A][FE][F9]シュン「ボス やめておきましょう。\n[F1:$0A][FE][F9]シュン「それとなく しらべてみましたが\n[F1:$02]てがかりになるようなものは\n[F1:$02]みにつけていないようだし……。
487	487	3407	A	B407	6	plain	YES		1	0			65 7D 28 69 3F FF	シュン「わかりました。	シュン「わかりました。
488	488	340D	A	B40D	36	controlled	YES		0	2	E94F,DADB	F2,F2	F2 4F E9 66 05 2A 75 0A 05 73 07 2E 4E 16 29 60 A5 93 6C 3F 60 4E 23 00 0A 2A 78 84 01 3D 3D 36 F2 DB DA FF	[F2:$E94F]＊「これは そこに しんでいる\n[F1:$02]いいじまさんです。\n[F1:$02]でも それが なにか……？[F2:$DADB]	シュン「[F0:$A1]ちょっと これをみてくれますか？[F0:$A2]\n[F1:$0A][FE][F9]＊「これは そこに しんでいる\n[F1:$02]いいじまさんです。\n[F1:$02]でも それが なにか……？\n[F1:$0A][FE][F9][F5:$11,$03]
489	489	3431	A	B431	29	plain	YES		0	0			65 63 3F 10 2E 05 17 74 23 03 44 02 07 0B 2F 0E 60 94 75 20 0D 01 2F 0E 16 6A 41 72 FF	シュン「ボス。はんこうを もくげきしたって\n[F1:$02]ひとは みつかっていませんが……。	シュン「ボス。はんこうを もくげきしたって\n[F1:$02]ひとは みつかっていませんが……。
490	490	345F	A	B45F	25	controlled	YES		0	4	344E,ED9E,E88D,EDA3	F2,F8,F2,F2,F2	F2 4E 34 F8 F2 9E ED 8F 93 00 F2 8D E8 4B 2A 78 19 24 47 2D 36 F2 A3 ED FF	[F2:$344E]\n[F2:$ED9E]けいじさん [F2:$E88D]だれが おやじを？[F2:$EDA3]	シュン「いいじま ゆきおの むすこ、\n[F1:$02]しんじさんです。\nしんじ「[F0:$81]けいじさん いったい だれが おやじを？[F0:$82]
491	491	348C	A	B48C	21	plain	YES		0	0			65 63 00 84 74 1E 2E 02 1A 05 0F 2D 60 16 2F 0E 29 2E 6C 71 FF	シュン「ボス なにを のんきなことを\n[F1:$02]いってるんですか？	シュン「ボス なにを のんきなことを\n[F1:$02]いってるんですか？
492	492	34A1	A	B4A1	10	controlled	YES		0	3	ED9E,E893,EDA3	F2,F2,F2	F2 9E ED F2 93 E8 F2 A3 ED FF	[F2:$ED9E][F2:$E893][F2:$EDA3]	しんじ「[F0:$81]ますだ？ いえ そのなまえに\n[F1:$02]こころあたりは ありません。[F0:$82]
493	493	34AB	A	B4AB	94	controlled	YES		0	4	ED9E,EDA3,ED9E,EDA3	F2,F2,F2,F2	F2 9E ED 0A 17 16 18 50 00 19 24 47 3E 4B 2A 01 1B 60 25 08 27 2A 0E 16 29 85 6D 3F F2 A3 ED 62 F2 9E ED 16 0D 4B 2F 0B 77 0D 17 0C 32 17 01 27 00 D5 D0 1F 2E 14 4F 60 1A 03 1A 2F 0E 16 0E 3E 0F 16 0D 22 0E 23 00 0A 76 19 01 1D 2D 60 4F 17 07 0B 1E 77 16 2C 7F 2E 6C 70 F2 A3 ED FF	[F2:$ED9E]そういえば おやじ、だれかに\n[F1:$02]ゆすられているみたいでした。[F2:$EDA3]\n[F1:$0A][FE][F9][F2:$ED9E]いつだったか つうちょうから [GLYPH:$D5][GLYPH:$D0]まんほど\n[F1:$02]なくなっていて、といつめても その おかねを\n[F1:$02]どうしたのか いわないんですね。[F2:$EDA3]	しんじ「[F0:$81]そういえば おやじ、だれかに\n[F1:$02]ゆすられているみたいでした。[F0:$82]\n[F1:$0A][FE][F9]しんじ「[F0:$81]いつだったか つうちょうから [GLYPH:$D5][GLYPH:$D0]まんほど\n[F1:$02]なくなっていて、といつめても その おかねを\n[F1:$02]どうしたのか いわないんですね。[F0:$82]
494	494	3509	A	B509	59	controlled	YES		0	2	ED9E,EDA3	F2,F2	F2 9E ED 06 15 3D 3D 00 4B 2A 73 25 08 27 2A 0E 16 0B 01 10 72 60 4B 16 0B 16 00 4F 2E 1A 00 26 2C 20 78 15 2F 0B 1E 01 60 0A 2A 08 27 00 04 2E 0F 17 78 0D 02 6A 3F F2 A3 ED FF	[F2:$ED9E]さあ…… だれに ゆすられていたかは……。\n[F1:$02]だいたい どんな よわみが あったのか\n[F1:$02]それすら けんとうが つきません。[F2:$EDA3]	しんじ「[F0:$81]さあ…… だれに ゆすられていたかは……。\n[F1:$02]だいたい どんな よわみが あったのか\n[F1:$02]それすら けんとうが つきません。[F0:$82]
495	495	3544	A	B544	58	controlled	YES		0	4	ED9E,EDA3,ED9E,EDA3	F2,F2,F2,F2	F2 9E ED B9 00 BA 76 2B 50 0B 24 02 24 4E 60 10 0B 27 16 0E 16 29 00 94 00 6C 3F F2 A3 ED 62 F2 9E ED B3 76 1A 1F 18 75 0B 07 77 BB 60 4B 2F 0B 0F 00 7C 16 68 3F F2 A3 ED FF	[F2:$ED9E]さっぽろ すすきのの ろばたやきやで\n[F1:$02]はたらいている ひと です。[F2:$EDA3]\n[F1:$0A][FE][F9][F2:$ED9E]みせの なまえは たしか コロポックリ\n[F1:$02]だったと おもいます。[F2:$EDA3]	しんじ「[F0:$81]さっぽろ すすきのの ろばたやきやで\n[F1:$02]はたらいている ひと です。[F0:$82]\n[F1:$0A][FE][F9]しんじ「[F0:$81]みせの なまえは たしか コロポックリ\n[F1:$02]だったと おもいます。[F0:$82]
496	496	357E	A	B57E	74	controlled	YES		0	4	ED9E,EDA3,ED9E,EDA3	F2,F2,F2,F2	F2 9E ED 0A 2E 1A 00 12 01 16 0D 02 15 16 4E 23 00 7F 79 60 BB 1E A7 2F 0E 00 05 0F 16 41 16 10 60 0C 32 2F 0F 72 F2 A3 ED 62 F2 9E ED 04 2F 05 17 00 21 01 07 01 0B 42 1E 60 94 00 4B 2F 0B 0F 00 7C 16 68 41 72 F2 A3 ED FF	[F2:$ED9E]そんな ふかいつきあいでも ないので\n[F1:$02]コロポックリのゲンさんって こといがいは\n[F1:$02]ちょっと……。[F2:$EDA3]\n[F1:$0A][FE][F9][F2:$ED9E]けっこう むかしかたぎの\n[F1:$02]ひと だったと おもいますが……。[F2:$EDA3]	しんじ「[F0:$81]そんな ふかいつきあいでも ないので\n[F1:$02]コロポックリのゲンさんって こといがいは\n[F1:$02]ちょっと……。[F0:$82]\n[F1:$0A][FE][F9]しんじ「[F0:$81]けっこう むかしかたぎの\n[F1:$02]ひと だったと おもいますが……。[F0:$82]
497	497	35C8	A	B5C8	60	plain	YES		0	0			65 05 76 A6 74 07 27 53 29 1E 6C 70 62 65 0C 0C 19 24 76 A5 00 0F 75 1A 01 26 03 24 2F 0E 60 16 0B 85 4E 3E A6 1B 75 0C 0C 19 24 2D 60 05 2B 08 86 1A 00 4F 17 02 75 7F 86 6C 3F FF	シュン「この しんじを しらべるのですね。\n[F1:$0A][FE][F9]シュン「ちちおやの いいじま とは なかよくやって\n[F1:$02]いたみたいで、しんじには ちちおやを\n[F1:$02]ころすような どうきは ないようです。	シュン「この しんじを しらべるのですね。\n[F1:$0A][FE][F9]シュン「ちちおやの いいじま とは なかよくやって\n[F1:$02]いたみたいで、しんじには ちちおやを\n[F1:$02]ころすような どうきは ないようです。
498	498	3604	A	B604	10	controlled	YES		0	3	ED9E,E9D5,EDA3	F2,F2,F2	F2 9E ED F2 D5 E9 F2 A3 ED FF	[F2:$ED9E][F2:$E9D5][F2:$EDA3]	しんじ「[F0:$81]けいじさん いまさら そんなものを みせて\n[F1:$02]なんの おつもりですか？[F0:$82]
499	499	360E	A	B60E	72	controlled	YES		0	4	ED9E,EDA3,ED9E,EDA3	F2,F2,F2,F2	F2 9E ED 05 3E 05 1E E3 10 41 02 78 19 24 47 76 47 04 2E 0F 60 84 77 01 2E 04 16 78 15 29 1E 6C 71 F2 A3 ED 62 F2 9E ED 7B 7D 27 7F 01 27 00 02 16 0E 29 6C 2F 0E 36 60 4E 23 00 54 03 1B 23 00 7D 28 6A 6F F2 A3 ED FF	[F2:$ED9E]こ、このハガキが おやじの じけんと\n[F1:$02]なにか かんけいが あるのですか？[F2:$EDA3]\n[F1:$0A][FE][F9][F2:$ED9E]え？ わからないから きいてるですって？\n[F1:$02]でも ぼくにも わかりませんよ。[F2:$EDA3]	しんじ「[F0:$81]こ、このハガキが おやじの じけんと\n[F1:$02]なにか かんけいが あるのですか？[F0:$82]\n[F1:$0A][FE][F9]しんじ「[F0:$81]え？ わからないから きいてるですって？\n[F1:$02]でも ぼくにも わかりませんよ。[F0:$82]
500	500	3656	A	B656	37	controlled	YES		0	2	E94F,DADB	F2,F2	F2 4F E9 A6 3A 05 2A 75 A7 00 6C 70 60 01 20 41 0B 78 88 0C 41 17 04 4F 60 A7 73 C8 41 16 7F 6E 3F F2 DB DA FF	[F2:$E94F]しんじ「これは ゲンさん ですね。\n[F1:$02]かみがたが ちょっと ちがうけど\n[F1:$02]ゲンさんに まちがいないでしょう。[F2:$DADB]	シュン「[F0:$A1]ちょっと これをみてくれますか？[F0:$A2]\n[F1:$0A][FE][F9]しんじ「これは ゲンさん ですね。\n[F1:$02]かみがたが ちょっと ちがうけど\n[F1:$02]ゲンさんに まちがいないでしょう。\n[F1:$0A][FE][F9][F5:$11,$03]
501	501	367B	A	B67B	38	controlled	YES		0	2	E94F,DADB	F2,F2	F2 4F E9 A6 3A 7B 05 2A 75 A7 47 30 1A 01 2F 0B 1E 6C 71 60 07 01 07 00 26 03 00 1B 0E 16 29 1A 15 72 F2 DB DA FF	[F2:$E94F]しんじ「え？ これは ゲンさんじゃなかったのですか？\n[F1:$02]しかし よく にているなあ……。[F2:$DADB]	シュン「[F0:$A1]ちょっと これをみてくれますか？[F0:$A2]\n[F1:$0A][FE][F9]しんじ「え？ これは ゲンさんじゃなかったのですか？\n[F1:$02]しかし よく にているなあ……。\n[F1:$0A][FE][F9][F5:$11,$03]
502	502	36A1	A	B6A1	21	controlled	YES		0	2	E94F,DADB	F2,F2	F2 4F E9 A6 3A 19 24 47 1E 99 78 4F 17 01 07 69 71 F2 DB DA FF	[F2:$E94F]しんじ「おやじのしゃしんが どうかしましたか？[F2:$DADB]	シュン「[F0:$A1]ちょっと これをみてくれますか？[F0:$A2]\n[F1:$0A][FE][F9]しんじ「おやじのしゃしんが どうかしましたか？\n[F1:$0A][FE][F9][F5:$11,$03]
503	503	36B6	A	B6B6	57	controlled	YES		0	2	E94F,DADB	F2,F2	F2 4F E9 A6 3A 05 1E 94 75 20 0B 05 0F 78 7E 68 70 60 0B 07 77 19 24 47 76 07 28 15 16 4B 2F 0B 0F 72 60 16 18 3E 0A 2A 16 47 32 17 1E 05 0F 75 0C 32 2F 0F 72 F2 DB DA FF	[F2:$E94F]しんじ「このひとは みたことが ありますね。\n[F1:$02]たしか おやじの しりあいだったと……。\n[F1:$02]いえ、それいじょうのことは ちょっと……。[F2:$DADB]	シュン「[F0:$A1]ちょっと これをみてくれますか？[F0:$A2]\n[F1:$0A][FE][F9]しんじ「このひとは みたことが ありますね。\n[F1:$02]たしか おやじの しりあいだったと……。\n[F1:$02]いえ、それいじょうのことは ちょっと……。\n[F1:$0A][FE][F9][F5:$11,$03]
504	504	36EF	A	B6EF	46	controlled	YES		0	3	ED9E,EDA3,DADB	F2,F2,F2	65 4F 17 23 00 45 02 32 17 28 32 03 60 7E 41 0F 17 45 46 16 69 3F 62 F2 9E ED 15 2F 3E 80 00 16 16 6C 71 00 4E 10 3F F2 A3 ED F2 DB DA FF	シュン「どうも ごきょうりょく\n[F1:$02]ありがとうございました。\n[F1:$0A][FE][F9][F2:$ED9E]あっ、もう いいですか？ では。[F2:$EDA3][F2:$DADB]	シュン「どうも ごきょうりょく\n[F1:$02]ありがとうございました。\n[F1:$0A][FE][F9]しんじ「[F0:$81]あっ、もう いいですか？ では。[F0:$82]\n[F1:$0A][FE][F9][F5:$11,$03]
505	505	3725	A	B725	39	controlled	YES		0	2	371D,E88D	F2,F2	F2 1D 37 62 65 63 00 05 2A 4E 00 D3 0D 22 76 06 0D 47 2E 47 04 2E 60 6C 3F F2 8D E8 4F 17 1A 2F 0E 16 29 1E 6E 71 FF	[F2:$371D]\n[F1:$0A][FE][F9]シュン「ボス これで [GLYPH:$D3]つめの さつじんじけん\n[F1:$02]です。[F2:$E88D]どうなっているのでしょうか？	シュン「あばしりこう です。\n[F1:$0A][FE][F9]シュン「ボス これで [GLYPH:$D3]つめの さつじんじけん\n[F1:$02]です。いったい どうなっているのでしょうか？
506	506	374C	A	B74C	39	plain	YES		0	0			65 05 1E 8C 76 17 20 75 C9 6C 3F 60 07 19 06 16 76 46 2C 22 02 78 1F 29 4E 60 84 01 74 01 0B 2F 0E 16 29 86 6C 3F FF	シュン「このあたりの うみは オホーツクです。\n[F1:$02]しおさいの ざわめきが まるで\n[F1:$02]なにかを かたっているようです。	シュン「このあたりの うみは オホーツクです。\n[F1:$02]しおさいの ざわめきが まるで\n[F1:$02]なにかを かたっているようです。
507	507	3773	A	B773	35	plain	YES		0	0			65 8C 1E 94 73 02 02 05 20 74 07 69 41 60 91 74 23 03 44 02 07 0B 0F 16 17 00 94 10 60 16 7F 86 6C 3F FF	シュン「あたりのひとに ききこみを しましたが\n[F1:$02]はんにんを もくげきしたという ひとは\n[F1:$02]いないようです。	シュン「あたりのひとに ききこみを しましたが\n[F1:$02]はんにんを もくげきしたという ひとは\n[F1:$02]いないようです。
508	508	3796	A	B796	66	plain	YES		0	0			65 1A 2E 4E 23 00 B4 1B 15 29 00 19 19 0E 1E 60 E4 08 33 55 33 76 07 30 0C 32 17 00 4B 0A 17 6C 3F 62 65 14 2F 01 16 4F 17 1B 75 01 2E 05 17 28 32 05 17 4E 60 4E 01 04 0B 0F 16 17 05 0F 6C 41 3F FF	シュン「なんでも とうきょうにある おおての\n[F1:$02]スーパーの しゃちょう だそうです。\n[F1:$0A][FE][F9]シュン「ほっかいどうには かんこうりょこうで\n[F1:$02]でかけたということですが。	シュン「なんでも とうきょうにある おおての\n[F1:$02]スーパーの しゃちょう だそうです。\n[F1:$0A][FE][F9]シュン「ほっかいどうには かんこうりょこうで\n[F1:$02]でかけたということですが。
509	509	37D8	A	B7D8	97	plain	YES		0	0			65 A8 78 1A 49 00 14 2F 01 16 4F 17 1F 4E 02 0E 60 05 2B 06 2A 0B 1E 71 60 0A 76 28 25 17 75 81 00 7D 2F 0E 16 6A 3F 62 65 07 01 07 00 2C 46 2C 46 00 B4 1F 4E 16 2F 0E 60 05 2B 06 2A 0B 00 A4 00 0F 16 16 3E 62 65 05 1E D2 0D 1E 47 04 2E 75 02 20 32 17 1A 00 12 45 17 2D 60 B3 0E 16 68 70 FF	シュン「しらきが なぜ ほっかいどうまできて\n[F1:$02]ころされたのか？\n[F1:$02]その りゆうは まだ わかっていません。\n[F1:$0A][FE][F9]シュン「しかし わざわざ とうきょうまでいって\n[F1:$02]ころされた ますだ といい、\n[F1:$0A][FE][F9]シュン「この[GLYPH:$D2]つのじけんは きみょうな ふごうを\n[F1:$02]みせていますね。	シュン「しらきが なぜ ほっかいどうまできて\n[F1:$02]ころされたのか？\n[F1:$02]その りゆうは まだ わかっていません。\n[F1:$0A][FE][F9]シュン「しかし わざわざ とうきょうまでいって\n[F1:$02]ころされた ますだ といい、\n[F1:$0A][FE][F9]シュン「この[GLYPH:$D2]つのじけんは きみょうな ふごうを\n[F1:$02]みせていますね。
510	510	3839	A	B839	26	plain	YES		0	0			65 95 76 17 0C E4 59 04 2F 0F 01 27 60 9A 0F 00 9B 16 2A 78 4E 0E 02 69 3F FF	シュン「ひがいしゃの うちポケットから\n[F1:$02]さいふと めいしいれが でてきました。	シュン「ひがいしゃの うちポケットから\n[F1:$02]さいふと めいしいれが でてきました。
511	511	3853	A	B853	31	plain	YES		0	0			65 9A 0F 00 9B 16 2A 00 16 41 16 10 60 05 2A 0F 16 2F 0B 23 1E 74 20 1B 0D 04 0E 16 6A 3F FF	シュン「さいふと めいしいれ いがいは\n[F1:$02]これといったものを みにつけていません。	シュン「さいふと めいしいれ いがいは\n[F1:$02]これといったものを みにつけていません。
512	512	3872	A	B872	109	plain	YES		0	0			65 11 23 1E 86 1A 23 79 00 03 51 2D 07 22 27 2A 0B 60 15 0F 78 7E 68 3F 62 65 07 01 07 00 20 48 74 1E 2E 4E 00 16 29 05 0F 01 27 60 17 20 1B 1A 44 05 1F 2A 0B 0F 02 00 81 60 16 02 0E 16 0B 0F 00 16 18 29 6E 3F 62 65 63 3F 91 75 0C 01 27 76 26 2C 16 60 1B 2E 44 2E 72 51 32 17 1B 2E 00 15 29 16 10 60 8E 01 23 00 07 2A 6A 70 FF	シュン「ひものようなもので くびをしめられた\n[F1:$02]あとが あります。\n[F1:$0A][FE][F9]シュン「しかし みずを のんで いることから\n[F1:$02]うみになげこまれたとき まだ\n[F1:$02]いきていたと いえるでしょう。\n[F1:$0A][FE][F9]シュン「ボス。はんにんは ちからの よわい\n[F1:$02]にんげん……。びょうにん あるいは\n[F1:$02]おんなかも しれませんね。	シュン「ひものようなもので くびをしめられた\n[F1:$02]あとが あります。\n[F1:$0A][FE][F9]シュン「しかし みずを のんで いることから\n[F1:$02]うみになげこまれたとき まだ\n[F1:$02]いきていたと いえるでしょう。\n[F1:$0A][FE][F9]シュン「ボス。はんにんは ちからの よわい\n[F1:$02]にんげん……。びょうにん あるいは\n[F1:$02]おんなかも しれませんね。
513	513	38DF	A	B8DF	30	plain	YES		0	0			65 19 01 1D 78 10 16 2F 0B 1F 1F 00 6C 3F 60 23 1E 0F 28 76 10 2E 05 17 7A 7F 86 6C 3F FF	シュン「おかねが はいったまま です。\n[F1:$02]ものとりの はんこうでは ないようです。	シュン「おかねが はいったまま です。\n[F1:$02]ものとりの はんこうでは ないようです。
514	514	38FD	A	B8FD	52	plain	YES		0	0			65 A8 00 25 17 03 2B 17 3F B4 0F 60 22 43 2B 03 00 19 03 06 2C 72 62 65 95 76 20 23 0F 00 6C 3F 00 23 17 60 B4 1B 75 07 27 09 0B 0F 16 17 05 0F 6C 41 3F FF	シュン「しらき ゆうくろう。とうきょうと\n[F1:$02]めぐろく おくさわ……。\n[F1:$0A][FE][F9]シュン「ひがいしゃの みもと です。 もう\n[F1:$02]とうきょうには しらせたということですが。	シュン「しらき ゆうくろう。とうきょうと\n[F1:$02]めぐろく おくさわ……。\n[F1:$0A][FE][F9]シュン「ひがいしゃの みもと です。 もう\n[F1:$02]とうきょうには しらせたということですが。
515	515	3931	A	B931	44	plain	YES		0	0			65 7A 05 1E 9A 74 23 27 2F 0E 19 02 68 3F 60 63 00 0F 03 07 0C 30 16 69 70 0F 16 17 1E 10 60 23 0C 2B 2E 00 47 32 17 4B 2E 6C 35 FF	シュン「では このさいふを もらっておきます。\n[F1:$02]ボス とくしちゃいましたね。というのは\n[F1:$02]もちろん じょうだんです！	シュン「では このさいふを もらっておきます。\n[F1:$02]ボス とくしちゃいましたね。というのは\n[F1:$02]もちろん じょうだんです！
516	516	395D	A	B95D	33	plain	YES		0	0			65 7A 95 76 20 23 0F 2D 60 07 22 08 23 1E 0F 07 0E 00 01 2E 07 02 1B 60 1F 2C 07 0E 19 02 6B 3F FF	シュン「では ひがいしゃの みもとを\n[F1:$02]しめすものとして かんしきに\n[F1:$02]まわしておきましょう。	シュン「では ひがいしゃの みもとを\n[F1:$02]しめすものとして かんしきに\n[F1:$02]まわしておきましょう。
517	517	397E	A	B97E	7	controlled	YES		0	2	E94F,EBD2	F2,F2	F2 4F E9 F2 D2 EB FF	[F2:$E94F][F2:$EBD2]	シュン「[F0:$A1]ちょっと これをみてくれますか？[F0:$A2]\n[F1:$0A][FE][F9]おばさん「[F0:$81]これが どうかしただか？[F0:$82]
518	518	39A1	A	B9A1	33	controlled	YES		0	1	3985	F2	F2 85 39 62 65 63 3F 4B 2A 01 27 23 00 89 05 2A 0F 16 2F 0B 60 10 2E 1E 17 74 18 27 2A 6A 6D 3F FF	[F2:$3985]\n[F1:$0A][FE][F9]シュン「ボス。だれからも とくに これといった\n[F1:$02]はんのうを えられませんでした。	シュン「では このあたりのひとに\n[F1:$02]いろいろと みせて はなしを\n[F1:$02]きいてみましょう。\n[F1:$0A][FE][F9]シュン「ボス。だれからも とくに これといった\n[F1:$02]はんのうを えられませんでした。
519	519	39C2	A	B9C2	25	plain	YES		0	0			65 15 00 63 00 1F 2F 0E 03 4B 06 16 35 60 4B 2A 77 02 0B 86 6C 2F 3F 62 FF	シュン「あ ボス まってください！\n[F1:$02]だれか きたようですっ。\n[F1:$0A][FE][F9]	シュン「あ ボス まってください！\n[F1:$02]だれか きたようですっ。\n[F1:$0A][FE][F9]
520	520	39DB	A	B9DB	35	controlled	YES		0	2	EDA6,EDAB	F2,F2	F2 A6 ED 07 30 3E 07 30 0C 32 17 33 37 60 4F 3E 4F 17 07 0E 00 05 2E 1A 08 41 0B 1B 2F 3D 37 F2 AB ED FF	[F2:$EDA6]しゃ、しゃちょうー[GLYPH:$37]\n[F1:$02]ど、どうして こんなすがたにっ…[GLYPH:$37][F2:$EDAB]	[FC:$15][F0:$81]しゃ、しゃちょうー[GLYPH:$37]\n[F1:$02]ど、どうして こんなすがたにっ…[GLYPH:$37][F0:$82]
521	521	39FE	A	B9FE	23	controlled	YES		0	2	EDA6,EDAB	F2,F2	F2 A6 ED 1A 3E 1A 2E 6C 35 60 81 00 2C 0B 07 73 86 41 36 F2 AB ED FF	[F2:$EDA6]な、なんです！\n[F1:$02]まだ わたしに ようが？[F2:$EDAB]	[FC:$15][F0:$81]な、なんです！\n[F1:$02]まだ わたしに ようが？[F0:$82]
522	522	3A15	A	BA15	38	controlled	YES		0	2	EDA6,EDAB	F2,F2	F2 A6 ED 06 01 43 0C 00 0B 0D 19 3F 60 A8 07 30 0C 32 17 76 11 07 32 74 24 2F 0E 29 60 23 1E 6C 41 3F F2 AB ED FF	[F2:$EDA6]さかぐち たつお。\n[F1:$02]しらきしゃちょうの ひしょを やってる\n[F1:$02]ものですが。[F2:$EDAB]	[FC:$15][F0:$81]さかぐち たつお。\n[F1:$02]しらきしゃちょうの ひしょを やってる\n[F1:$02]ものですが。[F0:$82]
523	523	3A3B	A	BA3B	73	controlled	YES		0	4	EDA6,EDAB,EDA6,EDAB	F2,F2,F2,F2	F2 A6 ED 02 16 0B 05 0F 78 15 29 86 1A 72 F2 AB ED 62 F2 A6 ED 4E 23 00 8F 93 00 1A 2E 4B 2F 0E 00 0A 2E 1A 60 01 2E 04 16 41 7F 00 94 1E 05 0F 50 01 28 60 02 03 2E 6C 01 2F 38 00 07 30 3E 07 30 0C 32 33 3F F2 AB ED FF	[F2:$EDA6]きいたことが あるような……。[F2:$EDAB]\n[F1:$0A][FE][F9][F2:$EDA6]でも けいじさん なんだって そんな\n[F1:$02]かんけいがない ひとのことばかり\n[F1:$02]きくんですかっ[GLYPH:$38] しゃ、しゃちょー。[F2:$EDAB]	[FC:$15][F0:$81]きいたことが あるような……。[F0:$82]\n[F1:$0A][FE][F9][FC:$15][F0:$81]でも けいじさん なんだって そんな\n[F1:$02]かんけいがない ひとのことばかり\n[F1:$02]きくんですかっ[GLYPH:$38] しゃ、しゃちょー。[F0:$82]
524	524	3A84	A	BA84	49	controlled	YES		0	2	EDA6,EDAB	F2,F2	F2 A6 ED 06 15 72 07 30 0C 32 17 76 21 01 07 76 07 28 15 16 0F 60 16 17 16 41 16 10 72 60 7B 05 1E 94 23 00 05 2B 06 2A 0B 6C 2F 0E 38 F2 AB ED FF	[F2:$EDA6]さあ……。しゃちょうの むかしの しりあいと\n[F1:$02]いういがいは……。\n[F1:$02]え？ このひとも ころされたですって[GLYPH:$38][F2:$EDAB]	[FC:$15][F0:$81]さあ……。しゃちょうの むかしの しりあいと\n[F1:$02]いういがいは……。\n[F1:$02]え？ このひとも ころされたですって[GLYPH:$38][F0:$82]
525	525	3AB5	A	BAB5	66	controlled	YES		0	4	EDA6,EDAB,EDA6,EDAB	F2,F2,F2,F2	F2 A6 ED 07 30 3E 07 30 0C 32 17 75 BC 73 28 32 05 17 60 08 29 2F 0E 00 4E 01 04 0B 2E 6C 3F F2 AB ED 62 F2 A6 ED B8 1B 16 03 1A 2E 0E 00 94 05 0F 23 00 16 2F 0E 60 1A 01 2F 0B 1E 1B 72 F2 AB ED FF	[F2:$EDA6]しゃ、しゃちょうは ましゅうこに りょこう\n[F1:$02]するって でかけたんです。[F2:$EDAB]\n[F1:$0A][FE][F9][F2:$EDA6]あばしりにいくなんて ひとことも いって\n[F1:$02]なかったのに……。[F2:$EDAB]	[FC:$15][F0:$81]しゃ、しゃちょうは ましゅうこに りょこう\n[F1:$02]するって でかけたんです。[F0:$82]\n[F1:$0A][FE][F9][FC:$15][F0:$81]あばしりにいくなんて ひとことも いって\n[F1:$02]なかったのに……。[F0:$82]
526	526	3AF7	A	BAF7	39	controlled	YES		0	2	EDA6,EDAB	F2,F2	F2 A6 ED 4F 17 07 0E 00 07 30 0C 32 17 78 05 2E 1A 05 0F 1B 72 60 2C 0B 07 78 02 02 0B 16 6C 3E 8F 93 35 F2 AB ED FF	[F2:$EDA6]どうして しゃちょうが こんなことに……。\n[F1:$02]わたしが ききたいです、けいじさん！[F2:$EDAB]	[FC:$15][F0:$81]どうして しゃちょうが こんなことに……。\n[F1:$02]わたしが ききたいです、けいじさん！[F0:$82]
527	527	3B1E	A	BB1E	44	controlled	YES		0	2	EDA6,EDAB	F2,F2	F2 A6 ED 06 15 3D 00 A9 0F 16 17 00 1A 1F 18 07 01 72 60 24 10 28 00 14 2F 01 16 4F 17 01 27 00 02 0B 94 60 85 6D 41 72 F2 AB ED FF	[F2:$EDA6]さあ… おくむらという なまえしか……。\n[F1:$02]やはり ほっかいどうから きたひと\n[F1:$02]みたいでしたが……。[F2:$EDAB]	[FC:$15][F0:$81]さあ… おくむらという なまえしか……。\n[F1:$02]やはり ほっかいどうから きたひと\n[F1:$02]みたいでしたが……。[F0:$82]
528	528	3B58	A	BB58	37	controlled	YES		0	1	3B4A	F2	F2 4A 3B 65 A8 1E 11 07 32 6C 3F 60 A8 76 12 05 17 2D 02 16 0E 00 B4 01 27 60 01 04 0D 04 0E 02 0B 1E 6E 3F FF	[F2:$3B4A]シュン「しらきのひしょです。\n[F1:$02]しらきの ふこうをきいて とうきょうから\n[F1:$02]かけつけてきたのでしょう。	シュン「このひとを しらべるんですね。\n[F1:$0A][FE][F9]シュン「しらきのひしょです。\n[F1:$02]しらきの ふこうをきいて とうきょうから\n[F1:$02]かけつけてきたのでしょう。
529	529	3B7D	A	BB7D	96	controlled	YES		0	2	E94F,DADB	F2,FC,FC,F2	F2 4F E9 FC 15 15 35 00 05 1E 94 1A 27 00 16 0C 4F 00 B4 1B 60 02 0B 05 0F 41 7E 68 3F 60 7B A5 2F 0E 00 16 17 2E 6C 71 62 FC 15 0A 1E 0F 02 00 0B 07 77 A9 00 0F 01 16 17 94 23 60 16 2F 07 32 6D 3F 12 0B 28 0F 23 07 30 0C 32 17 1E 60 21 01 07 01 27 76 19 07 28 15 16 85 4E 72 F2 DB DA FF	[F2:$E94F][FC:$15]あ！ このひとなら いちど とうきょうに\n[F1:$02]きたことがあります。\n[F1:$02]え？ いいじまって いうんですか？\n[F1:$0A][FE][F9][FC:$15]そのとき たしか おくむら とかいうひとも\n[F1:$02]いっしょでした。ふたりともしゃちょうの\n[F1:$02]むかしからの おしりあいみたいで……。[F2:$DADB]	シュン「[F0:$A1]ちょっと これをみてくれますか？[F0:$A2]\n[F1:$0A][FE][F9][FC:$15]あ！ このひとなら いちど とうきょうに\n[F1:$02]きたことがあります。\n[F1:$02]え？ いいじまって いうんですか？\n[F1:$0A][FE][F9][FC:$15]そのとき たしか おくむら とかいうひとも\n[F1:$02]いっしょでした。ふたりともしゃちょうの\n[F1:$02]むかしからの おしりあいみたいで……。\n[F1:$0A][FE][F9][F5:$11,$03]
530	530	3BDD	A	BBDD	33	controlled	YES		0	2	E94F,DADB	F2,FC,F2	F2 4F E9 FC 15 18 18 00 A9 0F 01 16 17 00 94 0F 60 B4 73 02 0B 1E 75 05 1E 94 00 6C 3F F2 DB DA FF	[F2:$E94F][FC:$15]ええ おくむらとかいう ひとと\n[F1:$02]とうきょうに きたのは このひと です。[F2:$DADB]	シュン「[F0:$A1]ちょっと これをみてくれますか？[F0:$A2]\n[F1:$0A][FE][F9][FC:$15]ええ おくむらとかいう ひとと\n[F1:$02]とうきょうに きたのは このひと です。\n[F1:$0A][FE][F9][F5:$11,$03]
531	531	3BFE	A	BBFE	52	controlled	YES		0	2	E94F,DADB	F2,FC,F2	F2 4F E9 FC 15 07 30 0C 32 17 35 00 1A 2E 4E 00 07 2E 4B 1E 6C 01 38 60 2C 0B 07 74 07 0E 2E 0C 32 17 1B 07 0E 03 2A 29 2F 0E 60 97 10 3D 2F 35 F2 DB DA FF	[F2:$E94F][FC:$15]しゃちょう！ なんで しんだのですか[GLYPH:$38]\n[F1:$02]わたしを してんちょうにしてくれるって\n[F1:$02]はなしは…っ！[F2:$DADB]	シュン「[F0:$A1]ちょっと これをみてくれますか？[F0:$A2]\n[F1:$0A][FE][F9][FC:$15]しゃちょう！ なんで しんだのですか[GLYPH:$38]\n[F1:$02]わたしを してんちょうにしてくれるって\n[F1:$02]はなしは…っ！\n[F1:$0A][FE][F9][F5:$11,$03]
532	532	3C32	A	BC32	21	controlled	YES		0	3	EDA6,EDAB,DADB	F2,F2,F2	F2 A6 ED 07 30 3E 07 30 0C 32 17 33 2F 35 F2 AB ED F2 DB DA FF	[F2:$EDA6]しゃ、しゃちょうーっ！[F2:$EDAB][F2:$DADB]	[FC:$15][F0:$81]しゃ、しゃちょうーっ！[F0:$82]\n[F1:$0A][FE][F9][F5:$11,$03]
533	533	3C47	A	BC47	4	controlled	YES		1	1	E9F0	F2	F2 F0 E9 FF	[F2:$E9F0]	シュン「ましゅうこ です。
534	534	3C4B	A	BC4B	18	controlled	YES		0	1	3C47	F2,F8	F2 47 3C F8 65 24 15 00 1F 0B 00 19 15 16 07 69 70 FF	[F2:$3C47]\nシュン「やあ また おあいしましたね。	シュン「ましゅうこ です。\nシュン「やあ また おあいしましたね。
535	535	3C5D	A	BC5D	35	plain	YES		0	0			65 20 48 17 20 78 20 2C 0B 09 29 00 0E 2E 54 17 4B 16 6C 60 12 0B 28 4D 2A 76 47 32 09 16 78 16 68 3F FF	シュン「みずうみが みわたせる てんぼうだいです\n[F1:$02]ふたりづれの じょせいが います。	シュン「みずうみが みわたせる てんぼうだいです\n[F1:$02]ふたりづれの じょせいが います。
536	536	3C80	A	BC80	22	plain	YES		0	0			65 14 01 1B 75 89 05 2A 0F 16 2F 0B 23 1E 10 60 20 8C 6A 41 72 FF	シュン「ほかには とくに これといったものは\n[F1:$02]みあたりませんが……。	シュン「ほかには とくに これといったものは\n[F1:$02]みあたりませんが……。
537	537	3C96	A	BC96	25	plain	YES		0	0			65 20 0E 1E 86 73 06 02 14 4F 76 12 0B 28 4D 2A 41 60 16 29 4B 04 6C 3F FF	シュン「みてのように さきほどの ふたりづれが\n[F1:$02]いるだけです。	シュン「みてのように さきほどの ふたりづれが\n[F1:$02]いるだけです。
538	538	3CAF	A	BCAF	64	controlled	YES		0	4	EDAE,EDB3,EDAE,EDB3	F2,F2,F2,F2	F2 AE ED 2C 0B 07 75 1A 01 24 1F 00 AC 3F 60 0F 1A 28 1B 16 29 1E 75 2C 0B 07 76 0F 23 4B 0C 1E 60 1E 21 27 00 AB 00 6F F2 B3 ED 62 F2 AE ED 4E 23 00 0A 2A 78 4F 17 01 07 0B 1E 36 F2 B3 ED FF	[F2:$EDAE]わたしは なかやま めぐみ。\n[F1:$02]となりにいるのは わたしの ともだちの\n[F1:$02]のむら まきこ よ。[F2:$EDB3]\n[F1:$0A][FE][F9][F2:$EDAE]でも それが どうかしたの？[F2:$EDB3]	[FC:$63][F0:$B1]わたしは なかやま めぐみ。\n[F1:$02]となりにいるのは わたしの ともだちの\n[F1:$02]のむら まきこ よ。[F0:$B2]\n[F1:$0A][FE][F9][FC:$63][F0:$B1]でも それが どうかしたの？[F0:$B2]
539	539	3CEF	A	BCEF	53	controlled	YES		0	4	EDB6,EDBB,EDAE,EDB3	F2,F8,F2,F2,F2	F2 B6 ED 1E 21 27 00 AB 00 6C 41 72 F8 F2 BB ED F2 AE ED 0A 07 0E 00 2C 0B 07 75 1A 01 24 1F 00 AC 3F 60 06 2F 02 00 16 2C 1A 01 2F 0B 01 07 27 72 F2 B3 ED FF	[F2:$EDB6]のむら まきこ ですが……。\n[F2:$EDBB][F2:$EDAE]そして わたしは なかやま めぐみ。\n[F1:$02]さっき いわなかったかしら……。[F2:$EDB3]	[FC:$5C][F0:$A9]のむら まきこ ですが……。\n[F0:$AA][FC:$63][F0:$B1]そして わたしは なかやま めぐみ。\n[F1:$02]さっき いわなかったかしら……。[F0:$B2]
540	540	3D24	A	BD24	63	controlled	YES		0	4	EDAE,EDB3,EDAE,EDB3	F2,F2,F2,F2	F2 AE ED 7D 2F 0B 35 00 15 1A 0B 0B 0C 00 E3 1A 2E 55 08 29 02 60 1A 2E 6E 3F F2 B3 ED 62 F2 AE ED 4E 23 00 2C 4B 16 76 4B 07 01 0B 78 E2 13 0B 70 60 4E 1A 19 07 0E 02 0B 27 36 F2 B3 ED FF	[F2:$EDAE]わかった！ あなたたち ナンパするき\n[F1:$02]なんでしょう。[F2:$EDB3]\n[F1:$0A][FE][F9][F2:$EDAE]でも わだいの だしかたが ヘタね。\n[F1:$02]でなおしてきたら？[F2:$EDB3]	[FC:$63][F0:$B1]わかった！ あなたたち ナンパするき\n[F1:$02]なんでしょう。[F0:$B2]\n[F1:$0A][FE][F9][FC:$63][F0:$B1]でも わだいの だしかたが ヘタね。\n[F1:$02]でなおしてきたら？[F0:$B2]
541	541	3D63	A	BD63	94	controlled	YES		0	4	EDAE,EDB3,EDAE,EDB3	F2,F2,F2,F2	F2 AE ED 2C 0B 07 75 B4 01 27 00 28 32 05 17 1B 60 02 0B 1E 6F 60 07 0D 2A 2E 76 94 28 0B 51 2F 0E 00 0F 05 01 1A 3F F2 B3 ED 62 F2 AE ED 4E 23 00 19 06 1A 1A 47 20 76 AB 41 60 14 2F 01 16 4F 17 73 08 2E 4E 16 0B 79 00 9D 07 0E 60 0D 02 15 2F 0E 23 27 2F 0E 29 2C 04 3F F2 B3 ED FF	[F2:$EDAE]わたしは とうきょうから りょこうに\n[F1:$02]きたのよ。\n[F1:$02]しつれんの ひとりたびって とこかな。[F2:$EDB3]\n[F1:$0A][FE][F9][F2:$EDAE]でも おさななじみの まきこが\n[F1:$02]ほっかいどうに すんでいたので でんわして\n[F1:$02]つきあってもらってるわけ。[F2:$EDB3]	[FC:$63][F0:$B1]わたしは とうきょうから りょこうに\n[F1:$02]きたのよ。\n[F1:$02]しつれんの ひとりたびって とこかな。[F0:$B2]\n[F1:$0A][FE][F9][FC:$63][F0:$B1]でも おさななじみの まきこが\n[F1:$02]ほっかいどうに すんでいたので でんわして\n[F1:$02]つきあってもらってるわけ。[F0:$B2]
542	542	3DC1	A	BDC1	96	controlled	YES		0	4	EDB6,EDBB,EDB6,EDBB	F2,F2,F2,F2	F2 B6 ED 2C 0B 07 75 14 2F 01 16 4F 17 73 08 2E 4E 16 68 41 60 28 32 05 17 1A 2E 0E 00 15 1F 28 07 7F 07 72 60 AC 93 01 27 00 9D 41 15 2F 0E 3E F2 BB ED 62 F2 B6 ED 16 2F 07 32 73 1F 2C 27 7F 01 2F 0E 00 06 0A 2C 2A 0E 60 0A 2A 23 00 16 16 01 1A 2F 0E 00 7C 16 1F 07 0E 72 F2 BB ED 62 FF	[F2:$EDB6]わたしは ほっかいどうに すんでいますが\n[F1:$02]りょこうなんて あまりしないし……。\n[F1:$02]めぐみさんから でんわがあって、[F2:$EDBB]\n[F1:$0A][FE][F9][F2:$EDB6]いっしょに まわらないかって さそわれて\n[F1:$02]それも いいかなって おもいまして……。[F2:$EDBB]\n[F1:$0A][FE][F9]	[FC:$5C][F0:$A9]わたしは ほっかいどうに すんでいますが\n[F1:$02]りょこうなんて あまりしないし……。\n[F1:$02]めぐみさんから でんわがあって、[F0:$AA]\n[F1:$0A][FE][F9][FC:$5C][F0:$A9]いっしょに まわらないかって さそわれて\n[F1:$02]それも いいかなって おもいまして……。[F0:$AA]\n[F1:$0A][FE][F9]
543	543	3E21	A	BE21	44	controlled	YES		0	4	EDAE,EDB3,EDB6,EDBB	F2,F8,F2,F2,F2	F2 AE ED 4B 01 27 70 2C 0B 07 0B 0C 75 28 32 05 17 0C 31 17 60 1A 1E 35 00 1D 2F 00 AB 3F F8 F2 B3 ED F2 B6 ED 18 18 72 F2 BB ED FF	[F2:$EDAE]だからね。わたしたちは りょこうちゅう\n[F1:$02]なの！ ねっ まきこ。\n[F2:$EDB3][F2:$EDB6]ええ……。[F2:$EDBB]	[FC:$63][F0:$B1]だからね。わたしたちは りょこうちゅう\n[F1:$02]なの！ ねっ まきこ。\n[F0:$B2][FC:$5C][F0:$A9]ええ……。[F0:$AA]
544	544	3E4D	A	BE4D	8	controlled	YES		0	2	EDAE,E9F6	F2,F2	F2 AE ED A8 F2 F6 E9 FF	[F2:$EDAE]しらき[F2:$E9F6]	[FC:$63][F0:$B1]しらき……？\n[F1:$02]そんな なまえのひと しらないわ。\n[F1:$02]まきこは しってる？[F0:$B2]\n[F1:$0A][FE][F9][FC:$5C][F0:$A9]……。いいえ しらないわ。[F0:$AA]
545	545	3E55	A	BE55	62	controlled	YES		0	2	EDAE,EDB3	F2,F2	65 05 76 12 0B 28 74 07 27 53 29 2E 6C 70 63 3F 62 F2 AE ED 1D 18 35 00 15 1A 0B 0B 0C 00 1A 2E 4B 2F 0E 16 17 1E 35 60 19 01 07 1A 1F 1D 00 07 0B 27 00 90 74 26 52 2C 26 35 F2 B3 ED FF	シュン「この ふたりを しらべるんですね。ボス。\n[F1:$0A][FE][F9][F2:$EDAE]ねえ！ あなたたち なんだっていうの！\n[F1:$02]おかしなまね したら けいさつを よぶわよ！[F2:$EDB3]	シュン「この ふたりを しらべるんですね。ボス。\n[F1:$0A][FE][F9][FC:$63][F0:$B1]ねえ！ あなたたち なんだっていうの！\n[F1:$02]おかしなまね したら けいさつを よぶわよ！[F0:$B2]
546	546	3E93	A	BE93	67	controlled	YES		0	4	EDB6,EDBB,EDAE,EDB3	F2,F8,F2,F2,F2	F2 B6 ED 2C 0B 07 0B 0C 00 15 24 07 16 23 1E 47 30 00 7E 6A 3F F8 F2 BB ED F2 AE ED 0A 17 6F AB 76 16 17 0F 19 28 6F F2 B3 ED 62 65 63 3F 54 03 23 00 AB 93 76 16 17 0F 19 28 60 4B 0F 00 7C 16 68 3F FF	[F2:$EDB6]わたしたち あやしいものじゃ ありません。\n[F2:$EDBB][F2:$EDAE]そうよ。まきこの いうとおりよ。[F2:$EDB3]\n[F1:$0A][FE][F9]シュン「ボス。ぼくも まきこさんの いうとおり\n[F1:$02]だと おもいます。	[FC:$5C][F0:$A9]わたしたち あやしいものじゃ ありません。\n[F0:$AA][FC:$63][F0:$B1]そうよ。まきこの いうとおりよ。[F0:$B2]\n[F1:$0A][FE][F9]シュン「ボス。ぼくも まきこさんの いうとおり\n[F1:$02]だと おもいます。
547	547	3ED6	A	BED6	61	controlled	YES		0	4	EDAE,EDB3,EDB6,EDBB	F2,F8,F2,F2,F2	65 63 3F 05 1E 12 0B 28 75 15 24 07 03 7F 6C 6F 62 F2 AE ED 15 28 41 0F 17 00 8F 93 3F 15 1A 0B 00 1A 01 1A 01 60 16 16 8D 70 1D 2F 00 AB 3F F8 F2 B3 ED F2 B6 ED 59 2F 72 F2 BB ED FF	シュン「ボス。このふたりは あやしくないですよ。\n[F1:$0A][FE][F9][F2:$EDAE]ありがとう けいじさん。あなた なかなか\n[F1:$02]いいおとこね。ねっ まきこ。\n[F2:$EDB3][F2:$EDB6]ぽっ……。[F2:$EDBB]	シュン「ボス。このふたりは あやしくないですよ。\n[F1:$0A][FE][F9][FC:$63][F0:$B1]ありがとう けいじさん。あなた なかなか\n[F1:$02]いいおとこね。ねっ まきこ。\n[F0:$B2][FC:$5C][F0:$A9]ぽっ……。[F0:$AA]
548	548	3F13	A	BF13	54	controlled	YES		0	1	E83E	F2	65 16 2B 16 2B 00 07 27 53 0E 20 69 41 62 65 05 2B 06 2A 0B 00 A8 78 05 05 73 84 01 2D 60 1E 05 07 0E 16 2F 0B 00 0F 16 17 F2 3E E8 10 60 20 0D 01 28 6A 6D 3F FF	シュン「いろいろ しらべてみましたが\n[F1:$0A][FE][F9]シュン「ころされた しらきが ここに なにかを\n[F1:$02]のこしていった という[F2:$E83E]は\n[F1:$02]みつかりませんでした。	シュン「いろいろ しらべてみましたが\n[F1:$0A][FE][F9]シュン「ころされた しらきが ここに なにかを\n[F1:$02]のこしていった というようなものは\n[F1:$02]みつかりませんでした。
549	549	3F49	A	BF49	42	controlled	YES		0	3	EDAE,EDB3,3F77	F2,F2,F2	F2 AE ED 15 27 00 99 74 0F 2F 0E 03 2A 29 1E 36 60 47 30 15 00 05 1E E3 01 22 27 4E 00 0F 2F 0E 3F F2 B3 ED 62 F2 77 3F 62 FF	[F2:$EDAE]あら しゃしんを とってくれるの？\n[F1:$02]じゃあ このカメラで とって。[F2:$EDB3]\n[F1:$0A][FE][F9][F2:$3F77]\n[F1:$0A][FE][F9]	[FC:$63][F0:$B1]あら しゃしんを とってくれるの？\n[F1:$02]じゃあ このカメラで とって。[F0:$B2]\n[F1:$0A][FE][F9]シュン「はい とりますよお。チーズ。\n[F1:$0A][FE][F9]
550	550	4000	B	8000	44	controlled	YES		0	3	EDAE,EDB3,3F77	F2,F2,F2	F2 AE ED 15 27 00 1F 0B 00 0F 2F 0E 03 2A 29 1E 36 60 17 2A 07 16 1A 3F 47 30 15 00 05 1E E3 01 22 27 4E 70 F2 B3 ED 62 F2 77 3F FF	[F2:$EDAE]あら また とってくれるの？\n[F1:$02]うれしいな。じゃあ このカメラでね。[F2:$EDB3]\n[F1:$0A][FE][F9][F2:$3F77]	[FC:$63][F0:$B1]あら また とってくれるの？\n[F1:$02]うれしいな。じゃあ このカメラでね。[F0:$B2]\n[F1:$0A][FE][F9]シュン「はい とりますよお。チーズ。
551	551	402C	B	802C	44	controlled	YES		0	5	E94F,EDAE,EDB3,EDB6,EDBB	F2,F2,F8,F2,F2,F2	F2 4F E9 F2 AE ED 15 27 00 15 1A 0B 0B 0C 00 8F 93 00 4B 2F 0B 1E 36 F8 F2 B3 ED F2 B6 ED 15 1E 72 84 77 47 04 2E 6C 71 F2 BB ED FF	[F2:$E94F][F2:$EDAE]あら あなたたち けいじさん だったの？\n[F2:$EDB3][F2:$EDB6]あの……。なにか じけんですか？[F2:$EDBB]	シュン「[F0:$A1]ちょっと これをみてくれますか？[F0:$A2]\n[F1:$0A][FE][F9][FC:$63][F0:$B1]あら あなたたち けいじさん だったの？\n[F0:$B2][FC:$5C][F0:$A9]あの……。なにか じけんですか？[F0:$AA]
552	552	4058	B	8058	57	controlled	YES		0	5	E94F,EDAE,EDB3,EDB6,EDBB	F2,F2,F2,F2,F2	F2 4F E9 F2 AE ED 0A 2E 1A 23 76 1A 2E 01 16 23 00 B3 29 1E 10 60 15 2E 1F 28 00 E4 19 07 30 2A 47 30 7F 2C 6F 60 1D 18 00 AB 3F F2 B3 ED 62 F2 B6 ED 3D 3D 72 F2 BB ED FF	[F2:$E94F][F2:$EDAE]そんなもの なんかいも みせるのは\n[F1:$02]あんまり オシャレじゃないわよ。\n[F1:$02]ねえ まきこ。[F2:$EDB3]\n[F1:$0A][FE][F9][F2:$EDB6]…………。[F2:$EDBB]	シュン「[F0:$A1]ちょっと これをみてくれますか？[F0:$A2]\n[F1:$0A][FE][F9][FC:$63][F0:$B1]そんなもの なんかいも みせるのは\n[F1:$02]あんまり オシャレじゃないわよ。\n[F1:$02]ねえ まきこ。[F0:$B2]\n[F1:$0A][FE][F9][FC:$5C][F0:$A9]…………。[F0:$AA]
553	553	4091	B	8091	24	controlled	YES		0	3	E94F,EDAE,EDB3	F2,F2,F2	F2 4F E9 F2 AE ED 0A 1E E3 10 41 02 78 4F 17 01 07 0B 1E 36 F2 B3 ED FF	[F2:$E94F][F2:$EDAE]そのハガキが どうかしたの？[F2:$EDB3]	シュン「[F0:$A1]ちょっと これをみてくれますか？[F0:$A2]\n[F1:$0A][FE][F9][FC:$63][F0:$B1]そのハガキが どうかしたの？[F0:$B2]
554	554	40A9	B	80A9	44	controlled	YES		0	2	E94F,DADB	F2,FC,F8,FC,FC,F2	F2 4F E9 FC 63 18 33 0F 72 F8 FC 5C 06 15 00 49 2E 49 2E 00 07 27 7F 94 00 6C 2C 3F 62 FC 63 0A 17 1D 00 07 27 7F 2C 3F F2 DB DA FF	[F2:$E94F][FC:$63]えーと……。\n[FC:$5C]さあ ぜんぜん しらないひと ですわ。\n[F1:$0A][FE][F9][FC:$63]そうね しらないわ。[F2:$DADB]	シュン「[F0:$A1]ちょっと これをみてくれますか？[F0:$A2]\n[F1:$0A][FE][F9][FC:$63]えーと……。\n[FC:$5C]さあ ぜんぜん しらないひと ですわ。\n[F1:$0A][FE][F9][FC:$63]そうね しらないわ。\n[F1:$0A][FE][F9][F5:$11,$03]
555	555	40D5	B	80D5	32	controlled	YES		0	2	E94F,DADB	F2,FC,F8,FC,F2	F2 4F E9 FC 63 20 19 54 18 7F 1A 15 3F 60 AB 00 07 2F 0E 29 36 F8 FC 5C 16 16 18 3F F2 DB DA FF	[F2:$E94F][FC:$63]みおぼえないなあ。\n[F1:$02]まきこ しってる？\n[FC:$5C]いいえ。[F2:$DADB]	シュン「[F0:$A1]ちょっと これをみてくれますか？[F0:$A2]\n[F1:$0A][FE][F9][FC:$63]みおぼえないなあ。\n[F1:$02]まきこ しってる？\n[FC:$5C]いいえ。\n[F1:$0A][FE][F9][F5:$11,$03]
556	556	40F5	B	80F5	38	controlled	YES		0	2	E94F,DADB	F2,FC,F8,FC,F2	F2 4F E9 FC 63 06 15 00 07 27 7F 94 4B 2C 3F 60 AB 10 36 F8 FC 5C 16 16 18 3F 20 19 54 18 78 7F 2C 3F F2 DB DA FF	[F2:$E94F][FC:$63]さあ しらないひとだわ。\n[F1:$02]まきこは？\n[FC:$5C]いいえ。みおぼえが ないわ。[F2:$DADB]	シュン「[F0:$A1]ちょっと これをみてくれますか？[F0:$A2]\n[F1:$0A][FE][F9][FC:$63]さあ しらないひとだわ。\n[F1:$02]まきこは？\n[FC:$5C]いいえ。みおぼえが ないわ。\n[F1:$0A][FE][F9][F5:$11,$03]
557	557	412A	B	812A	61	controlled	YES		0	4	411B,EDAE,E87A,EDB3	F2,F2,F2,F2	F2 1B 41 62 F2 AE ED 1D 18 3F 94 41 09 2F 01 03 00 04 07 02 2D 60 0B 1E 07 2E 4E 29 1E 73 F2 7A E8 00 1A 2E 0E 60 16 16 01 0B 75 11 4F 16 2C 6F F2 B3 ED 62 65 15 2F 00 08 16 6A 72 FF	[F2:$411B]\n[F1:$0A][FE][F9][F2:$EDAE]ねえ。ひとがせっかく けしきを\n[F1:$02]たのしんでるのに [F2:$E87A] なんて\n[F1:$02]いいかたは ひどいわよ。[F2:$EDB3]\n[F1:$0A][FE][F9]シュン「あっ すいません……。	シュン「こんなところに だれを よぶき ですか？\n[F1:$0A][FE][F9][FC:$63][F0:$B1]ねえ。ひとがせっかく けしきを\n[F1:$02]たのしんでるのに こんなところ なんて\n[F1:$02]いいかたは ひどいわよ。[F0:$B2]\n[F1:$0A][FE][F9]シュン「あっ すいません……。
558	558	4167	B	8167	12	plain	YES		0	0			65 05 05 1B 75 9D 78 7E 6A 41 72 FF	シュン「ここには でんわが ありませんが……。	シュン「ここには でんわが ありませんが……。
559	559	4173	B	8173	39	controlled	YES		0	2	ED82,ED86	F2,F2	F2 82 ED 0A 17 6C 70 84 77 15 0B 87 05 0F 41 60 7D 2F 0E 16 7F 77 14 2E 07 32 73 9D 60 07 0E 20 6B 3F F2 86 ED 62 FF	[F2:$ED82]そうですね。なにか あたらしいことが\n[F1:$02]わかっていないか ほんしょに でんわ\n[F1:$02]してみましょう。[F2:$ED86]\n[F1:$0A][FE][F9]	シュン「[F0:$A1]そうですね。なにか あたらしいことが\n[F1:$02]わかっていないか ほんしょに でんわ\n[F1:$02]してみましょう。[F0:$A2]\n[F1:$0A][FE][F9]
560	560	419A	B	819A	53	controlled	YES		0	4	ED82,ED86,ED82,ED86	F2,F2,F2,F2	F2 82 ED 23 07 23 07 3D 3D 3D 3D 3D 3D 35 F2 86 ED 62 F2 82 ED 63 35 00 0B 16 13 2E 6C 35 60 BD 73 1F 0B 23 00 92 41 60 15 41 2F 0B 0A 17 6C 35 F2 86 ED 62 FF	[F2:$ED82]もしもし………………！[F2:$ED86]\n[F1:$0A][FE][F9][F2:$ED82]ボス！ たいへんです！\n[F1:$02]しれとこ ごこに またも したいが\n[F1:$02]あがったそうです！[F2:$ED86]\n[F1:$0A][FE][F9]	シュン「[F0:$A1]もしもし………………！[F0:$A2]\n[F1:$0A][FE][F9]シュン「[F0:$A1]ボス！ たいへんです！\n[F1:$02]しれとこ ごこに またも したいが\n[F1:$02]あがったそうです！[F0:$A2]\n[F1:$0A][FE][F9]
561	561	41CF	B	81CF	18	plain	YES		0	0			65 06 41 07 69 78 05 1E 8C 1B 10 60 16 7F 86 6C 3F FF	シュン「さがしましたが このあたりには\n[F1:$02]いないようです。	シュン「さがしましたが このあたりには\n[F1:$02]いないようです。
562	562	41E1	B	81E1	32	plain	YES		0	0			65 16 2B 16 2B 00 20 0E 20 69 41 60 8C 73 15 24 07 0A 17 1A 00 94 10 60 20 0D 01 28 6A 6D 3F FF	シュン「いろいろ みてみましたが\n[F1:$02]あたりに あやしそうな ひとは\n[F1:$02]みつかりませんでした。	シュン「いろいろ みてみましたが\n[F1:$02]あたりに あやしそうな ひとは\n[F1:$02]みつかりませんでした。
563	563	4201	B	8201	9	plain	YES		0	0			65 83 74 20 0E 20 68 71 FF	シュン「どれを みてみますか？	シュン「どれを みてみますか？
564	564	420A	B	820A	8	plain	YES		0	0			65 B9 00 BA 00 6C 3F FF	シュン「さっぽろ すすきの です。	シュン「さっぽろ すすきの です。
565	565	4212	B	8212	38	plain	YES		0	0			65 BA 76 1B 42 24 01 1A 00 C8 1A 20 6C 3F 60 0C 32 17 4F 00 22 1E 1F 18 73 BB 0F 16 17 60 B3 24 78 20 18 68 3F FF	シュン「すすきのの にぎやかな まちなみです。\n[F1:$02]ちょうど めのまえに コロポックリという\n[F1:$02]みせやが みえます。	シュン「すすきのの にぎやかな まちなみです。\n[F1:$02]ちょうど めのまえに コロポックリという\n[F1:$02]みせやが みえます。
566	566	4238	B	8238	29	controlled	YES		0	1	E7DE	F2	65 F2 DE E7 65 BB 75 12 29 03 01 27 15 29 60 2B 50 0B 24 02 1E B3 00 4B 0A 17 6C 3F FF	シュン「[F2:$E7DE]シュン「コロポックリは ふるくからある\n[F1:$02]ろばたやきのみせ だそうです。	シュン「では あたりにいるひとに\n[F1:$02]ききこみをしてみましょう。[F0:$A2]\n[F1:$0A][FE][F9]シュン「コロポックリは ふるくからある\n[F1:$02]ろばたやきのみせ だそうです。
567	567	4255	B	8255	41	plain	YES		0	0			65 02 2E 47 32 1E 94 76 97 1B 26 29 0F 60 A7 0F 16 17 94 75 01 1A 28 1F 18 01 27 60 BB 4E 00 10 0B 27 16 0E 29 85 6C 70 FF	シュン「きんじょのひとの はなしによると\n[F1:$02]ゲンさんというひとは かなりまえから\n[F1:$02]コロポックリで はたらいてるみたいですね。	シュン「きんじょのひとの はなしによると\n[F1:$02]ゲンさんというひとは かなりまえから\n[F1:$02]コロポックリで はたらいてるみたいですね。
568	568	427E	B	827E	23	plain	YES		0	0			65 7C 0E 01 27 00 20 0B 0F 05 2B 10 60 45 03 12 0D 17 76 B3 6C 70 FF	シュン「おもてから みたところは\n[F1:$02]ごくふつうの みせですね。	シュン「おもてから みたところは\n[F1:$02]ごくふつうの みせですね。
569	569	4295	B	8295	25	plain	YES		0	0			65 A7 74 26 52 02 1A 27 60 B3 1E 1A 01 73 10 16 2F 0E 75 4F 17 6E 01 3F FF	シュン「ゲンさんを よぶきなら\n[F1:$02]みせのなかに はいっては どうでしょうか。	シュン「ゲンさんを よぶきなら\n[F1:$02]みせのなかに はいっては どうでしょうか。
570	570	42AE	B	82AE	10	plain	YES		0	0			65 BB 76 B3 1E 1A 01 6C 3F FF	シュン「コロポックリの みせのなかです。	シュン「コロポックリの みせのなかです。
571	571	42B8	B	82B8	36	plain	YES		0	0			65 04 2F 05 17 00 19 02 30 03 78 10 16 2F 0E 16 68 3F 60 01 1A 28 00 10 24 2F 0E 16 29 00 B3 00 85 6C 70 FF	シュン「けっこう おきゃくが はいっています。\n[F1:$02]かなり はやっている みせ みたいですね。	シュン「けっこう おきゃくが はいっています。\n[F1:$02]かなり はやっている みせ みたいですね。
572	572	42DC	B	82DC	43	controlled	YES		0	2	EDBE,EDC3	F2,F2	F2 BE ED 1A 2E 4B 1D 00 15 2E 0B 0B 0C 10 36 60 19 02 30 03 47 30 7F 1A 27 00 06 2F 06 0F 60 01 18 2F 0E 03 2E 1A 35 F2 C3 ED FF	[F2:$EDBE]なんだね あんたたちは？\n[F1:$02]おきゃくじゃないなら さっさと\n[F1:$02]かえってくんな！[F2:$EDC3]	ゲンさん「[F0:$81]なんだね あんたたちは？\n[F1:$02]おきゃくじゃないなら さっさと\n[F1:$02]かえってくんな！[F0:$82]
573	573	4307	B	8307	28	controlled	YES		0	2	EDBE,EDC3	F2,F2	F2 BE ED 06 15 3F 0A 2E 1A 00 1A 1F 18 1E 94 75 60 07 27 1D 18 1A 15 3F F2 C3 ED FF	[F2:$EDBE]さあ。そんな なまえのひとは \n[F1:$02]しらねえなあ。[F2:$EDC3]	ゲンさん「[F0:$81]さあ。そんな なまえのひとは \n[F1:$02]しらねえなあ。[F0:$82]
574	574	4323	B	8323	34	controlled	YES		0	2	EDBE,EDC3	F2,F2	F2 BE ED 07 0D 05 16 1D 00 8F 93 23 3F 60 07 27 1D 18 23 1E 75 05 0B 18 27 2A 6A 4E 06 3F F2 C3 ED FF	[F2:$EDBE]しつこいね けいじさんも。\n[F1:$02]しらねえものは こたえられませんでさ。[F2:$EDC3]	ゲンさん「[F0:$81]しつこいね けいじさんも。\n[F1:$02]しらねえものは こたえられませんでさ。[F0:$82]
575	575	4345	B	8345	51	controlled	YES		0	2	EDBE,EDC3	F2,F2	F2 BE ED A5 1D 18 72 0A 2E 1A 00 1A 1F 18 1E 60 02 30 03 23 00 16 0B 86 1A 02 78 08 29 04 4F 72 60 24 2F 55 28 00 7D 2E 1D 18 24 3E 8F 93 3F F2 C3 ED FF	[F2:$EDBE]いいじまねえ……。そんな なまえの\n[F1:$02]きゃくも いたようなきが するけど……。\n[F1:$02]やっぱり わかんねえや、けいじさん。[F2:$EDC3]	ゲンさん「[F0:$81]いいじまねえ……。そんな なまえの\n[F1:$02]きゃくも いたようなきが するけど……。\n[F1:$02]やっぱり わかんねえや、けいじさん。[F0:$82]
576	576	4378	B	8378	49	plain	YES		0	0			65 A7 74 07 27 53 29 2E 6C 70 62 65 0B 07 01 73 A4 73 26 03 1B 0E 16 68 3F 60 B7 76 A6 78 C8 41 18 0B 1E 01 23 60 21 28 7F 01 23 00 07 2A 6A 70 FF	シュン「ゲンさんを しらべるんですね。\n[F1:$0A][FE][F9]シュン「たしかに ますだに よくにています。\n[F1:$02]きたはまの しんじが まちがえたのかも\n[F1:$02]むりないかも しれませんね。	シュン「ゲンさんを しらべるんですね。\n[F1:$0A][FE][F9]シュン「たしかに ますだに よくにています。\n[F1:$02]きたはまの しんじが まちがえたのかも\n[F1:$02]むりないかも しれませんね。
577	577	43A9	B	83A9	54	controlled	YES		0	2	EDBE,EDC3	F2,F2	F2 BE ED 4B 2E 1A 00 01 2E 53 2E 07 0E 03 4B 06 16 6F 60 05 2B 06 2A 0B 00 8D 73 1B 0E 29 2F 0E 4B 04 4E 60 8B 2C 2A 0B 2E 47 30 00 01 1A 16 6A 24 3F F2 C3 ED FF	[F2:$EDBE]だんな かんべんしてくださいよ。\n[F1:$02]ころされた おとこに にてるってだけで\n[F1:$02]うたがわれたんじゃ かないませんや。[F2:$EDC3]	ゲンさん「[F0:$81]だんな かんべんしてくださいよ。\n[F1:$02]ころされた おとこに にてるってだけで\n[F1:$02]うたがわれたんじゃ かないませんや。[F0:$82]
578	578	43DF	B	83DF	21	controlled	YES		0	2	EDBE,EDC3	F2,F2	F2 BE ED 19 2F 0F 00 99 75 45 01 2E 53 2E 4E 06 3F F2 C3 ED FF	[F2:$EDBE]おっと しゃしんは ごかんべんでさ。[F2:$EDC3]	ゲンさん「[F0:$81]おっと しゃしんは ごかんべんでさ。[F0:$82]
579	579	43F4	B	83F4	70	controlled	YES		0	5	E94F,EDBE,EDC3,EDBE,EDC3	F2,F2,F2,F2,F2	F2 4F E9 F2 BE ED 13 33 3E 4B 2E 1A 0B 0C 00 8F 93 00 6C 01 16 36 60 7B E2 2C 07 78 05 2B 06 2A 0B 36 F2 C3 ED 62 F2 BE ED 4B 2E 1A 00 18 2E 42 4E 23 7F 00 47 32 17 4B 2E 10 60 26 07 1B 07 6B 24 3F F2 C3 ED FF	[F2:$E94F][F2:$EDBE]へー、だんなたち けいじさん ですかい？\n[F1:$02]え？ ワシが ころされた？[F2:$EDC3]\n[F1:$0A][FE][F9][F2:$EDBE]だんな えんぎでもない じょうだんは\n[F1:$02]よしにしましょうや。[F2:$EDC3]	シュン「[F0:$A1]ちょっと これをみてくれますか？[F0:$A2]\n[F1:$0A][FE][F9]ゲンさん「[F0:$81]へー、だんなたち けいじさん ですかい？\n[F1:$02]え？ ワシが ころされた？[F0:$82]\n[F1:$0A][FE][F9]ゲンさん「[F0:$81]だんな えんぎでもない じょうだんは\n[F1:$02]よしにしましょうや。[F0:$82]
580	580	443A	B	843A	44	controlled	YES		0	3	E94F,EDBE,EDC3	F2,F2,F2	F2 4F E9 F2 BE ED 0A 2E 1A 23 76 1A 2E 01 16 00 B3 27 2A 0B 2F 0E 60 07 27 1D 18 05 0F 1B 75 05 0B 18 27 2A 6A 4E 06 3F F2 C3 ED FF	[F2:$E94F][F2:$EDBE]そんなもの なんかい みせられたって\n[F1:$02]しらねえことには こたえられませんでさ。[F2:$EDC3]	シュン「[F0:$A1]ちょっと これをみてくれますか？[F0:$A2]\n[F1:$0A][FE][F9]ゲンさん「[F0:$81]そんなもの なんかい みせられたって\n[F1:$02]しらねえことには こたえられませんでさ。[F0:$82]
581	581	4466	B	8466	37	controlled	YES		0	3	E94F,EDBE,EDC3	F2,F2,F2	F2 4F E9 F2 BE ED 19 2F 0F 00 7C 16 4B 07 0B 3F 60 15 2E 0B 27 00 05 1E 1F 18 02 0B 00 8F 93 4B 70 F2 C3 ED FF	[F2:$E94F][F2:$EDBE]おっと おもいだした。\n[F1:$02]あんたら このまえきた けいじさんだね。[F2:$EDC3]	シュン「[F0:$A1]ちょっと これをみてくれますか？[F0:$A2]\n[F1:$0A][FE][F9]ゲンさん「[F0:$81]おっと おもいだした。\n[F1:$02]あんたら このまえきた けいじさんだね。[F0:$82]
582	582	448B	B	848B	49	controlled	YES		0	3	E94F,EDBE,EDC3	F2,F2,F2	F2 4F E9 F2 BE ED E2 06 27 02 2E 01 27 76 0F 03 0A 03 47 32 17 6C 01 16 36 60 4E 23 00 E2 2C 07 75 01 1D 1A 2E 77 01 28 0E 16 6A 49 3F F2 C3 ED FF	[F2:$E94F][F2:$EDBE]サラきんからの とくそくじょうですかい？\n[F1:$02]でも ワシは かねなんか かりていませんぜ。[F2:$EDC3]	シュン「[F0:$A1]ちょっと これをみてくれますか？[F0:$A2]\n[F1:$0A][FE][F9]ゲンさん「[F0:$81]サラきんからの とくそくじょうですかい？\n[F1:$02]でも ワシは かねなんか かりていませんぜ。[F0:$82]
583	583	44BC	B	84BC	52	controlled	YES		0	2	E94F,DADB	F2,F2	F2 4F E9 A7 3A 7B 05 2A 78 E2 2C 07 73 1B 0E 29 36 60 0A 17 6C 01 1D 3F E2 2C 07 1E 14 17 78 26 2F 59 4F 60 16 16 8D 4B 2F 0E 00 7C 16 68 41 70 F2 DB DA FF	[F2:$E94F]ゲンさん「え？ これが ワシに にてる？\n[F1:$02]そうですかね。ワシのほうが よっぽど\n[F1:$02]いいおとこだって おもいますがね。[F2:$DADB]	シュン「[F0:$A1]ちょっと これをみてくれますか？[F0:$A2]\n[F1:$0A][FE][F9]ゲンさん「え？ これが ワシに にてる？\n[F1:$02]そうですかね。ワシのほうが よっぽど\n[F1:$02]いいおとこだって おもいますがね。\n[F1:$0A][FE][F9][F5:$11,$03]
584	584	44F0	B	84F0	58	controlled	YES		0	2	E94F,DADB	F2,F2	F2 4F E9 A7 3A 06 15 00 05 2E 1A 94 00 07 27 1D 18 1A 15 3F 60 19 02 30 03 76 01 19 1A 2E 0E 00 26 2F 59 4F 00 47 32 17 2A 2E 60 4E 7F 0F 00 19 54 18 0E 7F 08 6F F2 DB DA FF	[F2:$E94F]ゲンさん「さあ こんなひと しらねえなあ。\n[F1:$02]おきゃくの かおなんて よっぽど じょうれん\n[F1:$02]でないと おぼえてないすよ。[F2:$DADB]	シュン「[F0:$A1]ちょっと これをみてくれますか？[F0:$A2]\n[F1:$0A][FE][F9]ゲンさん「さあ こんなひと しらねえなあ。\n[F1:$02]おきゃくの かおなんて よっぽど じょうれん\n[F1:$02]でないと おぼえてないすよ。\n[F1:$0A][FE][F9][F5:$11,$03]
585	585	452A	B	852A	51	controlled	YES		0	2	E94F,DADB	F2,F2	F2 4F E9 A7 3A 80 00 01 2E 53 2E 07 0E 03 4B 06 16 6F 60 E2 2C 07 75 47 1F 2E 47 30 1D 18 78 05 1E 45 2B 60 23 1E 2C 08 2A 78 11 4F 03 0E 70 F2 DB DA FF	[F2:$E94F]ゲンさん「もう かんべんしてくださいよ。\n[F1:$02]ワシは じまんじゃねえが このごろ\n[F1:$02]ものわすれが ひどくてね。[F2:$DADB]	シュン「[F0:$A1]ちょっと これをみてくれますか？[F0:$A2]\n[F1:$0A][FE][F9]ゲンさん「もう かんべんしてくださいよ。\n[F1:$02]ワシは じまんじゃねえが このごろ\n[F1:$02]ものわすれが ひどくてね。\n[F1:$0A][FE][F9][F5:$11,$03]
586	586	45D8	B	85D8	18	controlled	YES		0	1	E809	F2	F2 09 E8 1A 1F 18 74 02 01 09 0E 23 27 18 68 71 62 FF	[F2:$E809]なまえを きかせてもらえますか？\n[F1:$0A][FE][F9]	シュン「ちょっと なまえを きかせてもらえますか？\n[F1:$0A][FE][F9]
587	587	45EA	B	85EA	11	controlled	YES		0	2	E809,E80C	F2,F2	F2 09 E8 A4 76 05 0F F2 0C E8 FF	[F2:$E809]ますだの こと[F2:$E80C]	シュン「ちょっと ますだの ことを\n[F1:$02]きかせてもらえますか？\n[F1:$0A][FE][F9]
588	588	45F5	B	85F5	11	controlled	YES		0	2	E809,E80C	F2,F2	F2 09 E8 A5 76 05 0F F2 0C E8 FF	[F2:$E809]いいじまの こと[F2:$E80C]	シュン「ちょっと いいじまの ことを\n[F1:$02]きかせてもらえますか？\n[F1:$0A][FE][F9]
589	589	3478	A	B478	20	controlled	YES		0	3	344E,ED9E,EDA3	F2,F8,F2,F2	F2 4E 34 F8 F2 9E ED 8F 93 00 91 75 7D 28 69 71 F2 A3 ED FF	[F2:$344E]\n[F2:$ED9E]けいじさん はんにんは わかりましたか？[F2:$EDA3]	シュン「いいじま ゆきおの むすこ、\n[F1:$02]しんじさんです。\nしんじ「[F0:$81]けいじさん はんにんは わかりましたか？[F0:$82]
590	590	4604	B	8604	9	plain	YES		0	0			65 4B 2A 74 26 51 68 71 FF	シュン「だれを よびますか？	シュン「だれを よびますか？
592	592	460D	B	860D	8	plain	YES		0	0			65 84 74 0F 28 68 71 FF	シュン「なにを とりますか？	シュン「なにを とりますか？
593	593	371D	A	B71D	8	plain	YES		1	0			65 B8 05 17 00 6C 3F FF	シュン「あばしりこう です。	シュン「あばしりこう です。
594	594	4615	B	8615	8	controlled	YES		0	2	E7D0,E7D7	F2,F2	F2 D0 E7 BC F2 D7 E7 FF	[F2:$E7D0]ましゅうこ[F2:$E7D7]	シュン「[F0:$A1]ここが ましゅうこですが……。[F0:$A2]
595	595	4627	B	8627	13	controlled	YES		0	4	E94F,EDA6,E819,EDAB	F2,F2,F2,F2	F2 4F E9 F2 A6 ED F2 19 E8 F2 AB ED FF	[F2:$E94F][F2:$EDA6][F2:$E819][F2:$EDAB]	シュン「[F0:$A1]ちょっと これをみてくれますか？[F0:$A2]\n[F1:$0A][FE][F9][FC:$15][F0:$81]なんですか これ？[F0:$82]
596	596	4634	B	8634	9	controlled	YES		0	2	E94F,E821	F2,FC,F2	F2 4F E9 FC 15 F2 21 E8 FF	[F2:$E94F][FC:$15][F2:$E821]	シュン「[F0:$A1]ちょっと これをみてくれますか？[F0:$A2]\n[F1:$0A][FE][F9][FC:$15]だれです これ？\n[F1:$0A][FE][F9][F5:$11,$03]
597	597	461D	B	861D	10	controlled	YES		0	3	ED82,1906,ED86	F2,F2,F2	F2 82 ED F2 06 19 F2 86 ED FF	[F2:$ED82][F2:$1906][F2:$ED86]	シュン「[F0:$A1]なんばんに かけますか？[F0:$A2]
598	598	4644	B	8644	40	controlled	YES		0	1	463D	F2	F2 3D 46 65 05 2A 4E 00 D4 1B 2E 22 1E 92 6C 3F 60 05 76 47 04 2E 75 16 2F 0B 16 00 4F 17 1A 2F 0E 60 16 29 2E 6E 71 FF	[F2:$463D]シュン「これで [GLYPH:$D4]にんめのしたいです。\n[F1:$02]この じけんは いったい どうなって\n[F1:$02]いるんでしょうか？	シュン「しれとこ ごこ です。\n[F1:$0A][FE][F9]シュン「これで [GLYPH:$D4]にんめのしたいです。\n[F1:$02]この じけんは いったい どうなって\n[F1:$02]いるんでしょうか？
599	599	466C	B	866C	37	controlled	YES		0	1	463D	F2,F8	F2 3D 46 65 4F 33 23 3F 84 77 15 0B 27 07 16 00 05 0F 78 60 7D 28 69 71 F8 04 16 01 2E 3A 16 18 00 84 23 72 FF	[F2:$463D]シュン「どーも。なにか あたらしい ことが \n[F1:$02]わかりましたか？\nけいかん「いえ なにも……。	シュン「しれとこ ごこ です。\n[F1:$0A][FE][F9]シュン「どーも。なにか あたらしい ことが \n[F1:$02]わかりましたか？\nけいかん「いえ なにも……。
600	600	4691	B	8691	39	plain	YES		0	0			65 E2 50 08 23 00 15 1F 28 00 1A 03 0E 00 14 0F 2E 4F 1E 94 78 60 03 29 1F 4E 03 29 86 1A 00 20 48 17 20 00 6C 3F FF	シュン「バスも あまり なくて ほとんどのひとが \n[F1:$02]くるまでくるような みずうみ です。	シュン「バスも あまり なくて ほとんどのひとが \n[F1:$02]くるまでくるような みずうみ です。
601	601	46B8	B	86B8	36	plain	YES		0	0			65 1A 0D 76 01 2E 05 17 E4 07 33 48 2E 0F 00 0C 41 2F 0E 60 16 1F 75 19 0F 48 2A 29 94 75 1F 50 27 6C 70 FF	シュン「なつの かんこうシーズンと ちがって\n[F1:$02]いまは おとずれるひとは まばらですね。	シュン「なつの かんこうシーズンと ちがって\n[F1:$02]いまは おとずれるひとは まばらですね。
602	602	46DC	B	86DC	44	controlled	YES		0	2	ED82,ED86	F2,F2	F2 82 ED 05 05 1B 75 84 77 02 04 0A 17 1A 60 94 75 16 7F 86 6C 3F 60 02 03 26 28 00 47 52 2E 4E 00 07 27 53 0E 20 6A 71 F2 86 ED FF	[F2:$ED82]ここには なにか きけそうな\n[F1:$02]ひとは いないようです。\n[F1:$02]きくより じぶんで しらべてみませんか？[F2:$ED86]	シュン「[F0:$A1]ここには なにか きけそうな\n[F1:$02]ひとは いないようです。\n[F1:$02]きくより じぶんで しらべてみませんか？[F0:$A2]
603	603	4708	B	8708	19	plain	YES		0	0			65 15 76 12 0B 28 1A 27 00 80 60 01 18 28 69 04 4F 72 FF	シュン「あの ふたりなら もう\n[F1:$02]かえりましたけど……。	シュン「あの ふたりなら もう\n[F1:$02]かえりましたけど……。
604	604	471B	B	871B	24	plain	YES		0	0			65 05 1E 13 2E 1B 75 90 00 01 2E 04 16 07 30 07 01 60 20 8C 6A 41 72 FF	シュン「このへんには けいさつ かんけいしゃしか\n[F1:$02]みあたりませんが……。	シュン「このへんには けいさつ かんけいしゃしか\n[F1:$02]みあたりませんが……。
605	605	4733	B	8733	71	plain	YES		0	0			65 E3 05 2B 07 76 44 2E 50 74 20 0B 00 94 78 16 29 0F 10 60 7C 18 6A 41 3E E4 41 16 07 30 78 4B 2A 01 0F 60 16 2F 07 32 73 16 29 0F 05 2B 74 20 0B 00 94 1A 27 3E 62 65 BE 76 14 17 73 16 29 01 23 60 07 2A 6A 70 FF	シュン「コロシの げんばを みた ひとが いるとは\n[F1:$02]おもえませんが、ガイシャが だれかと\n[F1:$02]いっしょに いるところを みた ひとなら、\n[F1:$0A][FE][F9]シュン「ちゅうしゃじょうの ほうに いるかも\n[F1:$02]しれませんね。	シュン「コロシの げんばを みた ひとが いるとは\n[F1:$02]おもえませんが、ガイシャが だれかと\n[F1:$02]いっしょに いるところを みた ひとなら、\n[F1:$0A][FE][F9]シュン「ちゅうしゃじょうの ほうに いるかも\n[F1:$02]しれませんね。
606	606	477A	B	877A	26	plain	YES		0	0			65 10 2E 05 17 74 20 0B 0F 16 17 94 10 60 81 00 20 0D 01 2F 0E 00 16 6A 3F FF	シュン「はんこうを みたというひとは\n[F1:$02]まだ みつかって いません。	シュン「はんこうを みたというひとは\n[F1:$02]まだ みつかって いません。
607	607	4794	B	8794	19	controlled	YES		0	2	ED82,ED86	F2,F2	F2 82 ED 7B 82 74 07 27 53 29 2E 6C 77 63 36 F2 86 ED FF	[F2:$ED82]え？ どこを しらべるんですか ボス？[F2:$ED86]	シュン「[F0:$A1]え？ どこを しらべるんですか ボス？[F0:$A2]
608	608	47A7	B	87A7	12	controlled	YES		0	2	ED82,ED86	F2,F2	F2 82 ED 05 05 6C 71 F2 86 ED 62 FF	[F2:$ED82]ここですか？[F2:$ED86]\n[F1:$0A][FE][F9]	シュン「[F0:$A1]ここですか？[F0:$A2]\n[F1:$0A][FE][F9]
609	609	47B3	B	87B3	33	plain	YES		0	0			65 03 51 73 8E 23 1E 76 9C 41 60 1F 02 0D 16 0E 16 68 3F 60 D3 D0 06 16 00 03 27 16 76 8D 6C 3F FF	シュン「くびに おんなものの ストッキングが\n[F1:$02]まきついています。\n[F1:$02][GLYPH:$D3][GLYPH:$D0]さい くらいの おとこです。	シュン「くびに おんなものの ストッキングが\n[F1:$02]まきついています。\n[F1:$02][GLYPH:$D3][GLYPH:$D0]さい くらいの おとこです。
610	610	47D4	B	87D4	13	plain	YES		0	0			65 14 2E 23 1E 76 04 16 01 2E 6C 6F FF	シュン「ほんものの けいかんですよ。	シュン「ほんものの けいかんですよ。
611	611	47E1	B	87E1	13	plain	YES		0	0			65 0D 22 0B 16 00 20 48 6C 1D 18 3F FF	シュン「つめたい みずですねえ。	シュン「つめたい みずですねえ。
612	612	47EE	B	87EE	36	controlled	YES		0	0		FB	65 92 76 05 17 0C 32 03 47 32 17 0B 16 60 01 27 16 2F 0E 00 07 45 00 D2 FB 73 0F 16 17 00 0F 05 2B 6C 3F FF	シュン「したいの こうちょくじょうたい\n[F1:$02]からいって しご [GLYPH:$D2][FB:$73]という ところです。	シュン「したいの こうちょくじょうたい\n[F1:$02]からいって しご [GLYPH:$D2][FB:$73]という ところです。
613	613	4812	B	8812	57	plain	YES		0	0			65 B8 05 17 76 0F 02 0F 00 14 54 19 1A 47 60 0E 43 0C 6C 70 62 65 9C 4E 00 03 51 74 07 22 1A 41 27 60 20 48 1E 1A 01 73 01 19 74 19 07 05 2E 4E 60 05 2B 07 0B 86 6C 3F FF	シュン「あばしりこうの ときと ほぼおなじ\n[F1:$02]てぐちですね。\n[F1:$0A][FE][F9]シュン「ストッキングで くびを しめながら\n[F1:$02]みずのなかに かおを おしこんで\n[F1:$02]ころしたようです。	シュン「あばしりこうの ときと ほぼおなじ\n[F1:$02]てぐちですね。\n[F1:$0A][FE][F9]シュン「ストッキングで くびを しめながら\n[F1:$02]みずのなかに かおを おしこんで\n[F1:$02]ころしたようです。
614	614	484B	B	884B	40	plain	YES		0	0			65 24 10 28 00 03 51 2D 07 22 1A 41 27 00 01 19 74 20 48 1B 60 19 07 05 2E 4E 00 05 2B 07 0B 1E 73 0C 41 16 7E 6A 3F FF	シュン「やはり くびをしめながら かおを みずに\n[F1:$02]おしこんで ころしたのに ちがいありません。	シュン「やはり くびをしめながら かおを みずに\n[F1:$02]おしこんで ころしたのに ちがいありません。
615	615	4873	B	8873	28	plain	YES		0	0			65 E4 59 04 2F 0F 73 20 23 0F 78 7D 29 86 1A 00 23 1E 10 60 10 16 2F 0E 16 6A 3F FF	シュン「ポケットに みもとが わかるような ものは\n[F1:$02]はいっていません。	シュン「ポケットに みもとが わかるような ものは\n[F1:$02]はいっていません。
616	616	488F	B	888F	81	plain	YES		0	0			65 45 03 12 0D 17 76 9C 4E 00 0B 16 07 0B 60 0E 41 01 28 1B 75 1A 27 7F 0F 00 7C 16 68 3F 62 65 07 01 07 3E E3 05 2B 07 73 0D 01 2C 2A 0B 00 23 1E 78 60 1E 05 06 2A 0B 1E 75 05 2A 78 10 47 22 0E 6C 3F 60 91 75 15 09 2F 0E 00 16 29 1E 6E 71 FF	シュン「ごくふつうの ストッキングで たいした\n[F1:$02]てがかりには ならないと おもいます。\n[F1:$0A][FE][F9]シュン「しかし、コロシに つかわれた ものが \n[F1:$02]のこされたのは これが はじめてです。\n[F1:$02]はんにんは あせって いるのでしょうか？	シュン「ごくふつうの ストッキングで たいした\n[F1:$02]てがかりには ならないと おもいます。\n[F1:$0A][FE][F9]シュン「しかし、コロシに つかわれた ものが \n[F1:$02]のこされたのは これが はじめてです。\n[F1:$02]はんにんは あせって いるのでしょうか？
617	617	48E0	B	88E0	27	plain	YES		0	0			65 9C 73 15 1F 28 00 05 4B 2C 29 0F 60 E4 13 2E 0B 16 4B 0F 00 7C 2C 2A 68 6F FF	シュン「ストッキングに あまり こだわると\n[F1:$02]ヘンタイだと おもわれますよ。	シュン「ストッキングに あまり こだわると\n[F1:$02]ヘンタイだと おもわれますよ。
618	618	6B04	B	AB04	33	plain	YES		0	0			65 0A 2A 75 01 2E 07 02 73 1F 2C 06 2A 68 3F 60 07 32 17 05 11 2E 76 07 52 0D 01 75 4E 02 6A 3F FF	シュン「それは かんしきに まわされます。\n[F1:$02]しょうこひんの しぶつかは できません。	シュン「それは かんしきに まわされます。\n[F1:$02]しょうこひんの しぶつかは できません。
619	619	6B25	B	AB25	21	controlled	YES		0	2	ED82,ED86	F2,F2	F2 82 ED 84 74 0F 2A 50 16 16 1E 77 7D 28 6A 41 3F F2 86 ED FF	[F2:$ED82]なにを とればいいのか わかりませんが。[F2:$ED86]	シュン「[F0:$A1]なにを とればいいのか わかりませんが。[F0:$A2]
620	620	48FB	B	88FB	17	controlled	YES		0	2	ED82,ED86	F2,F2	F2 82 ED 7D 28 69 3F 7A 0F 28 68 3F F2 86 ED 62 FF	[F2:$ED82]わかりました。では とります。[F2:$ED86]\n[F1:$0A][FE][F9]	シュン「[F0:$A1]わかりました。では とります。[F0:$A2]\n[F1:$0A][FE][F9]
621	621	4930	B	8930	17	plain	YES		0	0			65 80 00 05 1E 94 76 99 75 60 0F 2F 0E 7E 68 3F FF	シュン「もう このひとの しゃしんは \n[F1:$02]とってあります。	シュン「もう このひとの しゃしんは \n[F1:$02]とってあります。
622	622	4941	B	8941	13	plain	YES		0	0			65 B3 29 00 15 16 0E 78 16 6A 41 3F FF	シュン「みせる あいてが いませんが。	シュン「みせる あいてが いませんが。
623	623	494E	B	894E	25	plain	YES		0	0			65 10 2E 05 17 74 20 0B 0F 16 17 94 10 60 81 20 0D 01 2F 0E 00 16 6A 3F FF	シュン「はんこうを みたというひとは\n[F1:$02]まだみつかって いません。	シュン「はんこうを みたというひとは\n[F1:$02]まだみつかって いません。
624	624	4967	B	8967	35	plain	YES		0	0			65 15 1E 00 12 0B 28 75 84 23 07 27 7F 86 6C 3F 60 15 1F 28 00 07 0D 05 16 0F 00 16 24 41 27 2A 68 6F FF	シュン「あの ふたりは なにもしらないようです。\n[F1:$02]あまり しつこいと いやがられますよ。	シュン「あの ふたりは なにもしらないようです。\n[F1:$02]あまり しつこいと いやがられますよ。
625	625	498A	B	898A	17	plain	YES		0	0			65 15 1E 12 0B 28 75 80 00 01 18 2F 0B 85 6C 6F FF	シュン「あのふたりは もう かえったみたいですよ。	シュン「あのふたりは もう かえったみたいですよ。
626	626	499B	B	899B	12	plain	YES		0	0			65 05 1E 8C 73 9D 75 20 8C 6A 3F FF	シュン「このあたりに でんわは みあたりません。	シュン「このあたりに でんわは みあたりません。
627	627	49A7	B	89A7	31	plain	YES		0	0			65 92 74 10 2F 04 2E 07 0B 60 1A 01 1E 39 01 48 19 93 0F 60 19 03 93 76 25 20 05 93 6C 3F FF	シュン「したいを はっけんした\n[F1:$02]なかの・かずおさんと\n[F1:$02]おくさんの ゆみこさんです。	シュン「したいを はっけんした\n[F1:$02]なかの・かずおさんと\n[F1:$02]おくさんの ゆみこさんです。
628	628	49C6	B	89C6	209	controlled	YES		0	11	EDC6,EDCD,EDC6,EDCD,EDD0,EDD7,EDC6,EDCD,EDD0,EDD7,DADB	F2,F2,F2,F2,F2,F2,F2,F2,F2,F2,F2	65 1A 01 1E 93 3F 92 74 10 2F 04 2E 07 0B 60 16 02 06 0D 74 19 97 1D 41 18 6A 71 62 F2 C6 ED 10 15 3D 3D 54 03 0B 0C 00 AA 28 32 05 17 4E 60 0B 1F 0B 1F 00 05 05 73 0B 0C 26 2F 0B 27 00 92 78 60 17 16 0E 16 0B 2C 04 4E 72 F2 CD ED 62 F2 C6 ED 16 24 33 00 20 0D 04 0B 0F 02 75 15 09 28 69 6F 60 1F 2F 0B 03 00 0D 16 0E 7F 0F 25 33 01 72 F2 CD ED 62 F2 D0 ED 4B 01 27 00 15 0B 07 78 AA 28 32 05 17 10 60 E3 10 2C 16 73 07 26 17 2F 0E 00 16 2F 0B 47 30 7F 35 F2 D7 ED 62 F2 C6 ED 45 22 2E 26 72 25 20 05 72 60 8F 93 00 80 16 16 4E 07 32 36 60 16 05 17 00 25 20 05 35 F2 CD ED 62 F2 D0 ED 18 18 3E 15 1A 0B 35 F2 D7 ED F2 DB DA FF	シュン「なかのさん。したいを はっけんした\n[F1:$02]いきさつを おはなしねがえませんか？\n[F1:$0A][FE][F9][F2:$EDC6]はあ……ぼくたち しんこんりょこうで\n[F1:$02]たまたま ここに たちよったら したいが \n[F1:$02]ういていたわけで……。[F2:$EDCD]\n[F1:$0A][FE][F9][F2:$EDC6]いやー みつけたときは あせりましたよ。\n[F1:$02]まったく ついてないとゆーか……。[F2:$EDCD]\n[F1:$0A][FE][F9][F2:$EDD0]だから あたしが しんこんりょこうは\n[F1:$02]ハワイに しようって いったじゃない！[F2:$EDD7]\n[F1:$0A][FE][F9][F2:$EDC6]ごめんよ……。ゆみこ……。\n[F1:$02]けいじさん もういいでしょ？\n[F1:$02]いこう ゆみこ！[F2:$EDCD]\n[F1:$0A][FE][F9][F2:$EDD0]ええ、あなた！[F2:$EDD7][F2:$DADB]	シュン「なかのさん。したいを はっけんした\n[F1:$02]いきさつを おはなしねがえませんか？\n[F1:$0A][FE][F9]なかの「[F0:$81]はあ……ぼくたち しんこんりょこうで\n[F1:$02]たまたま ここに たちよったら したいが \n[F1:$02]ういていたわけで……。[F0:$82]\n[F1:$0A][FE][F9]なかの「[F0:$81]いやー みつけたときは あせりましたよ。\n[F1:$02]まったく ついてないとゆーか……。[F0:$82]\n[F1:$0A][FE][F9]ゆみこ「[F0:$89]だから あたしが しんこんりょこうは\n[F1:$02]ハワイに しようって いったじゃない！[F0:$8A]\n[F1:$0A][FE][F9]なかの「[F0:$81]ごめんよ……。ゆみこ……。\n[F1:$02]けいじさん もういいでしょ？\n[F1:$02]いこう ゆみこ！[F0:$82]\n[F1:$0A][FE][F9]ゆみこ「[F0:$89]ええ、あなた！[F0:$8A]\n[F1:$0A][FE][F9][F5:$11,$03]
629	629	4A97	B	8A97	15	plain	YES		0	0			65 BE 76 CA 6C 3F 60 B3 1E 94 78 16 68 3F FF	シュン「ちゅうしゃじょうの ばいてんです。\n[F1:$02]みせのひとが います。	シュン「ちゅうしゃじょうの ばいてんです。\n[F1:$02]みせのひとが います。
630	630	4AA6	B	8AA6	17	plain	YES		1	0			65 1F 2C 28 75 0F 0E 23 11 2B 16 00 BE 60 6C 3F FF	シュン「まわりは とてもひろい ちゅうしゃじょう\n[F1:$02]です。	シュン「まわりは とてもひろい ちゅうしゃじょう\n[F1:$02]です。
631	631	4AB7	B	8AB7	47	controlled	YES		0	1	4AA6	F2	F2 A6 4A 62 65 91 78 CA 73 26 27 48 1B 60 05 2F 0A 28 0F 00 01 18 2F 0B 0F 07 0B 27 60 19 50 93 78 02 4D 01 7F 1E 23 00 17 1A 48 04 68 3F FF	[F2:$4AA6]\n[F1:$0A][FE][F9]シュン「はんにんが ばいてんに よらずに\n[F1:$02]こっそりと かえったとしたら\n[F1:$02]おばさんが きづかないのも うなずけます。	シュン「まわりは とてもひろい ちゅうしゃじょう\n[F1:$02]です。\n[F1:$0A][FE][F9]シュン「はんにんが ばいてんに よらずに\n[F1:$02]こっそりと かえったとしたら\n[F1:$02]おばさんが きづかないのも うなずけます。
632	632	4AE6	B	8AE6	12	plain	YES		0	0			65 19 50 93 73 84 74 02 02 68 71 FF	シュン「おばさんに なにを ききますか？	シュン「おばさんに なにを ききますか？
633	633	4AF2	B	8AF2	23	controlled	YES		0	2	EDDA,EDE1	F2,F2	F2 DA ED 89 15 24 07 0A 17 1A 94 10 60 20 0E 6A 1D 18 72 F2 E1 ED FF	[F2:$EDDA]とくに あやしそうなひとは\n[F1:$02]みてませんねえ……。[F2:$EDE1]	おばさん「[F0:$81]とくに あやしそうなひとは\n[F1:$02]みてませんねえ……。[F0:$82]
634	634	4B09	B	8B09	27	controlled	YES		0	2	EDDA,EDE1	F2,F2	F2 DA ED 15 1E AF 16 41 16 75 15 24 07 16 94 10 60 20 0E 16 6A 41 72 F2 E1 ED FF	[F2:$EDDA]あのカップルいがいは あやしいひとは\n[F1:$02]みていませんが……。[F2:$EDE1]	おばさん「[F0:$81]あのカップルいがいは あやしいひとは\n[F1:$02]みていませんが……。[F0:$82]
635	635	4B24	B	8B24	72	controlled	YES		0	5	EDDA,EDE1,EDDA,E88D,EDE1	F2,F2,F2,F2,F2	F2 DA ED 05 2C 16 01 27 00 15 0B 07 30 00 20 1B 16 2F 0E 60 7F 04 4F 72 0A 1E 94 00 17 0C 1B 60 26 2F 0E 16 2F 0B 2E 6E 71 F2 E1 ED 62 F2 DA ED 4B 0F 07 0E 23 00 F2 8D E8 4F 1E 94 41 60 0A 17 1A 1E 01 72 F2 E1 ED FF	[F2:$EDDA]こわいから あたしゃ みにいって\n[F1:$02]ないけど……。そのひと うちに\n[F1:$02]よっていったんでしょうか？[F2:$EDE1]\n[F1:$0A][FE][F9][F2:$EDDA]だとしても [F2:$E88D]どのひとが\n[F1:$02]そうなのか……。[F2:$EDE1]	おばさん「[F0:$81]こわいから あたしゃ みにいって\n[F1:$02]ないけど……。そのひと うちに\n[F1:$02]よっていったんでしょうか？[F0:$82]\n[F1:$0A][FE][F9]おばさん「[F0:$81]だとしても いったい どのひとが\n[F1:$02]そうなのか……。[F0:$82]
636	636	4B6C	B	8B6C	69	controlled	YES		0	4	EDDA,EDE1,EDDA,EDE1	F2,F2,F2,F2	F2 DA ED 15 15 00 1A 2E 4E 23 00 CB 00 1E 60 14 17 01 27 00 1F 2C 2F 0E 02 0E 00 05 05 73 02 0B 0F 01 72 F2 E1 ED 62 F2 DA ED 8E 76 94 75 D2 D4 3E D5 03 27 16 1E 60 01 20 76 1A 41 16 00 94 6D 6F F2 E1 ED FF	[F2:$EDDA]ああ なんでも あかんこ の\n[F1:$02]ほうから まわってきて ここに きたとか……。[F2:$EDE1]\n[F1:$0A][FE][F9][F2:$EDDA]おんなの ひとは [GLYPH:$D2][GLYPH:$D4]、[GLYPH:$D5]くらいの\n[F1:$02]かみの ながい ひとでしたよ。[F2:$EDE1]	おばさん「[F0:$81]ああ なんでも あかんこ の\n[F1:$02]ほうから まわってきて ここに きたとか……。[F0:$82]\n[F1:$0A][FE][F9]おばさん「[F0:$81]おんなの ひとは [GLYPH:$D2][GLYPH:$D4]、[GLYPH:$D5]くらいの\n[F1:$02]かみの ながい ひとでしたよ。[F0:$82]
637	637	4BB1	B	8BB1	41	controlled	YES		0	2	EDDA,EDE1	F2,F2	F2 DA ED 0A 17 16 18 50 00 15 1E AF 00 84 01 60 0A 27 4A 27 07 16 00 01 2E 47 76 1A 01 1E 26 06 60 6D 2F 04 72 F2 E1 ED FF	[F2:$EDDA]そういえば あのカップル なにか\n[F1:$02]そらぞらしい かんじの なかのよさ\n[F1:$02]でしたっけ……。[F2:$EDE1]	おばさん「[F0:$81]そういえば あのカップル なにか\n[F1:$02]そらぞらしい かんじの なかのよさ\n[F1:$02]でしたっけ……。[F0:$82]
638	638	4BDA	B	8BDA	34	plain	YES		0	0			65 94 76 26 06 0A 17 1A 00 19 50 93 4E 60 17 0A 74 0D 04 29 E3 0B 16 57 47 30 00 1A 06 0A 17 6C 3F FF	シュン「ひとの よさそうな おばさんで\n[F1:$02]うそを つけるタイプじゃ なさそうです。	シュン「ひとの よさそうな おばさんで\n[F1:$02]うそを つけるタイプじゃ なさそうです。
639	639	4BFC	B	8BFC	25	plain	YES		0	0			65 05 05 1B 75 15 76 19 50 93 07 01 60 16 6A 78 84 77 02 16 0E 20 68 71 FF	シュン「ここには あの おばさんしか\n[F1:$02]いませんが なにか きいてみますか？	シュン「ここには あの おばさんしか\n[F1:$02]いませんが なにか きいてみますか？
640	640	4C15	B	8C15	20	plain	YES		0	0			65 05 05 1B 75 50 16 0E 2E 76 19 50 93 07 01 60 16 6A 6F FF	シュン「ここには ばいてんの おばさんしか\n[F1:$02]いませんよ。	シュン「ここには ばいてんの おばさんしか\n[F1:$02]いませんよ。
641	641	4C29	B	8C29	7	plain	YES		0	0			65 05 05 6C 71 62 FF	シュン「ここですか？\n[F1:$0A][FE][F9]	シュン「ここですか？\n[F1:$0A][FE][F9]
642	642	4C30	B	8C30	34	plain	YES		0	0			65 42 31 17 1B 31 17 00 24 00 19 4E 2E 2D 17 2F 0E 16 68 3F 60 89 15 24 07 16 0F 05 2B 75 7E 6A 3F FF	シュン「ぎゅうにゅう や おでんをうっています。\n[F1:$02]とくに あやしいところは ありません。	シュン「ぎゅうにゅう や おでんをうっています。\n[F1:$02]とくに あやしいところは ありません。
643	643	4C52	B	8C52	28	plain	YES		0	0			65 94 76 26 06 0A 17 1A 00 19 50 93 4E 60 12 07 2E 1A 00 0F 05 2B 75 7F 86 6C 3F FF	シュン「ひとの よさそうな おばさんで\n[F1:$02]ふしんな ところは ないようです。	シュン「ひとの よさそうな おばさんで\n[F1:$02]ふしんな ところは ないようです。
644	644	4C6E	B	8C6E	47	plain	YES		0	0			65 92 74 10 2F 04 2E 07 0B 60 AA AF 76 03 29 1F 6C 3F 62 65 95 76 03 29 1F 75 20 8C 6A 3F 60 91 78 1E 2F 0E 16 2F 0B 1E 7A 60 7F 6E 01 3F FF	シュン「したいを はっけんした\n[F1:$02]しんこんカップルの くるまです。\n[F1:$0A][FE][F9]シュン「ひがいしゃの くるまは みあたりません。\n[F1:$02]はんにんが のっていったのでは \n[F1:$02]ないでしょうか。	シュン「したいを はっけんした\n[F1:$02]しんこんカップルの くるまです。\n[F1:$0A][FE][F9]シュン「ひがいしゃの くるまは みあたりません。\n[F1:$02]はんにんが のっていったのでは \n[F1:$02]ないでしょうか。
645	645	4C9D	B	8C9D	31	plain	YES		0	0			65 03 29 1F 75 2C 2A 2C 2A 1E 0F 60 92 74 10 2F 04 2E 07 0B 60 AA AF 76 23 1E 4B 04 6C 3F FF	シュン「くるまは われわれのと\n[F1:$02]したいを はっけんした\n[F1:$02]しんこんカップルの ものだけです。	シュン「くるまは われわれのと\n[F1:$02]したいを はっけんした\n[F1:$02]しんこんカップルの ものだけです。
646	646	4CBC	B	8CBC	17	plain	YES		0	0			65 03 29 1F 75 2C 2A 2C 2A 76 23 1E 4B 04 6C 3F FF	シュン「くるまは われわれの ものだけです。	シュン「くるまは われわれの ものだけです。
647	647	4CE6	B	8CE6	32	controlled	YES		0	1	4CCD	F2	F2 CD 4C 65 10 12 00 10 12 00 10 12 72 60 16 24 15 00 01 27 4B 78 15 2F 0B 1F 28 68 1D 18 3F FF	[F2:$4CCD]シュン「はふ はふ はふ……。\n[F1:$02]いやあ からだが あったまりますねえ。	おばさん「[F0:$81]ありがとうございます。[GLYPH:$D2][GLYPH:$D0][GLYPH:$D0]えんです。[F0:$82]\n[F1:$0A][FE][F9]シュン「はふ はふ はふ……。\n[F1:$02]いやあ からだが あったまりますねえ。
648	648	4D06	B	8D06	11	controlled	YES		0	1	4CCD	F2	F2 CD 4C 65 80 00 16 16 6C 6F FF	[F2:$4CCD]シュン「もう いいですよ。	おばさん「[F0:$81]ありがとうございます。[GLYPH:$D2][GLYPH:$D0][GLYPH:$D0]えんです。[F0:$82]\n[F1:$0A][FE][F9]シュン「もう いいですよ。
649	649	4D29	B	8D29	38	controlled	YES		0	1	4D11	F2	F2 11 4D 65 4F 17 6C 3F 14 2F 01 16 4F 17 76 42 31 17 1B 31 17 75 60 E2 05 03 78 15 2F 0E 00 19 16 07 16 6E 36 FF	[F2:$4D11]シュン「どうです。ほっかいどうの ぎゅうにゅうは \n[F1:$02]コクが あって おいしいでしょう？	おばさん「[F0:$81]ありがとうございます。[GLYPH:$D1][GLYPH:$D0][GLYPH:$D0]えんです。[F0:$82]\n[F1:$0A][FE][F9]シュン「どうです。ほっかいどうの ぎゅうにゅうは \n[F1:$02]コクが あって おいしいでしょう？
650	650	4D4F	B	8D4F	31	controlled	YES		0	1	4D11	F2	F2 11 4D 65 24 22 0E 19 02 6B 6F 60 15 2E 1F 28 00 1E 21 0F 00 19 1A 01 2D 05 2C 07 68 6F FF	[F2:$4D11]シュン「やめておきましょうよ。\n[F1:$02]あんまり のむと おなかをこわしますよ。	おばさん「[F0:$81]ありがとうございます。[GLYPH:$D1][GLYPH:$D0][GLYPH:$D0]えんです。[F0:$82]\n[F1:$0A][FE][F9]シュン「やめておきましょうよ。\n[F1:$02]あんまり のむと おなかをこわしますよ。
651	651	4D6E	B	8D6E	48	plain	YES		0	0			65 0A 17 16 18 50 00 81 00 92 1E 60 99 74 0F 2F 0E 6A 6D 70 62 65 15 0F 4E 00 44 2E 50 13 00 23 4F 2F 0E 60 0F 2F 0E 00 19 01 1A 03 0C 30 72 FF	シュン「そういえば まだ したいの\n[F1:$02]しゃしんを とってませんでしたね。\n[F1:$0A][FE][F9]シュン「あとで げんばへ もどって\n[F1:$02]とって おかなくちゃ……。	シュン「そういえば まだ したいの\n[F1:$02]しゃしんを とってませんでしたね。\n[F1:$0A][FE][F9]シュン「あとで げんばへ もどって\n[F1:$02]とって おかなくちゃ……。
652	652	4D9E	B	8D9E	31	plain	YES		0	0			65 92 76 99 1A 27 60 80 0F 28 69 04 4F 72 62 65 1F 06 77 19 50 93 76 99 47 30 60 7F 6E 70 FF	シュン「したいの しゃしんなら\n[F1:$02]もうとりましたけど……。\n[F1:$0A][FE][F9]シュン「まさか おばさんの しゃしんじゃ\n[F1:$02]ないでしょうね。	シュン「したいの しゃしんなら\n[F1:$02]もうとりましたけど……。\n[F1:$0A][FE][F9]シュン「まさか おばさんの しゃしんじゃ\n[F1:$02]ないでしょうね。
653	653	4DBD	B	8DBD	11	plain	YES		0	0			65 19 50 93 73 84 74 B3 68 71 FF	シュン「おばさんに なにを みせますか？	シュン「おばさんに なにを みせますか？
654	654	4DC8	B	8DC8	23	controlled	YES		0	2	E94F,DADB	F2,F2	F2 4F E9 19 50 93 3A 06 15 00 20 19 54 18 00 7E 6A 41 72 F2 DB DA FF	[F2:$E94F]おばさん「さあ みおぼえ ありませんが……。[F2:$DADB]	シュン「[F0:$A1]ちょっと これをみてくれますか？[F0:$A2]\n[F1:$0A][FE][F9]おばさん「さあ みおぼえ ありませんが……。\n[F1:$0A][FE][F9][F5:$11,$03]
655	655	4DDF	B	8DDF	22	controlled	YES		0	2	E94F,DADB	F2,F2	F2 4F E9 19 50 93 3A 0F 2E 0F 00 07 27 7F 94 6C 41 72 F2 DB DA FF	[F2:$E94F]おばさん「とんと しらないひとですが……。[F2:$DADB]	シュン「[F0:$A1]ちょっと これをみてくれますか？[F0:$A2]\n[F1:$0A][FE][F9]おばさん「とんと しらないひとですが……。\n[F1:$0A][FE][F9][F5:$11,$03]
656	656	4DF5	B	8DF5	21	controlled	YES		0	2	E94F,DADB	F2,F2	F2 4F E9 19 50 93 3A 20 19 54 18 00 7E 6A 1D 18 72 F2 DB DA FF	[F2:$E94F]おばさん「みおぼえ ありませんねえ……。[F2:$DADB]	シュン「[F0:$A1]ちょっと これをみてくれますか？[F0:$A2]\n[F1:$0A][FE][F9]おばさん「みおぼえ ありませんねえ……。\n[F1:$0A][FE][F9][F5:$11,$03]
657	657	4E0A	B	8E0A	69	controlled	YES		0	2	E94F,DADB	F2,F2	F2 4F E9 19 50 93 3A 18 33 35 00 05 1E 94 78 05 2B 06 2A 0B 2E 6C 71 60 1A 01 1E 26 06 0A 17 1A 00 AF 4B 2F 0B 1E 1B 72 62 19 50 93 3A 4E 3E 24 2F 55 28 00 0D 2A 1E 8E 1E 94 41 60 91 1A 1E 6C 71 F2 DB DA FF	[F2:$E94F]おばさん「えー！ このひとが ころされたんですか？\n[F1:$02]なかのよさそうな カップルだったのに……。\n[F1:$0A][FE][F9]おばさん「で、やっぱり つれのおんなのひとが\n[F1:$02]はんにんなのですか？[F2:$DADB]	シュン「[F0:$A1]ちょっと これをみてくれますか？[F0:$A2]\n[F1:$0A][FE][F9]おばさん「えー！ このひとが ころされたんですか？\n[F1:$02]なかのよさそうな カップルだったのに……。\n[F1:$0A][FE][F9]おばさん「で、やっぱり つれのおんなのひとが\n[F1:$02]はんにんなのですか？\n[F1:$0A][FE][F9][F5:$11,$03]
658	658	4E4F	B	8E4F	45	controlled	YES		0	2	E94F,DADB	F2,F2	F2 4F E9 19 50 93 3A 15 0B 07 75 05 2C 41 28 1A 2E 6C 3F 60 07 1B 2E 1E 99 1A 2E 77 1A 2E 4F 23 60 B3 7F 4E 03 4B 06 16 6F F2 DB DA FF	[F2:$E94F]おばさん「あたしは こわがりなんです。\n[F1:$02]しにんのしゃしんなんか なんども\n[F1:$02]みせないでくださいよ。[F2:$DADB]	シュン「[F0:$A1]ちょっと これをみてくれますか？[F0:$A2]\n[F1:$0A][FE][F9]おばさん「あたしは こわがりなんです。\n[F1:$02]しにんのしゃしんなんか なんども\n[F1:$02]みせないでくださいよ。\n[F1:$0A][FE][F9][F5:$11,$03]
659	659	4E7C	B	8E7C	35	controlled	YES		0	2	E94F,DADB	F2,F2	F2 4F E9 19 50 93 3A 0A 17 0A 17 00 05 1E 94 6C 26 3F 60 15 1E AF 76 8E 1E 94 76 14 17 10 72 F2 DB DA FF	[F2:$E94F]おばさん「そうそう このひとですよ。\n[F1:$02]あのカップルの おんなのひとの ほうは……。[F2:$DADB]	シュン「[F0:$A1]ちょっと これをみてくれますか？[F0:$A2]\n[F1:$0A][FE][F9]おばさん「そうそう このひとですよ。\n[F1:$02]あのカップルの おんなのひとの ほうは……。\n[F1:$0A][FE][F9][F5:$11,$03]
660	660	6C20	B	AC20	10	controlled	YES		0	3	ED82,E881,ED86	F2,F2,F2	F2 82 ED F2 81 E8 F2 86 ED FF	[F2:$ED82][F2:$E881][F2:$ED86]	シュン「[F0:$A1]あれ。はなしちゅう みたいですね。[F0:$A2]
661	661	4EDB	B	8EDB	27	plain	YES		0	0			65 07 2A 0F 05 10 2E 0F 17 76 1A 01 14 4F 1B 15 29 60 E3 17 0F 2B 76 C8 6C 3F FF	シュン「しれとこはんとうの なかほどにある\n[F1:$02]ウトロの まちです。	シュン「しれとこはんとうの なかほどにある\n[F1:$02]ウトロの まちです。
662	662	4EF6	B	8EF6	57	plain	YES		0	0			65 82 0F 1A 03 00 06 51 07 44 1A 00 C8 6C 3F 60 A1 4B 01 27 01 23 00 07 2A 6A 41 72 62 65 4E 23 00 45 05 1B 16 03 00 14 0F 2E 4F 1E 94 41 60 05 05 74 0F 19 29 85 6C 70 FF	シュン「どことなく さびしげな まちです。\n[F1:$02]シーズン・オフだからかも しれませんが……。\n[F1:$0A][FE][F9]シュン「でも ごこにいく ほとんどのひとが\n[F1:$02]ここを とおるみたいですね。	シュン「どことなく さびしげな まちです。\n[F1:$02]シーズン・オフだからかも しれませんが……。\n[F1:$0A][FE][F9]シュン「でも ごこにいく ほとんどのひとが\n[F1:$02]ここを とおるみたいですね。
663	663	4F2F	B	8F2F	128	plain	YES		0	0			65 0F 19 28 08 41 28 76 47 23 0F 1E 94 73 99 2D 60 B3 0B 0F 05 2B 00 A8 76 99 4B 04 1B 60 10 2E 1E 17 07 69 3F 62 65 05 1E 94 75 09 2E 45 00 1F 23 1A 03 60 05 1E 8C 4E 00 42 32 17 07 32 17 07 0E 16 0B 60 94 47 30 7F 77 0F 00 16 17 1E 6C 3F 62 65 1A 2E 4E 23 00 0A 76 42 32 17 07 32 17 1B 2E 10 60 15 29 11 00 0F 0D 49 2E 00 0B 16 02 2E 2D 0D 01 20 60 B4 73 4E 0E 16 2F 0B 0F 01 72 FF	シュン「とおりすがりの じもとのひとに しゃしんを\n[F1:$02]みせたところ しらきの しゃしんだけに\n[F1:$02]はんのうしました。\n[F1:$0A][FE][F9]シュン「このひとは せんご まもなく\n[F1:$02]このあたりで ぎょうしょうしていた\n[F1:$02]ひとじゃないか と いうのです。\n[F1:$0A][FE][F9]シュン「なんでも その ぎょうしょうにんは\n[F1:$02]あるひ とつぜん たいきんをつかみ\n[F1:$02]とうきょうに でていったとか……。	シュン「とおりすがりの じもとのひとに しゃしんを\n[F1:$02]みせたところ しらきの しゃしんだけに\n[F1:$02]はんのうしました。\n[F1:$0A][FE][F9]シュン「このひとは せんご まもなく\n[F1:$02]このあたりで ぎょうしょうしていた\n[F1:$02]ひとじゃないか と いうのです。\n[F1:$0A][FE][F9]シュン「なんでも その ぎょうしょうにんは\n[F1:$02]あるひ とつぜん たいきんをつかみ\n[F1:$02]とうきょうに でていったとか……。
664	664	4FAF	B	8FAF	37	plain	YES		0	0			65 0A 1E 15 0B 28 1B 16 29 94 73 99 74 B3 0E 60 20 69 78 0E 41 01 28 73 1A 29 86 1A 60 97 75 02 04 6A 6D 3F FF	シュン「そのあたりにいるひとに しゃしんを みせて\n[F1:$02]みましたが てがかりに なるような\n[F1:$02]はなしは きけませんでした。	シュン「そのあたりにいるひとに しゃしんを みせて\n[F1:$02]みましたが てがかりに なるような\n[F1:$02]はなしは きけませんでした。
665	665	4FD4	B	8FD4	31	controlled	YES		0	2	ED82,ED86	F2,F2	F2 82 ED 16 0C 19 17 00 06 41 07 0E 00 20 69 41 60 05 1E 8C 1B 75 16 7F 86 6C 3F F2 86 ED FF	[F2:$ED82]いちおう さがして みましたが\n[F1:$02]このあたりには いないようです。[F2:$ED86]	シュン「[F0:$A1]いちおう さがして みましたが\n[F1:$02]このあたりには いないようです。[F0:$A2]
666	666	4FF3	B	8FF3	33	plain	YES		0	0			65 0A 0F 01 27 00 05 0A 05 0A 00 1E 4A 02 05 21 26 28 60 1A 01 73 10 16 2F 0B 27 16 16 79 10 36 FF	シュン「そとから こそこそ のぞきこむより\n[F1:$02]なかに はいったらいいのでは？	シュン「そとから こそこそ のぞきこむより\n[F1:$02]なかに はいったらいいのでは？
667	667	5014	B	9014	26	plain	YES		0	0			65 0A 0F 01 27 00 20 0B 0F 05 2B 00 53 0D 1B 60 8A 0F 05 2B 75 7E 6A 41 72 FF	シュン「そとから みたところ べつに\n[F1:$02]かわったところは ありませんが……。	シュン「そとから みたところ べつに\n[F1:$02]かわったところは ありませんが……。
668	668	502E	B	902E	9	controlled	YES		0	2	E94F,EC1E	F2,F2	F2 4F E9 8D 3A F2 1E EC FF	[F2:$E94F]おとこ「[F2:$EC1E]	シュン「[F0:$A1]ちょっと これをみてくれますか？[F0:$A2]\n[F1:$0A][FE][F9]おとこ「なんですか それ？
669	669	5037	B	9037	53	plain	YES		0	0			65 04 07 02 74 0F 2F 0E 00 19 20 24 44 1B 60 1A 06 29 1E 6C 71 62 65 19 20 24 44 24 4E 00 84 77 01 2F 0B 14 17 41 60 02 41 02 16 0E 16 29 0F 7C 16 68 41 3F FF	シュン「けしきを とって おみやげに\n[F1:$02]なさるのですか？\n[F1:$0A][FE][F9]シュン「おみやげやで なにか かったほうが\n[F1:$02]きがきいているとおもいますが。	シュン「けしきを とって おみやげに\n[F1:$02]なさるのですか？\n[F1:$0A][FE][F9]シュン「おみやげやで なにか かったほうが\n[F1:$02]きがきいているとおもいますが。
670	670	506C	B	906C	32	controlled	YES		0	3	ED82,E838,ED86	F2,F2,F2	F2 82 ED 99 74 0F 2A 0F 00 F2 38 E8 60 4E 23 00 E3 01 22 27 75 05 2C 2A 0E 16 68 3F F2 86 ED FF	[F2:$ED82]しゃしんを とれと [F2:$E838]\n[F1:$02]でも カメラは こわれています。[F2:$ED86]	シュン「[F0:$A1]しゃしんを とれと いうのですか？\n[F1:$02]でも カメラは こわれています。[F0:$A2]
671	671	508C	B	908C	52	controlled	YES		0	2	ED82,ED86	F2,F2	F2 82 ED E3 01 22 27 75 05 2C 2A 0E 00 0D 01 18 6A 3F 60 11 0D 86 1A 27 00 45 47 52 2E 76 22 1B 60 07 2F 01 28 00 24 02 0D 04 0E 03 4B 06 16 3F F2 86 ED FF	[F2:$ED82]カメラは こわれて つかえません。\n[F1:$02]ひつようなら ごじぶんの めに\n[F1:$02]しっかり やきつけてください。[F2:$ED86]	シュン「[F0:$A1]カメラは こわれて つかえません。\n[F1:$02]ひつようなら ごじぶんの めに\n[F1:$02]しっかり やきつけてください。[F0:$A2]
672	672	50C0	B	90C0	36	controlled	YES		0	2	ED82,ED86	F2,F2	F2 82 ED E3 01 22 27 75 05 2C 2A 0E 29 2E 6C 04 4F 72 60 0F 29 E2 1F 1D 4B 04 4E 23 00 07 68 71 F2 86 ED FF	[F2:$ED82]カメラは こわれてるんですけど……。\n[F1:$02]とるマネだけでも しますか？[F2:$ED86]	シュン「[F0:$A1]カメラは こわれてるんですけど……。\n[F1:$02]とるマネだけでも しますか？[F0:$A2]
673	673	50E4	B	90E4	24	plain	YES		0	0			65 CE 05 17 00 6C 3F 09 2E 16 2E 0F 60 7C 2C 2A 29 00 8D 41 16 68 3F FF	シュン「ウトロこう です。せんいんと\n[F1:$02]おもわれる おとこがいます。	シュン「ウトロこう です。せんいんと\n[F1:$02]おもわれる おとこがいます。
674	674	50FC	B	90FC	38	plain	YES		0	0			65 CE 05 17 00 6C 3F 05 1E 15 16 4B 1E 60 09 2E 16 2E 78 81 00 11 1F 0A 17 1B 60 52 27 52 27 00 07 0E 16 68 3F FF	シュン「ウトロこう です。このあいだの\n[F1:$02]せんいんが まだ ひまそうに\n[F1:$02]ぶらぶら しています。	シュン「ウトロこう です。このあいだの\n[F1:$02]せんいんが まだ ひまそうに\n[F1:$02]ぶらぶら しています。
675	675	5122	B	9122	44	plain	YES		0	0			65 07 2A 0F 05 20 06 02 00 1F 4E 16 03 00 01 2E 05 17 09 2E 41 60 7E 68 3F 16 1F 75 A1 1A 1E 4E 60 24 08 20 00 4B 0A 17 6C 41 72 FF	シュン「しれとこみさき までいく かんこうせんが\n[F1:$02]あります。いまは シーズン・オフなので\n[F1:$02]やすみ だそうですが……。	シュン「しれとこみさき までいく かんこうせんが\n[F1:$02]あります。いまは シーズン・オフなので\n[F1:$02]やすみ だそうですが……。
676	676	514E	B	914E	38	controlled	YES		0	2	EDE4,EDEC	F2,F2	F2 E4 ED 2E 1A 05 0F 16 2F 0E 26 33 3E 4B 2A 1E 05 0F 01 60 06 2F 55 28 00 7D 2E 1D 33 26 3E 8F 93 3F F2 EC ED FF	[F2:$EDE4]んなこといってよー、だれのことか\n[F1:$02]さっぱり わかんねーよ、けいじさん。[F2:$EDEC]	せんいん「[F0:$81]んなこといってよー、だれのことか\n[F1:$02]さっぱり わかんねーよ、けいじさん。[F0:$82]
677	677	5174	B	9174	77	controlled	YES		0	4	EDE4,EDEC,EDE4,EDEC	F2,F2,F2,F2	F2 E4 ED 0B 07 77 20 06 02 73 16 02 0B 16 2F 0E 60 16 2F 0E 02 0E 3D 3D 4E 23 00 12 1D 78 24 08 20 60 4B 2F 0E 00 7D 29 0F F2 EC ED 62 F2 E4 ED CC 74 20 29 1B 75 82 13 00 16 04 50 60 16 16 77 0F 01 16 2F 0E 0B 1A 15 3F F2 EC ED FF	[F2:$EDE4]たしか みさきに いきたいって\n[F1:$02]いってきて……でも ふねが やすみ\n[F1:$02]だって わかると[F2:$EDEC]\n[F1:$0A][FE][F9][F2:$EDE4]トドワラを みるには どこへ いけば\n[F1:$02]いいか とかいってたなあ。[F2:$EDEC]	せんいん「[F0:$81]たしか みさきに いきたいって\n[F1:$02]いってきて……でも ふねが やすみ\n[F1:$02]だって わかると[F0:$82]\n[F1:$0A][FE][F9]せんいん「[F0:$81]トドワラを みるには どこへ いけば\n[F1:$02]いいか とかいってたなあ。[F0:$82]
678	678	51C1	B	91C1	86	controlled	YES		0	4	EDE4,EDEC,EDE4,EDEC	F2,F2,F2,F2	F2 E4 ED 1E 0D 04 10 2E 0F 17 00 1B 15 29 00 02 1E 10 01 50 60 20 0E 18 1A 00 0F 05 4B 6F F2 EC ED 62 F2 E4 ED 3D 3D 0A 17 16 18 50 00 15 1E 94 00 20 32 17 1B 60 06 51 07 0A 17 4B 2F 0B 1A 15 3F 47 06 0D 00 1A 2E 01 60 07 1A 02 30 16 16 04 4F 72 F2 EC ED FF	[F2:$EDE4]のつけはんとう にある きのはかば\n[F1:$02]みてえな とこだよ。[F2:$EDEC]\n[F1:$0A][FE][F9][F2:$EDE4]……そういえば あのひと みょうに\n[F1:$02]さびしそうだったなあ。じさつ なんか\n[F1:$02]しなきゃいいけど……。[F2:$EDEC]	せんいん「[F0:$81]のつけはんとう にある きのはかば\n[F1:$02]みてえな とこだよ。[F0:$82]\n[F1:$0A][FE][F9]せんいん「[F0:$81]……そういえば あのひと みょうに\n[F1:$02]さびしそうだったなあ。じさつ なんか\n[F1:$02]しなきゃいいけど……。[F0:$82]
679	679	5217	B	9217	30	plain	YES		0	0			65 01 19 75 15 1F 28 00 26 03 7E 6A 41 60 06 14 4F 00 2C 29 16 8D 1B 23 00 20 18 6A 3F FF	シュン「かおは あまり よくありませんが\n[F1:$02]さほど わるいおとこにも みえません。	シュン「かおは あまり よくありませんが\n[F1:$02]さほど わるいおとこにも みえません。
680	680	5235	B	9235	22	plain	YES		0	0			65 05 1E 8C 1B 75 07 27 53 29 00 86 1A 60 94 75 16 7F 86 6C 3F FF	シュン「このあたりには しらべる ような\n[F1:$02]ひとは いないようです。	シュン「このあたりには しらべる ような\n[F1:$02]ひとは いないようです。
681	681	524B	B	924B	40	plain	YES		0	0			65 07 2A 0F 05 20 06 02 00 1F 4E 16 03 00 01 2E 05 17 09 2E 60 6C 3F 16 1F 75 A1 1A 79 60 24 08 20 4B 0A 17 6C 41 72 FF	シュン「しれとこみさき までいく かんこうせん\n[F1:$02]です。いまは シーズン・オフなので\n[F1:$02]やすみだそうですが……。	シュン「しれとこみさき までいく かんこうせん\n[F1:$02]です。いまは シーズン・オフなので\n[F1:$02]やすみだそうですが……。
682	682	5273	B	9273	108	controlled	YES		0	2	EDE4,EDEC	F2,F2	F2 E4 ED 84 08 2E 4B 26 35 00 24 22 2B 26 37 F2 EC ED 62 65 15 33 15 3F E3 01 22 27 78 19 0C 0E 60 05 2C 2A 0E 07 1F 2F 0B 72 62 65 4B 01 27 00 21 24 20 73 E3 01 22 27 2D 21 04 29 1E 10 60 16 24 4B 2F 0B 2E 6C 6F 62 65 16 20 1A 03 00 8F 73 E3 01 22 27 2D 60 21 04 27 2A 2A 50 00 4B 2A 4B 2F 0E 00 16 16 02 10 60 07 6A 6F FF	[F2:$EDE4]なにすんだよ！ やめろよ[GLYPH:$37][F2:$EDEC]\n[F1:$0A][FE][F9]シュン「あーあ。カメラが おちて\n[F1:$02]こわれてしまった……。\n[F1:$0A][FE][F9]シュン「だから むやみに カメラをむけるのは\n[F1:$02]いやだったんですよ。\n[F1:$0A][FE][F9]シュン「いみなく けいじに カメラを\n[F1:$02]むけられれば だれだって いいきは\n[F1:$02]しませんよ。	せんいん「[F0:$81]なにすんだよ！ やめろよ[GLYPH:$37][F0:$82]\n[F1:$0A][FE][F9]シュン「あーあ。カメラが おちて\n[F1:$02]こわれてしまった……。\n[F1:$0A][FE][F9]シュン「だから むやみに カメラをむけるのは\n[F1:$02]いやだったんですよ。\n[F1:$0A][FE][F9]シュン「いみなく けいじに カメラを\n[F1:$02]むけられれば だれだって いいきは\n[F1:$02]しませんよ。
683	683	52DF	B	92DF	26	controlled	YES		0	2	E94F,DADB	F2,F2	F2 4F E9 09 2E 16 2E 3A 06 15 3E 05 2E 1A 94 75 20 0B 05 0F 7F 70 F2 DB DA FF	[F2:$E94F]せんいん「さあ、こんなひとは みたことないね。[F2:$DADB]	シュン「[F0:$A1]ちょっと これをみてくれますか？[F0:$A2]\n[F1:$0A][FE][F9]せんいん「さあ、こんなひとは みたことないね。\n[F1:$0A][FE][F9][F5:$11,$03]
684	684	52F9	B	92F9	43	controlled	YES		0	2	E94F,DADB	F2,F2	F2 4F E9 09 2E 16 2E 3A 17 33 2E 72 20 0B 05 0F 15 29 86 1A 02 23 60 08 29 04 4F 72 24 2F 55 28 00 7D 2E 1D 33 24 3F F2 DB DA FF	[F2:$E94F]せんいん「うーん……。みたことあるようなきも\n[F1:$02]するけど……。やっぱり わかんねーや。[F2:$DADB]	シュン「[F0:$A1]ちょっと これをみてくれますか？[F0:$A2]\n[F1:$0A][FE][F9]せんいん「うーん……。みたことあるようなきも\n[F1:$02]するけど……。やっぱり わかんねーや。\n[F1:$0A][FE][F9][F5:$11,$03]
685	685	5324	B	9324	18	controlled	YES		0	2	E94F,DADB	F2,F2	F2 4F E9 09 2E 16 2E 3A 06 15 3E 1D 18 72 F2 DB DA FF	[F2:$E94F]せんいん「さあ、ねえ……。[F2:$DADB]	シュン「[F0:$A1]ちょっと これをみてくれますか？[F0:$A2]\n[F1:$0A][FE][F9]せんいん「さあ、ねえ……。\n[F1:$0A][FE][F9][F5:$11,$03]
686	686	5336	B	9336	25	controlled	YES		0	2	E94F,DADB	F2,F2	F2 4F E9 09 2E 16 2E 3A 05 2E 1A 94 75 20 0B 05 0F 7F 1A 15 72 F2 DB DA FF	[F2:$E94F]せんいん「こんなひとは みたことないなあ……。[F2:$DADB]	シュン「[F0:$A1]ちょっと これをみてくれますか？[F0:$A2]\n[F1:$0A][FE][F9]せんいん「こんなひとは みたことないなあ……。\n[F1:$0A][FE][F9][F5:$11,$03]
687	687	534F	B	934F	39	controlled	YES		0	2	E94F,DADB	F2,F2	F2 4F E9 09 2E 16 2E 3A 19 2F 3E 05 1E 94 1A 27 00 02 1E 17 00 05 05 1B 60 02 0B 6F 94 28 4B 2F 0B 1A 3F F2 DB DA FF	[F2:$E94F]せんいん「おっ、このひとなら きのう ここに\n[F1:$02]きたよ。ひとりだったな。[F2:$DADB]	シュン「[F0:$A1]ちょっと これをみてくれますか？[F0:$A2]\n[F1:$0A][FE][F9]せんいん「おっ、このひとなら きのう ここに\n[F1:$02]きたよ。ひとりだったな。\n[F1:$0A][FE][F9][F5:$11,$03]
688	688	5376	B	9376	26	plain	NO	PTR_INTERIOR	0	0		F8	65 9F 24 6C 3F B3 76 94 78 16 68 3F F8 8D 3A 10 16 00 16 27 2F 07 30 16 3F FF	シュン「おみやげやです。みせの ひとが います。\nおとこ「はい いらっしゃい。	シュン「おみやげやです。みせの ひとが います。\nおとこ「はい いらっしゃい。
689	689	5383	B	9383	13	plain	YES		0	0			8D 3A 10 16 00 16 27 2F 07 30 16 3F FF	おとこ「はい いらっしゃい。	おとこ「はい いらっしゃい。
690	690	5390	B	9390	23	plain	YES		0	0			65 12 0D 17 76 19 20 24 44 24 6C 3F 89 60 8A 0F 05 2B 75 7E 6A 3F FF	シュン「ふつうの おみやげやです。とくに \n[F1:$02]かわったところは ありません。	シュン「ふつうの おみやげやです。とくに \n[F1:$02]かわったところは ありません。
691	691	53A7	B	93A7	65	plain	YES		0	0			8D 3A 13 18 33 3E 45 05 4E 00 06 0D 47 2E 47 04 2E 41 1D 18 72 62 8D 3A 4E 23 00 17 0C 1B 03 29 00 19 02 30 03 10 60 20 2E 1A 00 16 16 94 4E 00 0A 2E 1A 05 0F 08 29 60 02 30 03 75 02 6A 6D 6F FF	おとこ「へえー、ごこで さつじんじけんがねえ……。\n[F1:$0A][FE][F9]おとこ「でも うちにくる おきゃくは\n[F1:$02]みんな いいひとで そんなことする\n[F1:$02]きゃくは きませんでしたよ。	おとこ「へえー、ごこで さつじんじけんがねえ……。\n[F1:$0A][FE][F9]おとこ「でも うちにくる おきゃくは\n[F1:$02]みんな いいひとで そんなことする\n[F1:$02]きゃくは きませんでしたよ。
692	692	53E8	B	93E8	22	plain	YES		0	0			8D 3A 24 2F 55 28 00 0D 2A 76 8E 41 72 60 A6 27 2A 1D 33 24 3F FF	おとこ「やっぱり つれの おんなが……。\n[F1:$02]しんじられねーや。	おとこ「やっぱり つれの おんなが……。\n[F1:$02]しんじられねーや。
693	693	53FE	B	93FE	34	plain	YES		0	0			8D 3A 88 19 19 02 1A 00 19 02 23 1E 74 01 2F 0E 70 60 2C 0B 07 78 BF 1F 4E 00 0F 4F 04 0B 2E 4B 3F FF	おとこ「ちょっと おおきな おきものを かってね。\n[F1:$02]わたしが りょかんまで とどけたんだ。	おとこ「ちょっと おおきな おきものを かってね。\n[F1:$02]わたしが りょかんまで とどけたんだ。
694	694	5420	B	9420	31	plain	YES		0	0			8D 3A 1F 18 73 16 2F 0B 00 19 02 23 1E 76 05 0F 60 03 27 16 07 77 7C 16 4B 09 2E 1A 15 3F FF	おとこ「まえに いった おきものの こと\n[F1:$02]くらいしか おもいだせんなあ。	おとこ「まえに いった おきものの こと\n[F1:$02]くらいしか おもいだせんなあ。
695	695	543F	B	943F	40	plain	YES		0	0			8D 3A 0B 07 77 01 41 24 BF 00 4B 2F 0B 1A 3F 60 4E 23 00 15 1E 94 41 1D 18 3F 8F 93 3E 60 84 01 76 C8 41 16 47 30 36 FF	おとこ「たしか かがやりょかん だったな。\n[F1:$02]でも あのひとがねえ。けいじさん、\n[F1:$02]なにかの まちがいじゃ？	おとこ「たしか かがやりょかん だったな。\n[F1:$02]でも あのひとがねえ。けいじさん、\n[F1:$02]なにかの まちがいじゃ？
696	696	5467	B	9467	20	plain	YES		0	0			8D 3A 15 15 00 15 0A 05 75 25 16 07 32 15 29 60 BF 4B 6F FF	おとこ「ああ あそこは ゆいしょある\n[F1:$02]りょかんだよ。	おとこ「ああ あそこは ゆいしょある\n[F1:$02]りょかんだよ。
697	697	547B	B	947B	31	plain	YES		0	0			65 E3 15 16 1C 76 20 2E 4A 03 16 07 32 17 74 02 0E 16 68 41 60 89 8A 0F 05 2B 75 7E 6A 3F FF	シュン「アイヌの みんぞくいしょうを きていますが\n[F1:$02]とくに かわったところは ありません。	シュン「アイヌの みんぞくいしょうを きていますが\n[F1:$02]とくに かわったところは ありません。
698	698	549A	B	949A	18	plain	YES		0	0			65 15 24 07 16 00 47 2E 52 0D 1B 75 20 18 6A 41 72 FF	シュン「あやしい じんぶつには みえませんが……。	シュン「あやしい じんぶつには みえませんが……。
699	699	54AC	B	94AC	33	plain	YES		0	0			65 06 41 09 0F 16 2C 2A 0E 23 00 0E 2E 7F 1B 10 60 2C 2A 2C 2A 0F 00 B3 1E 94 07 01 16 6A 41 3F FF	シュン「さがせといわれても てんないには\n[F1:$02]われわれと みせのひとしかいませんが。	シュン「さがせといわれても てんないには\n[F1:$02]われわれと みせのひとしかいませんが。
700	700	54CD	B	94CD	9	plain	YES		0	0			65 84 74 0F 28 68 01 3F FF	シュン「なにを とりますか。	シュン「なにを とりますか。
701	701	54D6	B	94D6	61	plain	YES		0	0			8D 3A 19 33 2F 0F 00 8F 93 00 19 22 41 0B 01 16 37 60 0A 76 E4 58 1A 2E 0F 75 D3 D0 D0 18 2E 6C 3F 60 1F 16 4F 15 28 16 35 62 65 63 00 05 2E 1A 76 01 2F 0E 00 4F 33 08 29 2E 6C 36 FF	おとこ「おーっと けいじさん おめがたかい[GLYPH:$37]\n[F1:$02]その ペナントは [GLYPH:$D3][GLYPH:$D0][GLYPH:$D0]えんです。\n[F1:$02]まいどありい！\n[F1:$0A][FE][F9]シュン「ボス こんなの かって どーするんです？	おとこ「おーっと けいじさん おめがたかい[GLYPH:$37]\n[F1:$02]その ペナントは [GLYPH:$D3][GLYPH:$D0][GLYPH:$D0]えんです。\n[F1:$02]まいどありい！\n[F1:$0A][FE][F9]シュン「ボス こんなの かって どーするんです？
702	702	6C2A	B	AC2A	10	controlled	YES		0	3	ED82,1A51,ED86	F2,F2,F2	F2 82 ED F2 51 1A F2 86 ED FF	[F2:$ED82][F2:$1A51][F2:$ED86]	シュン「[F0:$A1]でないみたいですね。[F0:$A2]
703	703	5513	B	9513	30	plain	YES		9	0			8D 3A D3 D0 D0 18 2E 6C 3F 1F 16 4F 15 28 16 35 62 65 1F 0B 01 17 2E 6C 71 00 05 2A 4E FF	おとこ「[GLYPH:$D3][GLYPH:$D0][GLYPH:$D0]えんです。まいどありい！\n[F1:$0A][FE][F9]シュン「またかうんですか？ これで	おとこ「[GLYPH:$D3][GLYPH:$D0][GLYPH:$D0]えんです。まいどありい！\n[F1:$0A][FE][F9]シュン「またかうんですか？ これで
704	704	5531	B	9531	8	controlled	YES		0	2	EAB2,EACA	F2,F2	F2 B2 EA 62 F2 CA EA FF	[F2:$EAB2]\n[F1:$0A][FE][F9][F2:$EACA]	シュン「ひとは いなくて あたりは\n[F1:$02]しずまりかえって います。\n[F1:$0A][FE][F9]シュン「ボス。もう どこか ほかの\n[F1:$02]ところへ いきましょうよ。
705	705	5548	B	9548	36	plain	YES		1	0			8D 3A 08 16 6A 3E 23 17 00 46 16 05 78 1A 03 0E 72 60 05 2A 75 20 14 2E 6C 01 27 00 19 17 28 4E 02 6A 3F FF	おとこ「すいません、もう ざいこが なくて……。\n[F1:$02]これは みほんですから おうりできません。	おとこ「すいません、もう ざいこが なくて……。\n[F1:$02]これは みほんですから おうりできません。
706	706	556C	B	956C	36	controlled	YES		0	1	5548	F2	F2 48 55 62 65 0F 17 0F 17 00 49 2E 52 00 01 16 07 22 0C 30 2F 0B 72 60 63 23 00 14 2E 0F 73 8A 94 6C 70 FF	[F2:$5548]\n[F1:$0A][FE][F9]シュン「とうとう ぜんぶ かいしめちゃった……。\n[F1:$02]ボスも ほんとに かわったひとですね。	おとこ「すいません、もう ざいこが なくて……。\n[F1:$02]これは みほんですから おうりできません。\n[F1:$0A][FE][F9]シュン「とうとう ぜんぶ かいしめちゃった……。\n[F1:$02]ボスも ほんとに かわったひとですね。
707	707	5590	B	9590	25	plain	YES		0	0			8D 3A 2C 29 16 04 4F 00 0E 2E 7F 10 60 06 0D 18 16 02 2E 07 1A 2E 4B 3F FF	おとこ「わるいけど てんないは\n[F1:$02]さつえいきんしなんだ。	おとこ「わるいけど てんないは\n[F1:$02]さつえいきんしなんだ。
708	708	55A9	B	95A9	39	controlled	YES		0	2	E94F,DADB	F2,F2	F2 4F E9 8D 3A 15 15 00 05 2A 75 B9 76 A7 1B 60 0A 2F 03 28 4B 3F 18 2F 00 53 0D 47 2E 36 00 13 18 33 3F F2 DB DA FF	[F2:$E94F]おとこ「ああ これは さっぽろの ゲンさんに\n[F1:$02]そっくりだ。えっ べつじん？ へえー。[F2:$DADB]	シュン「[F0:$A1]ちょっと これをみてくれますか？[F0:$A2]\n[F1:$0A][FE][F9]おとこ「ああ これは さっぽろの ゲンさんに\n[F1:$02]そっくりだ。えっ べつじん？ へえー。\n[F1:$0A][FE][F9][F5:$11,$03]
709	709	55D0	B	95D0	56	controlled	YES		0	2	E94F,DADB	F2,F2	F2 4F E9 8D 3A 05 05 07 50 27 03 00 E2 11 1F 4B 2F 0B 01 27 60 0B 16 0E 16 76 02 30 03 10 19 54 18 0E 16 29 04 4F 60 05 2E 1A 00 94 75 05 1A 01 2F 0B 1A 3F F2 DB DA FF	[F2:$E94F]おとこ「ここしばらく ヒマだったから\n[F1:$02]たいていの きゃくはおぼえているけど\n[F1:$02]こんな ひとは こなかったな。[F2:$DADB]	シュン「[F0:$A1]ちょっと これをみてくれますか？[F0:$A2]\n[F1:$0A][FE][F9]おとこ「ここしばらく ヒマだったから\n[F1:$02]たいていの きゃくはおぼえているけど\n[F1:$02]こんな ひとは こなかったな。\n[F1:$0A][FE][F9][F5:$11,$03]
710	710	5608	B	9608	15	controlled	YES		0	2	E94F,DADB	F2,F2	F2 4F E9 8D 3A 07 27 7F 1A 15 72 F2 DB DA FF	[F2:$E94F]おとこ「しらないなあ……。[F2:$DADB]	シュン「[F0:$A1]ちょっと これをみてくれますか？[F0:$A2]\n[F1:$0A][FE][F9]おとこ「しらないなあ……。\n[F1:$0A][FE][F9][F5:$11,$03]
711	711	5617	B	9617	65	controlled	YES		0	2	E94F,DADB	F2,F2	F2 4F E9 8D 3A 15 33 00 05 1E 94 1A 27 00 02 69 6F 60 0A 33 16 18 50 00 8E 1E 94 23 60 16 2F 07 32 4B 2F 0B 1A 3F 62 8D 3A 13 33 3F 15 76 47 32 09 16 41 60 15 24 07 16 94 1A 2E 6C 71 F2 DB DA FF	[F2:$E94F]おとこ「あー このひとなら きましたよ。\n[F1:$02]そーいえば おんなのひとも\n[F1:$02]いっしょだったな。\n[F1:$0A][FE][F9]おとこ「へー。あの じょせいが\n[F1:$02]あやしいひとなんですか？[F2:$DADB]	シュン「[F0:$A1]ちょっと これをみてくれますか？[F0:$A2]\n[F1:$0A][FE][F9]おとこ「あー このひとなら きましたよ。\n[F1:$02]そーいえば おんなのひとも\n[F1:$02]いっしょだったな。\n[F1:$0A][FE][F9]おとこ「へー。あの じょせいが\n[F1:$02]あやしいひとなんですか？\n[F1:$0A][FE][F9][F5:$11,$03]
712	712	5658	B	9658	31	controlled	YES		0	2	E94F,DADB	F2,F2	F2 4F E9 8D 3A 18 18 3E 05 2B 06 2A 0B 2F 0E 94 1E 60 0D 2A 76 47 32 09 16 6C 70 F2 DB DA FF	[F2:$E94F]おとこ「ええ、ころされたってひとの\n[F1:$02]つれの じょせいですね。[F2:$DADB]	シュン「[F0:$A1]ちょっと これをみてくれますか？[F0:$A2]\n[F1:$0A][FE][F9]おとこ「ええ、ころされたってひとの\n[F1:$02]つれの じょせいですね。\n[F1:$0A][FE][F9][F5:$11,$03]
713	713	6B3B	B	AB3B	12	plain	YES		0	0			65 20 0E 76 0F 19 28 00 6C 41 3F FF	シュン「みての とおり ですが。	シュン「みての とおり ですが。
714	714	567F	B	967F	33	controlled	YES		0	1	5677	F2	F2 77 56 62 19 01 20 3A 1F 15 00 19 10 24 16 00 19 0D 02 4E 72 60 18 2F 00 8F 93 36 00 10 15 72 FF	[F2:$5677]\n[F1:$0A][FE][F9]おかみ「まあ おはやい おつきで……。\n[F1:$02]えっ けいじさん？ はあ……。	シュン「かがやりょかんです。\n[F1:$0A][FE][F9]おかみ「まあ おはやい おつきで……。\n[F1:$02]えっ けいじさん？ はあ……。
715	715	56A0	B	96A0	15	controlled	YES		0	1	5677	F2	F2 77 56 62 19 01 20 3A 19 24 00 8F 93 3F FF	[F2:$5677]\n[F1:$0A][FE][F9]おかみ「おや けいじさん。	シュン「かがやりょかんです。\n[F1:$0A][FE][F9]おかみ「おや けいじさん。
716	716	56CD	B	96CD	65	plain	YES		0	0			65 63 3F 16 16 01 44 2E 73 0A 17 06 76 E2 05 0D 2D 60 19 54 18 0E 00 03 4B 06 16 3F 62 65 0F 0D 49 2E 00 0A 2E 1A 05 0F 2D 60 02 16 0E 23 00 19 01 20 93 75 1A 2E 1E 60 05 0F 4B 77 7D 28 6A 6F FF	シュン「ボス。いいかげんに そうさの コツを\n[F1:$02]おぼえて ください。\n[F1:$0A][FE][F9]シュン「とつぜん そんなことを\n[F1:$02]きいても おかみさんは なんの\n[F1:$02]ことだか わかりませんよ。	シュン「ボス。いいかげんに そうさの コツを\n[F1:$02]おぼえて ください。\n[F1:$0A][FE][F9]シュン「とつぜん そんなことを\n[F1:$02]きいても おかみさんは なんの\n[F1:$02]ことだか わかりませんよ。
717	717	570E	B	970E	68	plain	YES		0	0			19 01 20 3A 16 2F 07 32 73 0F 1F 2F 0B 00 94 76 05 0F 6C 71 60 12 17 12 0F 01 3D 3D 16 1F 00 24 4F 0C 32 17 2D 60 23 2F 0E 02 68 01 27 72 62 19 01 20 3A 05 2A 6C 3F 0B 07 77 A8 00 1A 2E 0F 01 2F 0E 72 FF	おかみ「いっしょに とまった ひとの ことですか？\n[F1:$02]ふうふとか……いま やどちょうを\n[F1:$02]もってきますから……。\n[F1:$0A][FE][F9]おかみ「これです。たしか しらき なんとかって……。	おかみ「いっしょに とまった ひとの ことですか？\n[F1:$02]ふうふとか……いま やどちょうを\n[F1:$02]もってきますから……。\n[F1:$0A][FE][F9]おかみ「これです。たしか しらき なんとかって……。
718	718	5789	B	9789	53	plain	YES		0	0		F8	65 02 76 0D 26 0A 17 1A 00 19 50 93 6C 1D 72 62 19 01 20 3A 84 74 11 0A 11 0A 00 19 2F 07 30 2F 0E 29 2E 6C 36 F8 65 15 2C 2C 3D 3D 1A 2E 4E 23 7E 6A 2F 3F FF	シュン「きの つよそうな おばさんですね……。\n[F1:$0A][FE][F9]おかみ「なにを ひそひそ おっしゃってるんです？\nシュン「あわわ……なんでもありませんっ。	シュン「きの つよそうな おばさんですね……。\n[F1:$0A][FE][F9]おかみ「なにを ひそひそ おっしゃってるんです？\nシュン「あわわ……なんでもありませんっ。
719	719	6B3A	B	AB3A	1	plain	YES		0	0			FF		
720	720	6B47	B	AB47	1	plain	YES		0	0			FF		
721	721	57BE	B	97BE	77	plain	YES		0	0			65 63 00 7E 69 3F 47 32 09 16 76 47 4E 60 A8 39 0B 0D 19 00 0F 00 0D 1F 76 16 03 20 3F 62 65 B8 4E 00 05 2B 06 2A 0B 00 A8 0F 00 84 01 60 01 2E 04 16 00 15 29 1E 6E 71 62 65 47 31 17 07 32 75 10 05 4B 0E 07 00 14 0B 29 C8 6C 3F FF	シュン「ボス ありました。じょせいの じで\n[F1:$02]しらき・たつお と つまの いくみ。\n[F1:$0A][FE][F9]シュン「あばしりで ころされた しらきと なにか\n[F1:$02]かんけい あるのでしょうか？\n[F1:$0A][FE][F9]シュン「じゅうしょは はこだてし ほたるまちです。	シュン「ボス ありました。じょせいの じで\n[F1:$02]しらき・たつお と つまの いくみ。\n[F1:$0A][FE][F9]シュン「あばしりで ころされた しらきと なにか\n[F1:$02]かんけい あるのでしょうか？\n[F1:$0A][FE][F9]シュン「じゅうしょは はこだてし ほたるまちです。
722	722	580B	B	980B	44	plain	YES		0	0			65 0B 07 01 73 14 0B 29 1F 0C 00 0F 00 01 01 2A 0E 60 16 68 78 0A 2A 16 41 16 73 0E 41 01 28 1B 60 1A 29 86 1A 05 0F 75 84 23 72 FF	シュン「たしかに ほたるまち と かかれて\n[F1:$02]いますが それいがいに てがかりに\n[F1:$02]なるようなことは なにも……。	シュン「たしかに ほたるまち と かかれて\n[F1:$02]いますが それいがいに てがかりに\n[F1:$02]なるようなことは なにも……。
723	723	5837	B	9837	1	plain	YES		0	0			FF		
724	724	5838	B	9838	36	plain	YES		0	0			65 63 00 24 4F 0C 32 17 74 85 1E 1A 27 60 84 77 07 27 53 2B 00 0F 00 22 16 2A 16 07 0E 00 03 4B 06 16 3F FF	シュン「ボス やどちょうを みたいのなら\n[F1:$02]なにか しらべろ と めいれいして ください。	シュン「ボス やどちょうを みたいのなら\n[F1:$02]なにか しらべろ と めいれいして ください。
725	725	585C	B	985C	35	plain	YES		0	0			19 01 20 3A 45 01 2E 53 2E 00 03 4B 06 16 00 02 32 17 10 60 19 04 07 32 17 76 1E 28 41 2C 29 03 0E 72 FF	おかみ「ごかんべん ください きょうは\n[F1:$02]おけしょうの のりがわるくて……。	おかみ「ごかんべん ください きょうは\n[F1:$02]おけしょうの のりがわるくて……。
726	726	587F	B	987F	7	plain	YES		0	0			65 83 74 B3 68 71 FF	シュン「どれを みせますか？	シュン「どれを みせますか？
727	727	5886	B	9886	26	controlled	YES		0	2	E94F,DADB	F2,F2	F2 4F E9 19 01 20 3A 06 15 3D 3D 36 00 4B 2A 1A 2E 6C 77 05 2A 36 F2 DB DA FF	[F2:$E94F]おかみ「さあ……？ だれなんですか これ？[F2:$DADB]	シュン「[F0:$A1]ちょっと これをみてくれますか？[F0:$A2]\n[F1:$0A][FE][F9]おかみ「さあ……？ だれなんですか これ？\n[F1:$0A][FE][F9][F5:$11,$03]
728	728	58A0	B	98A0	21	controlled	YES		0	2	E94F,DADB	F2,F2	F2 4F E9 19 01 20 3A 3D 3D 72 4B 2A 6C 77 05 2A 36 F2 DB DA FF	[F2:$E94F]おかみ「…………。だれですか これ？[F2:$DADB]	シュン「[F0:$A1]ちょっと これをみてくれますか？[F0:$A2]\n[F1:$0A][FE][F9]おかみ「…………。だれですか これ？\n[F1:$0A][FE][F9][F5:$11,$03]
729	729	58B5	B	98B5	21	controlled	YES		0	2	E94F,DADB	F2,F2	F2 4F E9 19 01 20 3A 07 28 6A 1D 3E 05 2E 1A 94 3F F2 DB DA FF	[F2:$E94F]おかみ「しりませんね、こんなひと。[F2:$DADB]	シュン「[F0:$A1]ちょっと これをみてくれますか？[F0:$A2]\n[F1:$0A][FE][F9]おかみ「しりませんね、こんなひと。\n[F1:$0A][FE][F9][F5:$11,$03]
730	730	58CA	B	98CA	39	controlled	YES		0	2	E94F,DADB	F2,F2	F2 4F E9 19 01 20 3A 15 15 00 05 1E 94 1A 27 00 17 0C 73 0F 1F 28 69 3F 60 8E 1E 94 0F 00 12 0B 28 4E 3F F2 DB DA FF	[F2:$E94F]おかみ「ああ このひとなら うちに とまりました。\n[F1:$02]おんなのひとと ふたりで。[F2:$DADB]	シュン「[F0:$A1]ちょっと これをみてくれますか？[F0:$A2]\n[F1:$0A][FE][F9]おかみ「ああ このひとなら うちに とまりました。\n[F1:$02]おんなのひとと ふたりで。\n[F1:$0A][FE][F9][F5:$11,$03]
731	731	58F1	B	98F1	33	controlled	YES		0	2	E94F,DADB	F2,F2	F2 4F E9 19 01 20 3A 18 18 3E 05 2B 06 2A 0B 2F 0E 94 1E 60 0D 2A 76 47 32 09 16 6C 70 F2 DB DA FF	[F2:$E94F]おかみ「ええ、ころされたってひとの\n[F1:$02]つれの じょせいですね。[F2:$DADB]	シュン「[F0:$A1]ちょっと これをみてくれますか？[F0:$A2]\n[F1:$0A][FE][F9]おかみ「ええ、ころされたってひとの\n[F1:$02]つれの じょせいですね。\n[F1:$0A][FE][F9][F5:$11,$03]
732	732	5912	B	9912	27	controlled	YES		0	2	EDEF,EDF5	F2,F2	F2 EF ED 10 16 00 0F 17 00 BF 76 50 2E 0F 17 4E 60 45 46 16 68 41 3F F2 F5 ED FF	[F2:$EDEF]はい とう りょかんの ばんとうで\n[F1:$02]ございますが。[F2:$EDF5]	ばんとう「[F0:$81]はい とう りょかんの ばんとうで\n[F1:$02]ございますが。[F0:$82]
733	733	592D	B	992D	14	plain	YES		0	0			65 50 2E 0F 17 93 78 0B 2F 0E 16 68 3F FF	シュン「ばんとうさんが たっています。	シュン「ばんとうさんが たっています。
734	734	593B	B	993B	118	controlled	YES		0	6	EDEF,EDF5,EDEF,EDF5,EDEF,EDF5	F2,F2,F2,F2,F2,F2	F2 EF ED 18 2F 3E E2 17 0C 73 0F 1F 2F 0B 00 12 0B 28 1E 05 0F 60 6C 71 00 0A 28 30 15 00 19 54 18 0E 16 68 6F F2 F5 ED 62 F2 EF ED 26 1A 01 73 23 1E 08 45 16 60 04 2E 01 74 07 1F 07 0E 1D 18 33 3F F2 F5 ED 62 F2 EF ED 8E 76 14 17 78 E4 2C 2E 2C 2E 00 1A 16 0E 16 0B 60 85 4E 00 15 1A 0B 75 C6 4E 23 60 0A 17 6D 00 0F 77 06 04 2E 4E 16 0E 72 F2 F5 ED FF	[F2:$EDEF]えっ、ウチに とまった ふたりのこと\n[F1:$02]ですか？ そりゃあ おぼえていますよ。[F2:$EDF5]\n[F1:$0A][FE][F9][F2:$EDEF]よなかに ものすごい\n[F1:$02]けんかを しましてねえー。[F2:$EDF5]\n[F1:$0A][FE][F9][F2:$EDEF]おんなの ほうが ワンワン ないていた\n[F1:$02]みたいで あなたは まりもやでも\n[F1:$02]そうでした とか さけんでいて……。[F2:$EDF5]	ばんとう「[F0:$81]えっ、ウチに とまった ふたりのこと\n[F1:$02]ですか？ そりゃあ おぼえていますよ。[F0:$82]\n[F1:$0A][FE][F9]ばんとう「[F0:$81]よなかに ものすごい\n[F1:$02]けんかを しましてねえー。[F0:$82]\n[F1:$0A][FE][F9]ばんとう「[F0:$81]おんなの ほうが ワンワン ないていた\n[F1:$02]みたいで あなたは まりもやでも\n[F1:$02]そうでした とか さけんでいて……。[F0:$82]
735	735	59B1	B	99B1	80	controlled	YES		0	6	EDEF,EDF5,EDEF,EDF5,EDEF,EDF5	F2,F2,F2,F2,F2,F2	F2 EF ED 17 33 2E 3D 3D 3D 3D 17 33 33 33 33 2E 72 F2 F5 ED 62 F2 EF ED 24 2F 55 28 00 91 10 60 80 94 28 1E 8D 4B 3F F2 F5 ED 62 F2 EF ED 16 18 00 53 0D 76 8D 74 20 0B 2C 04 47 30 60 7F 04 4F 00 15 2F 07 76 E2 01 2E 4E 06 15 72 F2 F5 ED FF	[F2:$EDEF]うーん…………うーーーーん……。[F2:$EDF5]\n[F1:$0A][FE][F9][F2:$EDEF]やっぱり はんにんは\n[F1:$02]もうひとりのおとこだ。[F2:$EDF5]\n[F1:$0A][FE][F9][F2:$EDEF]いえ べつの おとこを みたわけじゃ\n[F1:$02]ないけど あっしの カンでさあ……。[F2:$EDF5]	ばんとう「[F0:$81]うーん…………うーーーーん……。[F0:$82]\n[F1:$0A][FE][F9]ばんとう「[F0:$81]やっぱり はんにんは\n[F1:$02]もうひとりのおとこだ。[F0:$82]\n[F1:$0A][FE][F9]ばんとう「[F0:$81]いえ べつの おとこを みたわけじゃ\n[F1:$02]ないけど あっしの カンでさあ……。[F0:$82]
736	736	5A01	B	9A01	39	controlled	YES		0	2	EDEF,EDF5	F2,F2	F2 EF ED 2C 0B 07 78 0A 17 16 17 05 0F 50 74 02 16 0B 60 4B 04 4E 00 1A 2E 1E 05 0F 01 75 06 2F 55 28 72 F2 F5 ED FF	[F2:$EDEF]わたしが そういうことばを きいた\n[F1:$02]だけで なんのことかは さっぱり……。[F2:$EDF5]	ばんとう「[F0:$81]わたしが そういうことばを きいた\n[F1:$02]だけで なんのことかは さっぱり……。[F0:$82]
737	737	5A28	B	9A28	18	plain	YES		0	0			65 02 76 26 06 0A 17 1A 00 50 2E 0F 17 93 00 6C 3F FF	シュン「きの よさそうな ばんとうさん です。	シュン「きの よさそうな ばんとうさん です。
738	738	5A3A	B	9A3A	28	controlled	YES		0	3	E94F,E843,DADB	F2,F2,F2	F2 4F E9 F2 43 E8 15 15 00 05 1E 94 4B 3F 17 0C 73 0F 1F 2F 0B 1E 10 3F F2 DB DA FF	[F2:$E94F][F2:$E843]ああ このひとだ。うちに とまったのは。[F2:$DADB]	シュン「[F0:$A1]ちょっと これをみてくれますか？[F0:$A2]\n[F1:$0A][FE][F9]ばんとう「ああ このひとだ。うちに とまったのは。\n[F1:$0A][FE][F9][F5:$11,$03]
739	739	5A56	B	9A56	34	controlled	YES		0	3	E94F,E843,DADB	F2,F2,F2	F2 4F E9 F2 43 E8 15 15 00 0A 17 0A 17 00 05 1E 94 6C 70 60 17 0C 73 0F 1F 2F 0B 1E 10 3F F2 DB DA FF	[F2:$E94F][F2:$E843]ああ そうそう このひとですね。\n[F1:$02]うちに とまったのは。[F2:$DADB]	シュン「[F0:$A1]ちょっと これをみてくれますか？[F0:$A2]\n[F1:$0A][FE][F9]ばんとう「ああ そうそう このひとですね。\n[F1:$02]うちに とまったのは。\n[F1:$0A][FE][F9][F5:$11,$03]
740	740	5A78	B	9A78	51	controlled	YES		0	3	E94F,E843,DADB	F2,F2,F2	F2 4F E9 F2 43 E8 05 76 94 78 26 17 42 07 30 00 1A 2E 6C 71 60 53 0D 76 47 04 2E 76 95 36 60 13 18 33 3F 0B 16 13 2E 6C 1D 18 00 8F 93 23 3F F2 DB DA FF	[F2:$E94F][F2:$E843]この ひとが ようぎしゃ なんですか？\n[F1:$02]べつの じけんの ひがいしゃ？\n[F1:$02]へえー。たいへんですねえ けいじさんも。[F2:$DADB]	シュン「[F0:$A1]ちょっと これをみてくれますか？[F0:$A2]\n[F1:$0A][FE][F9]ばんとう「この ひとが ようぎしゃ なんですか？\n[F1:$02]べつの じけんの ひがいしゃ？\n[F1:$02]へえー。たいへんですねえ けいじさんも。\n[F1:$0A][FE][F9][F5:$11,$03]
741	741	5AAB	B	9AAB	14	controlled	YES		0	0		F3	F3 3A 15 33 E6 05 28 30 05 28 30 3F 62 FF	[F3]「あーコリャコリャ。\n[F1:$0A][FE][F9]	[F3]「あーコリャコリャ。\n[F1:$0A][FE][F9]
742	742	5AB9	B	9AB9	127	controlled	YES		0	0		F3,F8,F8	44 16 07 30 3A 1F 2F 00 19 11 0F 0D 00 16 01 41 E1 2E 36 62 F3 3A 15 00 4F 17 23 3D 3D 19 33 2F 0F 2F 0F 3F 62 44 16 07 30 3A 15 27 00 15 1A 0B 75 19 1E 20 73 1A 27 7F 1E 36 F8 65 02 2E 21 0C 31 17 6C 01 27 72 F8 44 16 07 30 3A 01 0B 16 05 0F 16 2C 48 73 06 06 00 43 33 2F 0F 3F 62 65 16 24 00 0A 1E 72 60 63 E1 2F 00 63 E1 2F 3F 0A 2E 1A 73 1E 2E 4E 60 4B 16 47 32 17 52 6C 71 FF	げいしゃ「まっ おひとつ いかがン？\n[F1:$0A][FE][F9][F3]「あ どうも……おーっとっと。\n[F1:$0A][FE][F9]げいしゃ「あら あなたは おのみに ならないの？\nシュン「きんむちゅうですから……。\nげいしゃ「かたいこといわずに ささ ぐーっと。\n[F1:$0A][FE][F9]シュン「いや その……。\n[F1:$02]ボスッ ボスッ。そんなに のんで\n[F1:$02]だいじょうぶですか？	げいしゃ「まっ おひとつ いかがン？\n[F1:$0A][FE][F9][F3]「あ どうも……おーっとっと。\n[F1:$0A][FE][F9]げいしゃ「あら あなたは おのみに ならないの？\nシュン「きんむちゅうですから……。\nげいしゃ「かたいこといわずに ささ ぐーっと。\n[F1:$0A][FE][F9]シュン「いや その……。\n[F1:$02]ボスッ ボスッ。そんなに のんで\n[F1:$02]だいじょうぶですか？
743	743	5B38	B	9B38	70	plain	YES		0	0			44 16 07 30 3A 84 00 02 32 2B 02 32 2B 00 1A 06 2F 0E 2E 1E 36 60 44 16 07 30 00 15 0A 51 75 10 47 22 0E 36 62 65 18 18 3F 47 0D 10 3D 3D 63 35 00 13 2E 1A 05 0F 60 22 16 2A 16 00 07 7F 4E 00 03 4B 06 16 3F FF	げいしゃ「なに きょろきょろ なさってんの？\n[F1:$02]げいしゃ あそびは はじめて？\n[F1:$0A][FE][F9]シュン「ええ。じつは……ボス！ へんなこと\n[F1:$02]めいれい しないで ください。	げいしゃ「なに きょろきょろ なさってんの？\n[F1:$02]げいしゃ あそびは はじめて？\n[F1:$0A][FE][F9]シュン「ええ。じつは……ボス！ へんなこと\n[F1:$02]めいれい しないで ください。
744	744	5B7E	B	9B7E	24	plain	YES		0	0			44 16 07 30 3A 02 03 24 2F 05 00 0F 80 07 68 3F 60 26 2B 07 03 1D 34 FF	げいしゃ「きくやっこ ともうします。\n[F1:$02]よろしくね[GLYPH:$34]	げいしゃ「きくやっこ ともうします。\n[F1:$02]よろしくね[GLYPH:$34]
745	745	5B96	B	9B96	44	plain	YES		0	0			65 0F 07 75 10 0B 0C 00 4B 0A 17 6C 41 60 15 24 07 16 00 23 1E 6C 70 4E 23 00 14 01 1B 10 60 89 12 07 2E 1A 00 0E 2E 75 7E 6A 3F FF	シュン「としは はたち だそうですが\n[F1:$02]あやしい ものですね。でも ほかには\n[F1:$02]とくに ふしんな てんは ありません。	シュン「としは はたち だそうですが\n[F1:$02]あやしい ものですね。でも ほかには\n[F1:$02]とくに ふしんな てんは ありません。
746	746	5BC2	B	9BC2	68	plain	YES		0	0			44 16 07 30 3A 13 18 33 2F 3E 05 0C 27 00 04 16 52 93 36 60 06 08 78 08 0E 02 1A 00 1E 20 2F 57 28 1D 18 72 62 65 63 E1 2F 00 0A 2E 1A 73 1E 2E 4E 60 4B 16 47 32 17 52 6C 71 00 07 32 17 41 7F 1A 15 3F FF	げいしゃ「へえーっ、こちら けいぶさん？\n[F1:$02]さすが すてきな のみっぷりねえ……。\n[F1:$0A][FE][F9]シュン「ボスッ そんなに のんで\n[F1:$02]だいじょうぶですか？ しょうがないなあ。	げいしゃ「へえーっ、こちら けいぶさん？\n[F1:$02]さすが すてきな のみっぷりねえ……。\n[F1:$0A][FE][F9]シュン「ボスッ そんなに のんで\n[F1:$02]だいじょうぶですか？ しょうがないなあ。
747	747	5C06	B	9C06	48	controlled	YES		0	2	E94F,DADB	F2,F2	F2 4F E9 44 16 07 30 3A 15 27 00 05 1E 94 00 2C 0B 07 45 1E 20 35 60 18 36 00 80 00 A6 30 2F 0B 1E 36 60 13 2E 1A 23 76 B3 7F 4E 6F F2 DB DA FF	[F2:$E94F]げいしゃ「あら このひと わたしごのみ！\n[F1:$02]え？ もう しんじゃったの？\n[F1:$02]へんなもの みせないでよ。[F2:$DADB]	シュン「[F0:$A1]ちょっと これをみてくれますか？[F0:$A2]\n[F1:$0A][FE][F9]げいしゃ「あら このひと わたしごのみ！\n[F1:$02]え？ もう しんじゃったの？\n[F1:$02]へんなもの みせないでよ。\n[F1:$0A][FE][F9][F5:$11,$03]
748	748	5C36	B	9C36	46	controlled	YES		0	2	E94F,DADB	F2,F2	F2 4F E9 44 16 07 30 3A 15 1A 0B 76 01 1E 47 32 36 60 0C 41 17 1E 36 00 1F 0B 15 35 00 14 2E 0F 10 60 0A 17 1A 2E 4E 07 32 36 F2 DB DA FF	[F2:$E94F]げいしゃ「あなたの かのじょ？\n[F1:$02]ちがうの？ またあ！ ほんとは\n[F1:$02]そうなんでしょ？[F2:$DADB]	シュン「[F0:$A1]ちょっと これをみてくれますか？[F0:$A2]\n[F1:$0A][FE][F9]げいしゃ「あなたの かのじょ？\n[F1:$02]ちがうの？ またあ！ ほんとは\n[F1:$02]そうなんでしょ？\n[F1:$0A][FE][F9][F5:$11,$03]
749	749	5C64	B	9C64	128	plain	YES		0	0			44 16 07 30 3A 15 27 00 23 17 00 19 01 18 28 1A 1E 33 36 62 65 24 2A 24 2A 72 4E 23 00 4F 33 07 0E 60 05 17 1A 2F 0B 2E 6E 36 62 65 63 41 00 16 20 23 1A 03 00 44 16 07 30 1A 2E 01 60 26 52 01 27 00 6C 6F 62 65 15 33 15 3E 23 17 00 D3 47 01 2E 23 00 0B 2F 0E 07 1F 2F 0B 3F 60 05 76 47 01 2E 1E E2 2B 08 78 0A 17 06 73 07 07 32 17 2D 60 02 0B 06 1A 04 2A 50 00 16 16 2E 6C 41 72 62 FF	げいしゃ「あら もう おかえりなのー？\n[F1:$0A][FE][F9]シュン「やれやれ……。でも どーして\n[F1:$02]こうなったんでしょう？\n[F1:$0A][FE][F9]シュン「ボスが いみもなく げいしゃなんか\n[F1:$02]よぶから ですよ。\n[F1:$0A][FE][F9]シュン「あーあ、もう [GLYPH:$D3]じかんも たってしまった。\n[F1:$02]この じかんのロスが そうさに ししょうを\n[F1:$02]きたさなければ いいんですが……。\n[F1:$0A][FE][F9]	げいしゃ「あら もう おかえりなのー？\n[F1:$0A][FE][F9]シュン「やれやれ……。でも どーして\n[F1:$02]こうなったんでしょう？\n[F1:$0A][FE][F9]シュン「ボスが いみもなく げいしゃなんか\n[F1:$02]よぶから ですよ。\n[F1:$0A][FE][F9]シュン「あーあ、もう [GLYPH:$D3]じかんも たってしまった。\n[F1:$02]この じかんのロスが そうさに ししょうを\n[F1:$02]きたさなければ いいんですが……。\n[F1:$0A][FE][F9]
750	750	5CE4	B	9CE4	10	plain	YES		0	0			65 10 05 4B 0E 76 C8 6C 3F FF	シュン「はこだての まちです。	シュン「はこだての まちです。
751	751	5CEE	B	9CEE	15	plain	YES		0	0			65 20 0E 1E 0F 19 28 76 04 07 02 6C 41 72 FF	シュン「みてのとおりの けしきですが……。	シュン「みてのとおりの けしきですが……。
752	752	5CFD	B	9CFD	14	plain	YES		0	0			65 7A 8C 1E 94 73 02 16 0E 02 68 3F 62 FF	シュン「では あたりのひとに きいてきます。\n[F1:$0A][FE][F9]	シュン「では あたりのひとに きいてきます。\n[F1:$0A][FE][F9]
753	753	5D0B	B	9D0B	38	plain	YES		0	0			65 63 3F 0A 2E 1A C8 75 7F 0A 17 6C 6F 60 15 76 12 0B 28 00 47 31 17 07 32 2D 60 16 0D 2C 2F 0E 16 0B 2E 6C 70 FF	シュン「ボス。そんなまちは ないそうですよ。\n[F1:$02]あの ふたり じゅうしょを\n[F1:$02]いつわっていたんですね。	シュン「ボス。そんなまちは ないそうですよ。\n[F1:$02]あの ふたり じゅうしょを\n[F1:$02]いつわっていたんですね。
754	754	5D31	B	9D31	32	plain	YES		0	0			65 23 17 16 0C 4F 00 0B 07 01 22 0E 00 20 69 41 60 24 10 28 00 0A 17 16 17 C8 75 7F 86 6C 3F FF	シュン「もういちど たしかめて みましたが\n[F1:$02]やはり そういうまちは ないようです。	シュン「もういちど たしかめて みましたが\n[F1:$02]やはり そういうまちは ないようです。
755	755	5D51	B	9D51	22	plain	YES		0	0			65 89 15 24 07 16 47 2E 52 0D 10 60 05 1E 8C 1B 75 16 6A 41 3F FF	シュン「とくに あやしいじんぶつは\n[F1:$02]このあたりには いませんが。	シュン「とくに あやしいじんぶつは\n[F1:$02]このあたりには いませんが。
756	756	5D67	B	9D67	25	plain	YES		0	0			65 16 0C 19 17 00 06 41 07 0E 20 69 41 60 05 1E 8C 1B 75 16 7F 86 6C 3F FF	シュン「いちおう さがしてみましたが\n[F1:$02]このあたりには いないようです。	シュン「いちおう さがしてみましたが\n[F1:$02]このあたりには いないようです。
757	757	5D80	B	9D80	31	controlled	YES		0	2	ED82,ED86	F2,F2	F2 82 ED 05 05 1B 75 0F 2F 0E 00 24 03 1B 0B 0D 86 1A 23 1E 10 60 20 8C 6A 41 72 F2 86 ED FF	[F2:$ED82]ここには とって やくにたつようなものは\n[F1:$02]みあたりませんが……。[F2:$ED86]	シュン「[F0:$A1]ここには とって やくにたつようなものは\n[F1:$02]みあたりませんが……。[F0:$A2]
758	758	5D9F	B	9D9F	36	plain	YES		0	0			65 0D 17 05 17 1B 2E 73 99 2D B3 0E 60 20 69 78 05 2A 0F 16 2F 0B 00 0E 41 01 28 10 60 18 27 2A 6A 6D 3F FF	シュン「つうこうにんに しゃしんをみせて\n[F1:$02]みましたが これといった てがかりは\n[F1:$02]えられませんでした。	シュン「つうこうにんに しゃしんをみせて\n[F1:$02]みましたが これといった てがかりは\n[F1:$02]えられませんでした。
759	759	5DC3	B	9DC3	51	plain	YES		0	0			65 14 0B 29 C8 00 76 96 76 01 03 1B 2E 60 6C 71 00 18 33 0F 00 CD 00 07 24 03 07 32 1A 27 60 D0 D1 D3 D8 33 D2 D7 33 D1 D2 D3 D4 50 2E 00 6C 41 72 62 FF	シュン「ほたるまち の ばしょの かくにん\n[F1:$02]ですか？ えーと はこだて しやくしょなら\n[F1:$02][GLYPH:$D0][GLYPH:$D1][GLYPH:$D3][GLYPH:$D8]ー[GLYPH:$D2][GLYPH:$D7]ー[GLYPH:$D1][GLYPH:$D2][GLYPH:$D3][GLYPH:$D4]ばん ですが……。\n[F1:$0A][FE][F9]	シュン「ほたるまち の ばしょの かくにん\n[F1:$02]ですか？ えーと はこだて しやくしょなら\n[F1:$02][GLYPH:$D0][GLYPH:$D1][GLYPH:$D3][GLYPH:$D8]ー[GLYPH:$D2][GLYPH:$D7]ー[GLYPH:$D1][GLYPH:$D2][GLYPH:$D3][GLYPH:$D4]ばん ですが……。\n[F1:$0A][FE][F9]
760	760	5DF6	B	9DF6	58	plain	YES		0	0			66 10 16 00 07 24 03 07 32 6C 3F 60 10 36 00 05 05 75 19 0B 29 47 30 00 7E 6A 41 36 62 66 18 00 19 0B 29 47 30 1A 03 0E 00 14 0B 29 C8 76 96 36 60 0A 2E 1A C8 75 7E 6A 3F FF	＊「はい しやくしょです。\n[F1:$02]は？ ここは おたるじゃ ありませんが？\n[F1:$0A][FE][F9]＊「え おたるじゃなくて ほたるまちの ばしょ？\n[F1:$02]そんなまちは ありません。	＊「はい しやくしょです。\n[F1:$02]は？ ここは おたるじゃ ありませんが？\n[F1:$0A][FE][F9]＊「え おたるじゃなくて ほたるまちの ばしょ？\n[F1:$02]そんなまちは ありません。
761	761	5E30	B	9E30	35	plain	YES		0	0			66 0B 4B 16 1F 00 11 29 24 08 20 00 6C 79 60 1F 0B 15 0F 4E 00 19 01 04 1A 19 07 00 03 4B 06 16 3F 62 FF	＊「ただいま ひるやすみ ですので\n[F1:$02]またあとで おかけなおし ください。\n[F1:$0A][FE][F9]	＊「ただいま ひるやすみ ですので\n[F1:$02]またあとで おかけなおし ください。\n[F1:$0A][FE][F9]
762	762	5E53	B	9E53	36	plain	YES		0	0			66 10 16 00 07 24 03 07 32 3F 10 36 00 E3 14 0B 29 6C 71 60 06 16 02 2E 00 15 1F 28 00 20 6A 1D 18 3F 62 FF	＊「はい しやくしょ。は？ ホタルですか？\n[F1:$02]さいきん あまり みませんねえ。\n[F1:$0A][FE][F9]	＊「はい しやくしょ。は？ ホタルですか？\n[F1:$02]さいきん あまり みませんねえ。\n[F1:$0A][FE][F9]
763	763	5E77	B	9E77	40	plain	YES		0	0			66 10 16 00 07 24 03 07 32 3F 10 36 00 E5 14 0B 29 16 01 1A 27 60 0F 24 1F 04 2E 76 22 16 52 0D 47 30 00 7F 6C 71 62 FF	＊「はい しやくしょ。は？ ホタルイカなら\n[F1:$02]とやまけんの めいぶつじゃ ないですか？\n[F1:$0A][FE][F9]	＊「はい しやくしょ。は？ ホタルイカなら\n[F1:$02]とやまけんの めいぶつじゃ ないですか？\n[F1:$0A][FE][F9]
764	764	6B48	B	AB48	16	plain	YES		0	0			65 1D 4B 2E 75 D3 D0 D0 18 2E 4B 0A 17 6C 3F FF	シュン「ねだんは [GLYPH:$D3][GLYPH:$D0][GLYPH:$D0]えんだそうです。	シュン「ねだんは [GLYPH:$D3][GLYPH:$D0][GLYPH:$D0]えんだそうです。
765	765	5EB0	B	9EB0	35	plain	YES		0	0			65 CB 6C 3F E3 15 16 1C 76 20 2E 4A 03 16 07 32 17 2D 60 02 0B 94 0B 0C 0F 00 99 24 93 00 78 16 68 3F FF	シュン「あかんこです。アイヌの みんぞくいしょうを\n[F1:$02]きたひとたちと しゃしんやさん が います。	シュン「あかんこです。アイヌの みんぞくいしょうを\n[F1:$02]きたひとたちと しゃしんやさん が います。
766	766	5ED3	B	9ED3	20	plain	YES		0	0			65 99 24 00 93 73 02 03 1E 6C 1D 36 60 84 74 02 02 68 71 FF	シュン「しゃしんや さんに きくのですね？\n[F1:$02]なにを ききますか？	シュン「しゃしんや さんに きくのですね？\n[F1:$02]なにを ききますか？
767	767	5EE7	B	9EE7	22	controlled	YES		0	1	EA34	F2	F2 34 EA 1A 2E 76 05 0F 6C 71 60 06 2F 55 28 00 7D 28 6A 24 3F FF	[F2:$EA34]なんの ことですか？\n[F1:$02]さっぱり わかりませんや。	しゃしんや「[F0:$09,$11,$19,$80]なんの ことですか？\n[F1:$02]さっぱり わかりませんや。
768	768	5EFD	B	9EFD	45	controlled	YES		0	1	EA34	F2	F2 34 EA C6 1D 18 3D 3D 36 60 02 16 0B 05 0F 78 15 29 1A 1F 18 4B 04 4F 60 06 15 0E 00 82 4B 2F 0B 2F 04 72 62 99 24 3A 17 33 2E 72 FF	[F2:$EA34]まりもやねえ……？\n[F1:$02]きいたことが あるなまえだけど\n[F1:$02]さあて どこだったっけ……。\n[F1:$0A][FE][F9]しゃしんや「うーん……。	しゃしんや「[F0:$09,$11,$19,$80]まりもやねえ……？\n[F1:$02]きいたことが あるなまえだけど\n[F1:$02]さあて どこだったっけ……。\n[F1:$0A][FE][F9]しゃしんや「うーん……。
769	769	5F2A	B	9F2A	13	plain	YES		0	0			65 89 12 07 2E 1A 23 1E 75 16 6A 3F FF	シュン「とくに ふしんなものは いません。	シュン「とくに ふしんなものは いません。
770	770	5F37	B	9F37	28	plain	YES		0	0			65 E9 13 51 33 39 08 23 33 01 33 76 86 6C 41 60 89 12 07 2E 1A 0E 2E 75 7E 6A 3F FF	シュン「ヘビー・スモーカーの ようですが\n[F1:$02]とくに ふしんなてんは ありません。	シュン「ヘビー・スモーカーの ようですが\n[F1:$02]とくに ふしんなてんは ありません。
771	771	5F53	B	9F53	85	controlled	YES		0	1	EA3D	F2	F2 3D EA 65 15 2A 36 00 63 35 00 05 1E E4 27 16 0B 33 3E 60 C6 00 BF 00 0F 00 01 16 0E 7E 68 3F 62 99 24 3A 18 18 00 0C 01 03 76 BF 41 60 09 2E 4E 2E 86 73 03 2A 0B 23 76 6C 04 4F 60 0A 2A 78 84 01 72 62 65 63 3F 05 2A 4E 00 C6 76 96 41 60 7D 28 69 3F FF	[F2:$EA3D]シュン「あれ？ ボス！ このライター、\n[F1:$02]まりもや りょかん と かいてあります。\n[F1:$0A][FE][F9]しゃしんや「ええ ちかくの りょかんが\n[F1:$02]せんでんように くれたもの ですけど\n[F1:$02]それが なにか……。\n[F1:$0A][FE][F9]シュン「ボス。これで まりもやの ばしょが\n[F1:$02]わかりました。	しゃしんや「[F0:$09,$11,$19,$80]え ちょっと ライターを\n[F1:$02]かしてくれって？ いいですよ。\n[F1:$0A][FE][F9]シュン「あれ？ ボス！ このライター、\n[F1:$02]まりもや りょかん と かいてあります。\n[F1:$0A][FE][F9]しゃしんや「ええ ちかくの りょかんが\n[F1:$02]せんでんように くれたもの ですけど\n[F1:$02]それが なにか……。\n[F1:$0A][FE][F9]シュン「ボス。これで まりもやの ばしょが\n[F1:$02]わかりました。
772	772	5FA8	B	9FA8	31	plain	YES		0	0			65 63 3F 80 00 C6 76 96 10 60 7D 2F 0B 2E 6C 01 27 3E 60 11 0D 86 7F 2E 47 30 00 7F 6C 71 FF	シュン「ボス。もう まりもやの ばしょは\n[F1:$02]わかったんですから、\n[F1:$02]ひつようないんじゃ ないですか？	シュン「ボス。もう まりもやの ばしょは\n[F1:$02]わかったんですから、\n[F1:$02]ひつようないんじゃ ないですか？
773	773	5FC7	B	9FC7	20	controlled	YES		0	1	EA37	F2	F2 37 EA 65 19 2F 3E E8 27 33 03 39 1F 16 29 4F 00 6C 70 FF	[F2:$EA37]シュン「おっ、ラーク・マイルド ですね。	[F0:$09,$11,$19,$80]シュン「おっ、ラーク・マイルド ですね。
774	774	5FDB	B	9FDB	30	plain	YES		0	0			65 20 48 75 0F 0E 23 00 0D 22 0B 03 60 05 19 2F 0E 7F 1E 78 12 07 42 1A 03 27 16 6C 3F FF	シュン「みずは とても つめたく\n[F1:$02]こおってないのが ふしぎなくらいです。	シュン「みずは とても つめたく\n[F1:$02]こおってないのが ふしぎなくらいです。
775	775	5FF9	B	9FF9	18	controlled	YES		0	1	EA34	F2	F2 34 EA E3 0B 50 05 74 D1 59 2E 36 00 16 16 6C 6F FF	[F2:$EA34]タバコを [GLYPH:$D1]ぽん？ いいですよ。	しゃしんや「[F0:$09,$11,$19,$80]タバコを [GLYPH:$D1]ぽん？ いいですよ。
776	776	600B	B	A00B	37	controlled	YES		0	1	EA34	F2	F2 34 EA 0A 2E 1A 73 1A 2E 54 2E 23 00 15 44 0B 27 60 47 52 2E 76 08 17 52 2E 78 1A 03 1A 2F 0C 30 16 68 6F FF	[F2:$EA34]そんなに なんぼんも あげたら\n[F1:$02]じぶんの すうぶんが なくなっちゃいますよ。	しゃしんや「[F0:$09,$11,$19,$80]そんなに なんぼんも あげたら\n[F1:$02]じぶんの すうぶんが なくなっちゃいますよ。
777	777	6030	B	A030	18	controlled	YES		0	0		F0	99 24 3A F0 01 08 10 98 10 16 00 E3 0C 33 48 35 62 FF	しゃしんや「[F0:$01,$08,$10,$98]はい チーズ！\n[F1:$0A][FE][F9]	しゃしんや「[F0:$01,$08,$10,$98]はい チーズ！\n[F1:$0A][FE][F9]
778	778	6042	B	A042	91	controlled	YES		0	1	EA34	F2	F2 34 EA 7A 44 2E 4A 17 78 4E 02 07 4B 16 60 19 19 03 28 00 07 68 79 00 47 31 17 07 32 2D 60 19 07 18 0E 00 03 4B 06 16 62 99 24 3A 15 3E 19 1D 4B 2E 75 D2 D0 D0 D0 18 2E 6C 3F 62 65 17 2C 15 00 0B 01 16 35 00 0A 2A 1B 07 0E 23 60 63 75 02 1D 2E 99 78 08 02 6C 1D 18 3F FF	[F2:$EA34]では げんぞうが できしだい\n[F1:$02]おおくり しますので じゅうしょを\n[F1:$02]おしえて ください\n[F1:$0A][FE][F9]しゃしんや「あ、おねだんは [GLYPH:$D2][GLYPH:$D0][GLYPH:$D0][GLYPH:$D0]えんです。\n[F1:$0A][FE][F9]シュン「うわあ たかい！ それにしても\n[F1:$02]ボスは きねんしゃしんが すきですねえ。	しゃしんや「[F0:$09,$11,$19,$80]では げんぞうが できしだい\n[F1:$02]おおくり しますので じゅうしょを\n[F1:$02]おしえて ください\n[F1:$0A][FE][F9]しゃしんや「あ、おねだんは [GLYPH:$D2][GLYPH:$D0][GLYPH:$D0][GLYPH:$D0]えんです。\n[F1:$0A][FE][F9]シュン「うわあ たかい！ それにしても\n[F1:$02]ボスは きねんしゃしんが すきですねえ。
779	779	609D	B	A09D	49	controlled	YES		0	1	EA34	F2	F2 34 EA 0A 2E 1A 73 1A 2E 1F 16 23 00 0F 27 1A 03 0E 23 60 4B 16 47 32 17 52 6C 26 3F 2C 0B 07 76 17 4E 2D 60 07 2E 86 07 0E 00 03 4B 06 16 3F FF	[F2:$EA34]そんなに なんまいも とらなくても\n[F1:$02]だいじょうぶですよ。わたしの うでを\n[F1:$02]しんようして ください。	しゃしんや「[F0:$09,$11,$19,$80]そんなに なんまいも とらなくても\n[F1:$02]だいじょうぶですよ。わたしの うでを\n[F1:$02]しんようして ください。
780	780	60CE	B	A0CE	15	plain	YES		0	0			65 99 24 93 73 1A 1B 2D 00 B3 1F 08 01 36 FF	シュン「しゃしんやさんに なにを みせますか？	シュン「しゃしんやさんに なにを みせますか？
781	781	60DD	B	A0DD	61	controlled	YES		0	3	E94F,EA34,DADB	F2,F2,F2	F2 4F E9 F2 34 EA 1F 16 1B 0C 00 16 2B 2E 1A 94 74 0F 2F 0E 29 01 27 60 16 0C 16 0C 00 01 19 1A 2E 0E 00 19 54 18 0E 6A 6F 60 08 16 6A 1D 33 00 24 03 1B 0B 0B 1A 03 0E 3F F2 DB DA FF	[F2:$E94F][F2:$EA34]まいにち いろんなひとを とってるから\n[F1:$02]いちいち かおなんて おぼえてませんよ。\n[F1:$02]すいませんねー やくにたたなくて。[F2:$DADB]	シュン「[F0:$A1]ちょっと これをみてくれますか？[F0:$A2]\n[F1:$0A][FE][F9]しゃしんや「[F0:$09,$11,$19,$80]まいにち いろんなひとを とってるから\n[F1:$02]いちいち かおなんて おぼえてませんよ。\n[F1:$02]すいませんねー やくにたたなくて。\n[F1:$0A][FE][F9][F5:$11,$03]
782	782	611A	B	A11A	31	controlled	YES		0	3	E94F,EA34,DADB	F2,F2,F2	F2 4F E9 F2 34 EA 3D 3D 17 33 2E 00 20 19 54 18 41 60 15 29 86 1A 00 7F 86 1A 72 F2 DB DA FF	[F2:$E94F][F2:$EA34]……うーん みおぼえが\n[F1:$02]あるような ないような……。[F2:$DADB]	シュン「[F0:$A1]ちょっと これをみてくれますか？[F0:$A2]\n[F1:$0A][FE][F9]しゃしんや「[F0:$09,$11,$19,$80]……うーん みおぼえが\n[F1:$02]あるような ないような……。\n[F1:$0A][FE][F9][F5:$11,$03]
783	783	6139	B	A139	35	controlled	YES		0	3	E94F,EA34,DADB	F2,F2,F2	F2 4F E9 F2 34 EA 15 15 3E 05 28 30 00 2C 0B 07 78 0F 2F 0B 60 99 73 1F 0C 41 16 00 7E 6A 3F F2 DB DA FF	[F2:$E94F][F2:$EA34]ああ、こりゃ わたしが とった\n[F1:$02]しゃしんに まちがい ありません。[F2:$DADB]	シュン「[F0:$A1]ちょっと これをみてくれますか？[F0:$A2]\n[F1:$0A][FE][F9]しゃしんや「[F0:$09,$11,$19,$80]ああ、こりゃ わたしが とった\n[F1:$02]しゃしんに まちがい ありません。\n[F1:$0A][FE][F9][F5:$11,$03]
784	784	6CB9	B	ACB9	8	controlled	YES		0	2	EA9C,EACA	F2,F2	F2 9C EA 62 F2 CA EA FF	[F2:$EA9C]\n[F1:$0A][FE][F9][F2:$EACA]	シュン「[F0:$A1]このあたりには われわれしか いませんが。[F0:$A2]\n[F1:$0A][FE][F9]シュン「ボス。もう どこか ほかの\n[F1:$02]ところへ いきましょうよ。
785	785	615C	B	A15C	45	controlled	YES		0	3	E9F0,EDB6,EDBB	F2,F2,F2	F2 F0 E9 62 65 24 15 3F 1F 0B 00 19 15 16 07 69 70 60 0B 07 77 AB 93 3D 3D 36 62 F2 B6 ED 15 27 3F 05 1E 1F 18 76 8F 93 3F F2 BB ED FF	[F2:$E9F0]\n[F1:$0A][FE][F9]シュン「やあ。また おあいしましたね。\n[F1:$02]たしか まきこさん……？\n[F1:$0A][FE][F9][F2:$EDB6]あら。このまえの けいじさん。[F2:$EDBB]	シュン「ましゅうこ です。\n[F1:$0A][FE][F9]シュン「やあ。また おあいしましたね。\n[F1:$02]たしか まきこさん……？\n[F1:$0A][FE][F9][FC:$5C][F0:$A9]あら。このまえの けいじさん。[F0:$AA]
786	786	6189	B	A189	68	controlled	YES		0	4	EDB6,EDBB,EDB6,EDBB	F2,F2,F8,F2,F2	F2 B6 ED 15 2F 3E 8F 93 3F 0C 32 2F 0F 72 F2 BB ED 62 65 4F 17 01 07 69 36 F8 F2 B6 ED 15 3E 16 18 3F 1A 2E 4E 23 7F 2E 6C 3F 60 0A 17 06 00 41 2E 50 2F 0E 03 4B 06 16 70 F2 BB ED 62 65 10 16 2F 35 62 FF	[F2:$EDB6]あっ、けいじさん。ちょっと……。[F2:$EDBB]\n[F1:$0A][FE][F9]シュン「どうかしました？\n[F2:$EDB6]あ、いえ。なんでもないんです。\n[F1:$02]そうさ がんばってくださいね。[F2:$EDBB]\n[F1:$0A][FE][F9]シュン「はいっ！\n[F1:$0A][FE][F9]	[FC:$5C][F0:$A9]あっ、けいじさん。ちょっと……。[F0:$AA]\n[F1:$0A][FE][F9]シュン「どうかしました？\n[FC:$5C][F0:$A9]あ、いえ。なんでもないんです。\n[F1:$02]そうさ がんばってくださいね。[F0:$AA]\n[F1:$0A][FE][F9]シュン「はいっ！\n[F1:$0A][FE][F9]
787	787	61CD	B	A1CD	4	controlled	YES		0	1	EA59	F2	F2 59 EA FF	[F2:$EA59]	シュン「みずうみの ちゅうおうに カムイッシュの\n[F1:$02]しまが みえます。
788	788	61D1	B	A1D1	56	controlled	YES		0	3	EA59,EDB6,EDBB	F2,F2,F2	F2 59 EA 62 65 0A 07 0E 00 BC 1E 20 48 10 60 08 20 02 2F 0E 16 68 3D 3D 1F 29 4E 60 AB 93 76 11 0F 20 76 86 1B 72 62 F2 B6 ED 24 4B 2F 3F 8F 93 2F 0B 27 72 F2 BB ED FF	[F2:$EA59]\n[F1:$0A][FE][F9]シュン「そして ましゅうこのみずは\n[F1:$02]すみきっています……まるで\n[F1:$02]まきこさんの ひとみの ように……。\n[F1:$0A][FE][F9][F2:$EDB6]やだっ。けいじさんったら……。[F2:$EDBB]	シュン「みずうみの ちゅうおうに カムイッシュの\n[F1:$02]しまが みえます。\n[F1:$0A][FE][F9]シュン「そして ましゅうこのみずは\n[F1:$02]すみきっています……まるで\n[F1:$02]まきこさんの ひとみの ように……。\n[F1:$0A][FE][F9][FC:$5C][F0:$A9]やだっ。けいじさんったら……。[F0:$AA]
789	789	6209	B	A209	41	controlled	YES		0	3	EDB6,EDBB,6259	F2,F2,F8,F2	F2 B6 ED 1F 15 00 8E 1E 94 78 06 0D 47 2E 2D 3D 3D 36 60 0A 2A 4E 00 2C 0B 07 78 15 24 07 16 0F 36 F2 BB ED F8 F2 59 62 FF	[F2:$EDB6]まあ おんなのひとが さつじんを……？\n[F1:$02]それで わたしが あやしいと？[F2:$EDBB]\n[F2:$6259]	[FC:$5C][F0:$A9]まあ おんなのひとが さつじんを……？\n[F1:$02]それで わたしが あやしいと？[F0:$AA]\nシュン「と、 とんでもありません！
790	790	6232	B	A232	39	controlled	YES		0	3	EDB6,EDBB,6259	F2,F2,F8,F2	F2 B6 ED 84 77 19 24 03 73 0B 0E 2A 50 00 16 16 1E 6C 41 60 3D 3D 25 29 07 0E 03 4B 06 16 70 F2 BB ED F8 F2 59 62 FF	[F2:$EDB6]なにか おやくに たてれば いいのですが\n[F1:$02]……ゆるしてくださいね。[F2:$EDBB]\n[F2:$6259]	[FC:$5C][F0:$A9]なにか おやくに たてれば いいのですが\n[F1:$02]……ゆるしてくださいね。[F0:$AA]\nシュン「と、 とんでもありません！
791	791	6259	B	A259	12	plain	YES		2	0			65 0F 3E 00 0F 2E 4E 23 7E 6A 35 FF	シュン「と、 とんでもありません！	シュン「と、 とんでもありません！
792	792	6265	B	A265	45	controlled	YES		0	2	EDB6,EDBB	F2,F2	F2 B6 ED 06 15 00 0A 17 16 17 1A 1F 18 76 BF 10 60 02 16 0B 05 0F 41 72 19 24 03 1B 0B 0E 1A 03 0E 60 45 22 2E 1A 06 16 3F F2 BB ED FF	[F2:$EDB6]さあ そういうなまえの りょかんは\n[F1:$02]きいたことが……。おやくにたてなくて\n[F1:$02]ごめんなさい。[F2:$EDBB]	[FC:$5C][F0:$A9]さあ そういうなまえの りょかんは\n[F1:$02]きいたことが……。おやくにたてなくて\n[F1:$02]ごめんなさい。[F0:$AA]
793	793	6292	B	A292	12	controlled	YES		0	1	E838	F2	65 4B 2A 73 02 04 0F 00 F2 38 E8 FF	シュン「だれに きけと [F2:$E838]	シュン「だれに きけと いうのですか？
794	794	629E	B	A29E	26	controlled	YES		0	2	EDB6,EDBB	F2,F2	F2 B6 ED 0A 2E 1A 73 20 0D 22 27 2A 29 0F 00 10 48 01 07 16 2C 3F F2 BB ED FF	[F2:$EDB6]そんなに みつめられると はずかしいわ。[F2:$EDBB]	[FC:$5C][F0:$A9]そんなに みつめられると はずかしいわ。[F0:$AA]
795	795	62B8	B	A2B8	62	controlled	YES		0	2	EDB6,EDBB	F2,F2	65 0A 17 6C 1D 18 00 23 07 00 E3 01 22 27 78 05 2C 2A 0E 60 16 1A 04 2A 50 00 05 05 4E 00 AB 93 74 0F 2F 0E 60 19 02 0B 01 2F 0B 72 62 F2 B6 ED 15 27 72 10 48 01 07 16 2C 3F F2 BB ED FF	シュン「そうですねえ もし カメラが こわれて\n[F1:$02]いなければ ここで まきこさんを とって\n[F1:$02]おきたかった……。\n[F1:$0A][FE][F9][F2:$EDB6]あら……。はずかしいわ。[F2:$EDBB]	シュン「そうですねえ もし カメラが こわれて\n[F1:$02]いなければ ここで まきこさんを とって\n[F1:$02]おきたかった……。\n[F1:$0A][FE][F9][FC:$5C][F0:$A9]あら……。はずかしいわ。[F0:$AA]
796	796	62F6	B	A2F6	10	plain	YES		0	0			65 AB 93 73 84 74 B3 68 71 FF	シュン「まきこさんに なにを みせますか？	シュン「まきこさんに なにを みせますか？
797	797	6300	B	A300	31	controlled	YES		0	2	E94F,DADB	F2,FC,F2	F2 4F E9 FC 5C 1F 15 72 05 1E 94 78 05 2B 06 2A 0B 1E 72 60 01 2C 16 0A 17 1B 72 F2 DB DA FF	[F2:$E94F][FC:$5C]まあ……。このひとが ころされたの……。\n[F1:$02]かわいそうに……。[F2:$DADB]	シュン「[F0:$A1]ちょっと これをみてくれますか？[F0:$A2]\n[F1:$0A][FE][F9][FC:$5C]まあ……。このひとが ころされたの……。\n[F1:$02]かわいそうに……。\n[F1:$0A][FE][F9][F5:$11,$03]
798	798	631F	B	A31F	47	plain	YES		0	0			65 19 33 16 00 19 33 16 3F AB 06 33 2E 72 60 16 0B 27 00 13 2E 47 07 0E 00 03 4B 06 33 16 3F 62 65 46 2E 1D 2E 1A 41 27 00 16 7F 86 6C 3F FF	シュン「おーい おーい。まきこさーん……。\n[F1:$02]いたら へんじして くださーい。\n[F1:$0A][FE][F9]シュン「ざんねんながら いないようです。	シュン「おーい おーい。まきこさーん……。\n[F1:$02]いたら へんじして くださーい。\n[F1:$0A][FE][F9]シュン「ざんねんながら いないようです。
799	799	634E	B	A34E	6	plain	YES		0	0			65 C4 00 6C 3F FF	シュン「くっしゃろこ です。	シュン「くっしゃろこ です。
800	800	6354	B	A354	22	plain	YES		0	0			65 05 1E 8C 1B 75 54 03 0B 0C 16 41 16 60 4B 2A 23 00 16 6A 3F FF	シュン「このあたりには ぼくたちいがい\n[F1:$02]だれも いません。	シュン「このあたりには ぼくたちいがい\n[F1:$02]だれも いません。
801	801	636A	B	A36A	89	plain	YES		0	0			65 05 2A 75 E4 1F 28 45 04 1B 0D 16 0E 1E 60 01 2E 50 2E 6C 70 62 65 1A 20 17 0C 42 2C 2D 00 26 03 20 29 0F 3E 60 0C 30 16 2B 1E 1F 29 16 05 04 41 60 0B 4B 26 2F 0E 00 16 29 05 0F 41 7E 68 3F 62 65 05 2A 75 E4 1F 28 45 04 0F 16 16 68 3E 60 0F 01 01 2A 0E 16 68 3F FF	シュン「これは マリゴケについての\n[F1:$02]かんばんですね。\n[F1:$0A][FE][F9]シュン「なみうちぎわを よくみると、\n[F1:$02]ちゃいろのまるいこけが\n[F1:$02]ただよって いることがあります。\n[F1:$0A][FE][F9]シュン「これは マリゴケといいます、\n[F1:$02]とかかれています。	シュン「これは マリゴケについての\n[F1:$02]かんばんですね。\n[F1:$0A][FE][F9]シュン「なみうちぎわを よくみると、\n[F1:$02]ちゃいろのまるいこけが\n[F1:$02]ただよって いることがあります。\n[F1:$0A][FE][F9]シュン「これは マリゴケといいます、\n[F1:$02]とかかれています。
802	802	63C3	B	A3C3	8	plain	YES		1	0			65 C6 00 BF 00 6C 3F FF	シュン「まりもや りょかん です。	シュン「まりもや りょかん です。
803	803	63CB	B	A3CB	35	controlled	YES		0	2	EDEF,EDF5	F2,F2	F2 EF ED 18 33 00 19 12 0B 28 93 00 45 15 2E 7F 33 3F 60 18 2F 00 0C 41 17 1E 36 00 8F 93 36 F2 F5 ED FF	[F2:$EDEF]えー おふたりさん ごあんないー。\n[F1:$02]えっ ちがうの？ けいじさん？[F2:$EDF5]	ばんとう「[F0:$81]えー おふたりさん ごあんないー。\n[F1:$02]えっ ちがうの？ けいじさん？[F0:$82]
804	804	63EE	B	A3EE	14	plain	YES		0	0			65 50 2E 0F 17 93 73 84 74 02 02 68 71 FF	シュン「ばんとうさんに なにを ききますか？	シュン「ばんとうさんに なにを ききますか？
805	805	63FC	B	A3FC	113	controlled	NO	PTR_INTERIOR	0	6	EDEF,EDF5,EDEF,EDF5,EDEF,EDF5	F2,F2,F2,F2,F2,F2	F2 EF ED 15 15 3F A8 93 0F 01 16 17 00 45 12 17 12 36 F2 F5 ED 62 F2 EF ED 0B 07 01 73 17 0C 73 0F 1F 28 69 04 4F 60 4E 23 00 19 02 30 03 76 E6 57 27 16 50 07 33 74 09 2E 06 03 60 07 7F 1E 78 E2 17 0C 76 07 31 42 4E 72 F2 F5 ED 62 F2 EF ED 0B 07 01 73 05 05 73 0F 1F 2F 0B 00 0F 16 17 60 05 0F 07 77 05 0B 18 27 2A 6A 1D 18 3F F2 F5 ED FF	[F2:$EDEF]ああ。しらきさんとかいう ごふうふ？[F2:$EDF5]\n[F1:$0A][FE][F9][F2:$EDEF]たしかに うちに とまりましたけど\n[F1:$02]でも おきゃくの プライバシーを せんさく\n[F1:$02]しないのが ウチの しゅぎで……。[F2:$EDF5]\n[F1:$0A][FE][F9][F2:$EDEF]たしかに ここに とまった という\n[F1:$02]ことしか こたえられませんねえ。[F2:$EDF5]	ばんとう「[F0:$81]ああ。しらきさんとかいう ごふうふ？[F0:$82]\n[F1:$0A][FE][F9]ばんとう「[F0:$81]たしかに うちに とまりましたけど\n[F1:$02]でも おきゃくの プライバシーを せんさく\n[F1:$02]しないのが ウチの しゅぎで……。[F0:$82]\n[F1:$0A][FE][F9]ばんとう「[F0:$81]たしかに ここに とまった という\n[F1:$02]ことしか こたえられませんねえ。[F0:$82]
806	806,809	6449	B	A449	36	controlled	YES		0	2	EDEF,EDF5	F2,F2	F2 EF ED 0B 07 01 73 05 05 73 0F 1F 2F 0B 00 0F 16 17 60 05 0F 07 77 05 0B 18 27 2A 6A 1D 18 3F F2 F5 ED FF	[F2:$EDEF]たしかに ここに とまった という\n[F1:$02]ことしか こたえられませんねえ。[F2:$EDF5]	ばんとう「[F0:$81]たしかに ここに とまった という\n[F1:$02]ことしか こたえられませんねえ。[F0:$82]
807	807	646D	B	A46D	43	controlled	YES		0	2	EDEF,EDF5	F2,F2	F2 EF ED 15 2A 01 27 00 16 2B 16 2B 00 7C 16 4B 0A 17 0F 60 07 0B 1E 6C 04 4F 00 05 2A 0F 16 2F 0B 05 0F 75 84 23 72 F2 F5 ED FF	[F2:$EDEF]あれから いろいろ おもいだそうと\n[F1:$02]したのですけど これといったことは なにも……。[F2:$EDF5]	ばんとう「[F0:$81]あれから いろいろ おもいだそうと\n[F1:$02]したのですけど これといったことは なにも……。[F0:$82]
808	808	6498	B	A498	70	controlled	YES		0	4	EDEF,EDF5,EDEF,EDF5	F2,F2,F2,F2	F2 EF ED 0A 17 16 18 50 00 05 7F 4B 00 B0 85 1A 1E 41 60 19 19 49 16 00 24 2F 0E 02 0E 00 0F 1F 2F 0E 00 16 02 69 41 3F F2 F5 ED 62 F2 EF ED 84 77 47 04 2E 0F 00 01 2E 04 16 60 15 29 2E 6C 01 1D 36 F2 F5 ED FF	[F2:$EDEF]そういえば こないだ やくざみたいなのが\n[F1:$02]おおぜい やってきて とまって いきましたが。[F2:$EDF5]\n[F1:$0A][FE][F9][F2:$EDEF]なにか じけんと かんけい\n[F1:$02]あるんですかね？[F2:$EDF5]	ばんとう「[F0:$81]そういえば こないだ やくざみたいなのが\n[F1:$02]おおぜい やってきて とまって いきましたが。[F0:$82]\n[F1:$0A][FE][F9]ばんとう「[F0:$81]なにか じけんと かんけい\n[F1:$02]あるんですかね？[F0:$82]
810	810	5752	B	9752	55	plain	YES		0	0			19 01 20 3A 06 15 3D 3D 3D 3D 36 00 16 1F 0F 1A 2F 0E 60 4F 17 25 17 00 94 2F 0E 00 02 01 2A 0E 23 1D 18 72 60 50 2E 0F 17 1B 4E 23 00 02 16 0E 00 03 4B 06 16 3F FF	おかみ「さあ…………？ いまとなって\n[F1:$02]どうゆう ひとって きかれてもねえ……。\n[F1:$02]ばんとうにでも きいて ください。	おかみ「さあ…………？ いまとなって\n[F1:$02]どうゆう ひとって きかれてもねえ……。\n[F1:$02]ばんとうにでも きいて ください。
811	811	64F9	B	A4F9	13	plain	YES		0	0			65 50 2E 0F 17 93 73 84 74 B3 68 71 FF	シュン「ばんとうさんに なにを みせますか？	シュン「ばんとうさんに なにを みせますか？
812	812	6506	B	A506	22	controlled	YES		0	3	E94F,E843,DADB	F2,F2,F2	F2 4F E9 F2 43 E8 05 2E 1A 94 75 0F 1F 2F 0E 6A 41 72 F2 DB DA FF	[F2:$E94F][F2:$E843]こんなひとは とまってませんが……。[F2:$DADB]	シュン「[F0:$A1]ちょっと これをみてくれますか？[F0:$A2]\n[F1:$0A][FE][F9]ばんとう「こんなひとは とまってませんが……。\n[F1:$0A][FE][F9][F5:$11,$03]
813	813	651C	B	A51C	67	controlled	YES		0	4	E94F,E843,E843,DADB	F2,F2,F2,F2	F2 4F E9 F2 43 E8 15 15 00 05 1E 94 72 B0 85 1A 60 94 0B 0C 23 00 05 1E 94 76 99 74 B3 0E 3E 60 05 05 73 05 1A 01 2F 0B 01 2F 0E 72 62 F2 43 E8 02 0E 7F 79 00 0A 17 00 05 0B 18 69 41 1D 3F F2 DB DA FF	[F2:$E94F][F2:$E843]ああ このひと……。やくざみたいな\n[F1:$02]ひとたちも このひとの しゃしんを みせて、\n[F1:$02]ここに こなかったかって……。\n[F1:$0A][FE][F9][F2:$E843]きてないので そう こたえましたがね。[F2:$DADB]	シュン「[F0:$A1]ちょっと これをみてくれますか？[F0:$A2]\n[F1:$0A][FE][F9]ばんとう「ああ このひと……。やくざみたいな\n[F1:$02]ひとたちも このひとの しゃしんを みせて、\n[F1:$02]ここに こなかったかって……。\n[F1:$0A][FE][F9]ばんとう「きてないので そう こたえましたがね。\n[F1:$0A][FE][F9][F5:$11,$03]
814	814	655F	B	A55F	40	controlled	YES		0	3	E94F,E843,DADB	F2,F2,F2	F2 4F E9 F2 43 E8 13 33 3F 05 1E 94 23 00 A8 2F 0E 60 16 17 2E 6C 01 3F 24 10 28 00 19 24 05 77 84 01 4E 36 F2 DB DA FF	[F2:$E94F][F2:$E843]へー。このひとも しらきって\n[F1:$02]いうんですか。やはり おやこか なにかで？[F2:$DADB]	シュン「[F0:$A1]ちょっと これをみてくれますか？[F0:$A2]\n[F1:$0A][FE][F9]ばんとう「へー。このひとも しらきって\n[F1:$02]いうんですか。やはり おやこか なにかで？\n[F1:$0A][FE][F9][F5:$11,$03]
815	815	6587	B	A587	20	controlled	YES		0	3	E94F,E843,DADB	F2,F2,F2	F2 4F E9 F2 43 E8 05 2E 1A 94 75 07 28 6A 41 72 F2 DB DA FF	[F2:$E94F][F2:$E843]こんなひとは しりませんが……。[F2:$DADB]	シュン「[F0:$A1]ちょっと これをみてくれますか？[F0:$A2]\n[F1:$0A][FE][F9]ばんとう「こんなひとは しりませんが……。\n[F1:$0A][FE][F9][F5:$11,$03]
816	816	659B	B	A59B	54	controlled	YES		0	3	E94F,E843,DADB	F2,F2,F2	F2 4F E9 F2 43 E8 05 2A 75 07 27 02 93 00 0F 01 16 17 00 12 17 12 1E 60 4B 2E 1A 93 6C 70 18 2F 00 05 2B 06 2A 0B 36 60 0A 2A 75 19 02 1E 4F 03 1B 72 F2 DB DA FF	[F2:$E94F][F2:$E843]これは しらきさん とかいう ふうふの\n[F1:$02]だんなさんですね。えっ ころされた？\n[F1:$02]それは おきのどくに……。[F2:$DADB]	シュン「[F0:$A1]ちょっと これをみてくれますか？[F0:$A2]\n[F1:$0A][FE][F9]ばんとう「これは しらきさん とかいう ふうふの\n[F1:$02]だんなさんですね。えっ ころされた？\n[F1:$02]それは おきのどくに……。\n[F1:$0A][FE][F9][F5:$11,$03]
817	817	65D1	B	A5D1	50	controlled	YES		0	3	E94F,E843,DADB	F2,F2,F2	F2 4F E9 F2 43 E8 17 0C 73 0F 1F 2F 0B 00 94 78 05 2B 06 2A 0B 60 1A 2E 0E 1D 18 3D 3D 14 2E 0F 17 1B 3E 19 02 1E 4F 03 1A 00 05 0F 4E 3F F2 DB DA FF	[F2:$E94F][F2:$E843]うちに とまった ひとが ころされた\n[F1:$02]なんてねえ……ほんとうに、おきのどくな ことで。[F2:$DADB]	シュン「[F0:$A1]ちょっと これをみてくれますか？[F0:$A2]\n[F1:$0A][FE][F9]ばんとう「うちに とまった ひとが ころされた\n[F1:$02]なんてねえ……ほんとうに、おきのどくな ことで。\n[F1:$0A][FE][F9][F5:$11,$03]
818	818	6603	B	A603	39	controlled	YES		0	3	63C3,EDEF,EDF5	F2,F2,F2	F2 C3 63 62 F2 EF ED 18 33 3F 19 12 0B 28 93 00 45 15 2E 7F 33 3F 60 15 28 30 3F 05 1E 1F 18 76 8F 93 3F F2 F5 ED FF	[F2:$63C3]\n[F1:$0A][FE][F9][F2:$EDEF]えー。おふたりさん ごあんないー。\n[F1:$02]ありゃ。このまえの けいじさん。[F2:$EDF5]	シュン「まりもや りょかん です。\n[F1:$0A][FE][F9]ばんとう「[F0:$81]えー。おふたりさん ごあんないー。\n[F1:$02]ありゃ。このまえの けいじさん。[F0:$82]
819	819	662A	B	A62A	22	plain	YES		0	0			65 89 05 1E 15 16 4B 0F 00 01 2C 2F 0B 0F 05 2B 10 60 7E 6A 3F FF	シュン「とくに このあいだと かわったところは\n[F1:$02]ありません。	シュン「とくに このあいだと かわったところは\n[F1:$02]ありません。
820	820	6640	B	A640	4	controlled	YES		0	1	EA76	F2	F2 76 EA FF	[F2:$EA76]	ばんとう「[F0:$81]あっ そうだ。けさ しゃしんやがきて\n[F1:$02]そのひとの しゃしんを おいていったんです。[F0:$82]
821	821	6644	B	A644	131	controlled	NO	PTR_INTERIOR	0	5	EA76,EDEF,EDF5,EDEF,EDF5	F2,F2,F2,F2,F2	F2 76 EA 62 F2 EF ED 1A 2E 4E 23 00 15 0F 4E 00 19 03 29 0F 16 17 00 05 0F 4E 60 0F 2F 0B 87 2E 6C 41 3E 60 E2 17 0A 76 47 31 17 07 32 4B 2F 0B 0F 01 4E 72 F2 F5 ED 62 F2 EF ED 81 00 17 0C 73 0F 1F 2F 0E 16 29 0F 00 7C 2F 0E 60 23 2F 0E 02 0B 2E 6C 6F F2 F5 ED 62 65 63 3F 24 2F 0F 00 8E 76 99 41 60 0E 73 10 16 28 69 3F 62 65 1A 1F 18 78 7D 27 7F 79 00 05 2A 2D 60 99 D2 00 0F 00 07 68 3F FF	[F2:$EA76]\n[F1:$0A][FE][F9][F2:$EDEF]なんでも あとで おくるという ことで\n[F1:$02]とったらしいんですが、\n[F1:$02]ウソの じゅうしょだったとかで……。[F2:$EDF5]\n[F1:$0A][FE][F9][F2:$EDEF]まだ うちに とまっていると おもって\n[F1:$02]もってきたんですよ。[F2:$EDF5]\n[F1:$0A][FE][F9]シュン「ボス。やっと おんなの しゃしんが\n[F1:$02]てに はいりました。\n[F1:$0A][FE][F9]シュン「なまえが わからないので これを\n[F1:$02]しゃしん[GLYPH:$D2] と します。	ばんとう「[F0:$81]あっ そうだ。けさ しゃしんやがきて\n[F1:$02]そのひとの しゃしんを おいていったんです。[F0:$82]\n[F1:$0A][FE][F9]ばんとう「[F0:$81]なんでも あとで おくるという ことで\n[F1:$02]とったらしいんですが、\n[F1:$02]ウソの じゅうしょだったとかで……。[F0:$82]\n[F1:$0A][FE][F9]ばんとう「[F0:$81]まだ うちに とまっていると おもって\n[F1:$02]もってきたんですよ。[F0:$82]\n[F1:$0A][FE][F9]シュン「ボス。やっと おんなの しゃしんが\n[F1:$02]てに はいりました。\n[F1:$0A][FE][F9]シュン「なまえが わからないので これを\n[F1:$02]しゃしん[GLYPH:$D2] と します。
822	822	669C	B	A69C	43	plain	YES		0	0			65 63 3F 24 2F 0F 00 8E 76 99 41 60 0E 73 10 16 28 69 3F 62 65 1A 1F 18 78 7D 27 7F 79 00 05 2A 2D 60 99 D2 00 0F 00 07 68 3F FF	シュン「ボス。やっと おんなの しゃしんが\n[F1:$02]てに はいりました。\n[F1:$0A][FE][F9]シュン「なまえが わからないので これを\n[F1:$02]しゃしん[GLYPH:$D2] と します。	シュン「ボス。やっと おんなの しゃしんが\n[F1:$02]てに はいりました。\n[F1:$0A][FE][F9]シュン「なまえが わからないので これを\n[F1:$02]しゃしん[GLYPH:$D2] と します。
823	823	66C7	B	A6C7	76	controlled	YES		0	5	EA76,EDEF,EDF5,EDEF,EDF5	F2,F2,F2,F8,F2,F2	F2 76 EA 62 F2 EF ED 18 33 0F 00 82 73 24 2F 0B 01 1A 3F 60 15 36 00 0B 07 77 80 00 2C 0B 07 69 2F 04 3F F2 F5 ED 62 65 18 18 00 14 27 00 23 27 2F 0E 68 6F F8 F2 EF ED 1F 2F 0B 03 00 2C 0B 07 0F 00 07 0B 05 0F 41 72 F2 F5 ED FF	[F2:$EA76]\n[F1:$0A][FE][F9][F2:$EDEF]えーと どこに やったかな。\n[F1:$02]あ？ たしか もう わたしましたっけ。[F2:$EDF5]\n[F1:$0A][FE][F9]シュン「ええ ほら もらってますよ。\n[F2:$EDEF]まったく わたしと したことが……。[F2:$EDF5]	ばんとう「[F0:$81]あっ そうだ。けさ しゃしんやがきて\n[F1:$02]そのひとの しゃしんを おいていったんです。[F0:$82]\n[F1:$0A][FE][F9]ばんとう「[F0:$81]えーと どこに やったかな。\n[F1:$02]あ？ たしか もう わたしましたっけ。[F0:$82]\n[F1:$0A][FE][F9]シュン「ええ ほら もらってますよ。\nばんとう「[F0:$81]まったく わたしと したことが……。[F0:$82]
824	824	6713	B	A713	31	plain	YES		0	0			65 24 10 28 00 0F 1F 28 02 30 03 1B 75 41 16 0F 17 08 29 60 47 2E 52 0D 75 16 7F 86 6C 3F FF	シュン「やはり とまりきゃくには がいとうする\n[F1:$02]じんぶつは いないようです。	シュン「やはり とまりきゃくには がいとうする\n[F1:$02]じんぶつは いないようです。
825	825	6732	B	A732	31	controlled	YES		0	2	E843,DADB	F2,F2	F2 43 E8 05 76 99 1B 75 07 0A 17 78 4E 0E 60 16 68 70 18 2F 36 00 07 2E 4B 94 36 F2 DB DA FF	[F2:$E843]この しゃしんには しそうが でて\n[F1:$02]いますね。えっ？ しんだひと？[F2:$DADB]	ばんとう「この しゃしんには しそうが でて\n[F1:$02]いますね。えっ？ しんだひと？\n[F1:$0A][FE][F9][F5:$11,$03]
826	826	6751	B	A751	24	controlled	YES		0	2	E843,DADB	F2,F2	F2 43 E8 18 18 00 05 1E 94 78 05 2B 06 2A 0B 2E 4E 07 32 36 F2 DB DA FF	[F2:$E843]ええ このひとが ころされたんでしょ？[F2:$DADB]	ばんとう「ええ このひとが ころされたんでしょ？\n[F1:$0A][FE][F9][F5:$11,$03]
827	827	6769	B	A769	38	controlled	YES		0	2	E843,DADB	F2,F2	F2 43 E8 0B 07 01 73 05 1E 94 10 60 05 2B 06 2A 0B 00 0F 01 16 17 00 8D 1E 94 0F 60 16 2F 07 32 6D 6F F2 DB DA FF	[F2:$E843]たしかに このひとは\n[F1:$02]ころされた とかいう おとこのひとと\n[F1:$02]いっしょでしたよ。[F2:$DADB]	ばんとう「たしかに このひとは\n[F1:$02]ころされた とかいう おとこのひとと\n[F1:$02]いっしょでしたよ。\n[F1:$0A][FE][F9][F5:$11,$03]
828	828	678F	B	A78F	46	plain	YES		0	0			65 CC 00 6C 3F 62 65 15 2F 35 00 47 32 09 16 78 07 2E 4E 16 68 35 60 09 2F 01 03 00 05 05 1F 4E 00 02 0B 1E 1B 60 19 0A 01 2F 0B 01 72 FF	シュン「トドワラ です。\n[F1:$0A][FE][F9]シュン「あっ！ じょせいが しんでいます！\n[F1:$02]せっかく ここまで きたのに\n[F1:$02]おそかったか……。	シュン「トドワラ です。\n[F1:$0A][FE][F9]シュン「あっ！ じょせいが しんでいます！\n[F1:$02]せっかく ここまで きたのに\n[F1:$02]おそかったか……。
829	829	67BD	B	A7BD	24	controlled	YES		0	1	E838	F2	65 07 0B 16 74 05 1E 1F 1F 73 07 0E 60 82 13 00 16 04 0F 00 F2 38 E8 FF	シュン「したいを このままに して\n[F1:$02]どこへ いけと [F2:$E838]	シュン「したいを このままに して\n[F1:$02]どこへ いけと いうのですか？
830	830	67D5	B	A7D5	22	plain	YES		0	0			65 1A 29 14 4F 3F 02 76 10 01 50 00 0F 16 17 60 01 2E 47 6C 3F FF	シュン「なるほど。きの はかば という\n[F1:$02]かんじです。	シュン「なるほど。きの はかば という\n[F1:$02]かんじです。
831	831	67EB	B	A7EB	48	plain	YES		1	0			65 24 10 28 00 99 D2 00 76 8E 72 62 65 07 2A 0F 05 45 05 4E 00 05 2B 06 2A 0E 16 0B 60 15 76 8D 76 0D 2A 76 8E 1B 60 1F 0C 41 16 00 7E 6A 3F FF	シュン「やはり しゃしん[GLYPH:$D2] の おんな……。\n[F1:$0A][FE][F9]シュン「しれとこごこで ころされていた\n[F1:$02]あの おとこの つれの おんなに\n[F1:$02]まちがい ありません。	シュン「やはり しゃしん[GLYPH:$D2] の おんな……。\n[F1:$0A][FE][F9]シュン「しれとこごこで ころされていた\n[F1:$02]あの おとこの つれの おんなに\n[F1:$02]まちがい ありません。
832	832	681B	B	A81B	23	plain	YES		0	0			65 05 05 73 16 29 1E 75 54 03 0B 0C 0F 60 8E 76 92 00 4B 04 6C 3F FF	シュン「ここに いるのは ぼくたちと\n[F1:$02]おんなの したい だけです。	シュン「ここに いるのは ぼくたちと\n[F1:$02]おんなの したい だけです。
833	833	6832	B	A832	43	plain	YES		0	0			65 1F 2C 28 73 08 16 20 2E 24 03 78 19 0C 0E 16 68 3F 60 0B 52 2E 00 05 2A 74 1E 2E 4E 00 47 06 0D 2D 60 10 01 2F 0B 2E 6E 3F FF	シュン「まわりに すいみんやくが おちています。\n[F1:$02]たぶん これを のんで じさつを\n[F1:$02]はかったんでしょう。	シュン「まわりに すいみんやくが おちています。\n[F1:$02]たぶん これを のんで じさつを\n[F1:$02]はかったんでしょう。
834	834	685D	B	A85D	44	plain	YES		0	0			65 07 32 01 0D 76 23 1E 78 03 29 1F 4E 60 44 2E 50 73 0E 2D 12 2A 0E 75 16 04 7F 05 0F 43 27 16 60 63 23 00 45 4A 2E 47 00 6E 3F FF	シュン「しょかつの ものが くるまで\n[F1:$02]げんばに てをふれては いけないことぐらい\n[F1:$02]ボスも ごぞんじ でしょう。	シュン「しょかつの ものが くるまで\n[F1:$02]げんばに てをふれては いけないことぐらい\n[F1:$02]ボスも ごぞんじ でしょう。
835	835	6889	B	A889	24	plain	YES		0	0			65 0A 2A 75 07 32 01 0D 76 01 2E 07 02 1E 60 23 1E 73 1F 01 09 6B 3F FF	シュン「それは しょかつの かんしきの\n[F1:$02]ものに まかせましょう。	シュン「それは しょかつの かんしきの\n[F1:$02]ものに まかせましょう。
836	836	68A1	B	A8A1	18	plain	YES		0	0			65 0A 2E 1A 05 0F 00 07 0E 29 00 50 15 16 6C 01 35 FF	シュン「そんなこと してる ばあいですか！	シュン「そんなこと してる ばあいですか！
837	837	68B3	B	A8B3	14	plain	YES		0	0			65 63 3F 84 74 16 2F 0E 29 2E 6C 01 35 FF	シュン「ボス。なにを いってるんですか！	シュン「ボス。なにを いってるんですか！
838	838	68C1	B	A8C1	24	plain	YES		0	0			65 7A 03 29 1F 76 21 09 2E 4E 60 07 32 01 0D 76 23 1E 74 26 51 6B 3F FF	シュン「では くるまの むせんで\n[F1:$02]しょかつの ものを よびましょう。	シュン「では くるまの むせんで\n[F1:$02]しょかつの ものを よびましょう。
839	839	68D9	B	A8D9	11	plain	YES		0	0			65 08 43 73 03 29 0A 17 6C 3F FF	シュン「すぐに くるそうです。	シュン「すぐに くるそうです。
840	840	68E4	B	A8E4	42	plain	YES		0	0			65 2A 2E 27 03 75 08 4E 73 08 1F 09 0E 7E 68 3F 60 1F 23 1A 03 00 07 32 01 0D 76 23 1E 41 60 0F 17 0C 30 03 00 08 29 6E 3F FF	シュン「れんらくは すでに すませてあります。\n[F1:$02]まもなく しょかつの ものが\n[F1:$02]とうちゃく するでしょう。	シュン「れんらくは すでに すませてあります。\n[F1:$02]まもなく しょかつの ものが\n[F1:$02]とうちゃく するでしょう。
841	841	690E	B	A90E	66	controlled	YES		0	1	67EB	F2	F2 EB 67 62 65 15 15 2F 3F 62 65 92 78 17 22 02 45 18 2D 72 60 81 00 07 2E 4E 00 16 1A 01 2F 0B 1E 6C 35 62 65 19 16 3F E3 02 20 2F 00 07 2F 01 28 07 2B 35 62 65 07 2F 01 28 08 29 2E 4B 2F 35 62 FF	[F2:$67EB]\n[F1:$0A][FE][F9]シュン「ああっ。\n[F1:$0A][FE][F9]シュン「したいが うめきごえを……。\n[F1:$02]まだ しんで いなかったのです！\n[F1:$0A][FE][F9]シュン「おい。キミッ しっかりしろ！\n[F1:$0A][FE][F9]シュン「しっかりするんだっ！\n[F1:$0A][FE][F9]	シュン「やはり しゃしん[GLYPH:$D2] の おんな……。\n[F1:$0A][FE][F9]シュン「しれとこごこで ころされていた\n[F1:$02]あの おとこの つれの おんなに\n[F1:$02]まちがい ありません。\n[F1:$0A][FE][F9]シュン「ああっ。\n[F1:$0A][FE][F9]シュン「したいが うめきごえを……。\n[F1:$02]まだ しんで いなかったのです！\n[F1:$0A][FE][F9]シュン「おい。キミッ しっかりしろ！\n[F1:$0A][FE][F9]シュン「しっかりするんだっ！\n[F1:$0A][FE][F9]
842	842	6950	B	A950	91	plain	YES		0	0			65 8E 75 16 1E 0C 74 0F 28 0F 22 69 3F 60 24 10 28 00 A8 00 0F 16 17 1E 75 42 22 16 4E 60 14 2E 20 32 17 75 19 1E 39 0F 03 05 00 D2 D5 06 16 3F 62 65 45 05 4E 00 05 2B 06 2A 0B 8D 75 16 23 0C 39 03 1B 19 60 D3 D0 06 16 3F B9 76 01 16 07 30 16 2E 60 0F 16 17 05 0F 6C 3F FF	シュン「おんなは いのちを とりとめました。\n[F1:$02]やはり しらき というのは ぎめいで\n[F1:$02]ほんみょうは おの・とくこ [GLYPH:$D2][GLYPH:$D5]さい。\n[F1:$0A][FE][F9]シュン「ごこで ころされたおとこは いもち・くにお\n[F1:$02][GLYPH:$D3][GLYPH:$D0]さい。さっぽろの かいしゃいん\n[F1:$02]ということです。	シュン「おんなは いのちを とりとめました。\n[F1:$02]やはり しらき というのは ぎめいで\n[F1:$02]ほんみょうは おの・とくこ [GLYPH:$D2][GLYPH:$D5]さい。\n[F1:$0A][FE][F9]シュン「ごこで ころされたおとこは いもち・くにお\n[F1:$02][GLYPH:$D3][GLYPH:$D0]さい。さっぽろの かいしゃいん\n[F1:$02]ということです。
843	843	69AB	B	A9AB	345	controlled	YES		0	12	EDF8,EDFF,EDF8,EDFF,EDF8,EDFF,EDF8,EDFF,EDF8,EDFF,EDF8,EDFF	F2,F2,F2,F2,F2,F2,F2,F2,F2,F2,F2,F2	65 4F 17 07 0E 00 05 2B 07 0B 1E 01 60 02 01 09 0E 23 27 18 68 71 62 F2 F8 ED 15 1E 94 3E 15 0B 07 74 06 2E 46 2E 60 23 0E 15 0A 2E 4E 19 16 0E 3E 08 0E 86 0F 00 07 0B 2E 6C 3F 60 15 0B 07 3E 4F 17 07 0E 23 00 25 29 09 1A 01 2F 0B 72 F2 FF ED 62 F2 F8 ED 0A 2A 73 05 2B 06 1A 04 2A 50 00 15 0B 07 41 60 05 2B 06 2A 0E 16 0B 73 0C 41 16 7F 1E 6C 3F F2 FF ED 62 65 1A 49 00 42 22 16 74 0D 01 2F 0B 2E 6C 71 62 F2 F8 ED 15 1E 94 78 A8 00 0F 16 17 1A 1F 18 2D 60 0D 01 19 17 0F 00 16 16 4B 07 0B 1E 6C 3F F2 FF ED 62 F2 F8 ED 0B 52 2E 00 16 1F 00 14 2F 01 16 4F 17 4E 19 02 0E 16 29 60 16 0C 2A 2E 76 06 0D 47 2E 47 04 2E 74 07 2F 0E F2 FF ED 62 F2 F8 ED 0A 76 95 76 1A 1F 18 74 0D 01 18 50 60 15 0B 07 74 05 2B 07 0E 23 3E 90 2D 60 04 21 73 1F 04 29 0F 00 7C 2F 0B 1E 6E 3F F2 FF ED 62 65 A4 3E A5 3E A8 00 1F 4E 60 05 2B 07 0B 28 25 17 74 02 01 09 0E 03 2A 6A 71 62 F2 F8 ED 0A 1E 47 04 2E 75 07 2F 0E 16 68 3F 4E 23 00 15 0B 07 60 0A 1E D3 1B 2E 0F 75 15 2F 0B 05 0F 23 00 7E 6A 3F 60 14 2E 0F 6C 3F A6 0E 03 4B 06 16 35 F2 FF ED 62 FF	シュン「どうして ころしたのか\n[F1:$02]きかせてもらえますか？\n[F1:$0A][FE][F9][F2:$EDF8]あのひと、あたしを さんざん\n[F1:$02]もてあそんでおいて、すてようと したんです。\n[F1:$02]あたし、どうしても ゆるせなかった……。[F2:$EDFF]\n[F1:$0A][FE][F9][F2:$EDF8]それに ころさなければ あたしが\n[F1:$02]ころされていたに ちがいないのです。[F2:$EDFF]\n[F1:$0A][FE][F9]シュン「なぜ ぎめいを つかったんですか？\n[F1:$0A][FE][F9][F2:$EDF8]あのひとが しらき というなまえを\n[F1:$02]つかおうと いいだしたのです。[F2:$EDFF]\n[F1:$0A][FE][F9][F2:$EDF8]たぶん いま ほっかいどうでおきている\n[F1:$02]いちれんの さつじんじけんを しって[F2:$EDFF]\n[F1:$0A][FE][F9][F2:$EDF8]その ひがいしゃの なまえを つかえば\n[F1:$02]あたしを ころしても、けいさつを\n[F1:$02]けむに まけると おもったのでしょう。[F2:$EDFF]\n[F1:$0A][FE][F9]シュン「ますだ、いいじま、しらき まで\n[F1:$02]ころしたりゆうを きかせてくれませんか？\n[F1:$0A][FE][F9][F2:$EDF8]そのじけんは しっています。でも あたし\n[F1:$02]その[GLYPH:$D3]にんとは あったことも ありません。\n[F1:$02]ほんとです。しんじてください！[F2:$EDFF]\n[F1:$0A][FE][F9]	シュン「どうして ころしたのか\n[F1:$02]きかせてもらえますか？\n[F1:$0A][FE][F9]とくこ「[F0:$81]あのひと、あたしを さんざん\n[F1:$02]もてあそんでおいて、すてようと したんです。\n[F1:$02]あたし、どうしても ゆるせなかった……。[F0:$82]\n[F1:$0A][FE][F9]とくこ「[F0:$81]それに ころさなければ あたしが\n[F1:$02]ころされていたに ちがいないのです。[F0:$82]\n[F1:$0A][FE][F9]シュン「なぜ ぎめいを つかったんですか？\n[F1:$0A][FE][F9]とくこ「[F0:$81]あのひとが しらき というなまえを\n[F1:$02]つかおうと いいだしたのです。[F0:$82]\n[F1:$0A][FE][F9]とくこ「[F0:$81]たぶん いま ほっかいどうでおきている\n[F1:$02]いちれんの さつじんじけんを しって[F0:$82]\n[F1:$0A][FE][F9]とくこ「[F0:$81]その ひがいしゃの なまえを つかえば\n[F1:$02]あたしを ころしても、けいさつを\n[F1:$02]けむに まけると おもったのでしょう。[F0:$82]\n[F1:$0A][FE][F9]シュン「ますだ、いいじま、しらき まで\n[F1:$02]ころしたりゆうを きかせてくれませんか？\n[F1:$0A][FE][F9]とくこ「[F0:$81]そのじけんは しっています。でも あたし\n[F1:$02]その[GLYPH:$D3]にんとは あったことも ありません。\n[F1:$02]ほんとです。しんじてください！[F0:$82]\n[F1:$0A][FE][F9]
844	844	6B58	B	AB58	18	controlled	YES		0	1	E87A	F2	65 F2 7A E8 4E 00 06 41 09 0F 00 16 2C 2A 0E 23 72 FF	シュン「[F2:$E87A]で さがせと いわれても……。	シュン「こんなところで さがせと いわれても……。
845	845	6B6A	B	AB6A	26	controlled	YES		0	2	E94F,DADB	F2,FC,F2	F2 4F E9 FC 5C 1F 15 3D 3D 05 1E 94 23 3F 60 01 2C 16 0A 17 1B 72 F2 DB DA FF	[F2:$E94F][FC:$5C]まあ……このひとも。\n[F1:$02]かわいそうに……。[F2:$DADB]	シュン「[F0:$A1]ちょっと これをみてくれますか？[F0:$A2]\n[F1:$0A][FE][F9][FC:$5C]まあ……このひとも。\n[F1:$02]かわいそうに……。\n[F1:$0A][FE][F9][F5:$11,$03]
846	846	6B84	B	AB84	12	controlled	YES		1	1	E838	F2	65 4B 2A 73 B3 2B 0F 00 F2 38 E8 FF	シュン「だれに みせろと [F2:$E838]	シュン「だれに みせろと いうのですか？
847	847	6B90	B	AB90	26	controlled	YES		0	2	ED82,ED86	F2,F2	F2 82 ED 05 1E 8C 1B 75 0F 29 86 1A 00 23 1E 10 60 20 8C 6A 41 3F F2 86 ED FF	[F2:$ED82]このあたりには とるような ものは\n[F1:$02]みあたりませんが。[F2:$ED86]	シュン「[F0:$A1]このあたりには とるような ものは\n[F1:$02]みあたりませんが。[F0:$A2]
848	848	6BAA	B	ABAA	8	controlled	YES		0	2	E82C,ED86	F2,F2	F2 2C E8 3F F2 86 ED FF	[F2:$E82C]。[F2:$ED86]	シュン「[F0:$A1]とくに かわったところは ありません。[F0:$A2]
849	849	6BB2	B	ABB2	15	controlled	YES		0	2	ED82,ED86	F2,F2	F2 82 ED 4B 2A 74 06 41 07 68 71 F2 86 ED FF	[F2:$ED82]だれを さがしますか？[F2:$ED86]	シュン「[F0:$A1]だれを さがしますか？[F0:$A2]
850	850	6BC1	B	ABC1	8	controlled	YES		0	2	5513,5539	F2,F2	F2 13 55 D2 F2 39 55 FF	[F2:$5513][GLYPH:$D2][F2:$5539]	おとこ「[GLYPH:$D3][GLYPH:$D0][GLYPH:$D0]えんです。まいどありい！\n[F1:$0A][FE][F9]シュン「またかうんですか？ これで[GLYPH:$D2]まいめ\n[F1:$02]ですよ。ボスも かわった ひとですね。
851	851	6BC9	B	ABC9	8	controlled	YES		0	2	5513,5539	F2,F2	F2 13 55 D3 F2 39 55 FF	[F2:$5513][GLYPH:$D3][F2:$5539]	おとこ「[GLYPH:$D3][GLYPH:$D0][GLYPH:$D0]えんです。まいどありい！\n[F1:$0A][FE][F9]シュン「またかうんですか？ これで[GLYPH:$D3]まいめ\n[F1:$02]ですよ。ボスも かわった ひとですね。
852	852	6BD1	B	ABD1	8	controlled	YES		0	2	5513,5539	F2,F2	F2 13 55 D4 F2 39 55 FF	[F2:$5513][GLYPH:$D4][F2:$5539]	おとこ「[GLYPH:$D3][GLYPH:$D0][GLYPH:$D0]えんです。まいどありい！\n[F1:$0A][FE][F9]シュン「またかうんですか？ これで[GLYPH:$D4]まいめ\n[F1:$02]ですよ。ボスも かわった ひとですね。
853	853	6BD9	B	ABD9	8	controlled	YES		0	2	5513,5539	F2,F2	F2 13 55 D5 F2 39 55 FF	[F2:$5513][GLYPH:$D5][F2:$5539]	おとこ「[GLYPH:$D3][GLYPH:$D0][GLYPH:$D0]えんです。まいどありい！\n[F1:$0A][FE][F9]シュン「またかうんですか？ これで[GLYPH:$D5]まいめ\n[F1:$02]ですよ。ボスも かわった ひとですね。
854	854	6BE1	B	ABE1	8	controlled	YES		0	2	5513,5539	F2,F2	F2 13 55 D6 F2 39 55 FF	[F2:$5513][GLYPH:$D6][F2:$5539]	おとこ「[GLYPH:$D3][GLYPH:$D0][GLYPH:$D0]えんです。まいどありい！\n[F1:$0A][FE][F9]シュン「またかうんですか？ これで[GLYPH:$D6]まいめ\n[F1:$02]ですよ。ボスも かわった ひとですね。
855	855	6BE9	B	ABE9	8	controlled	YES		0	2	5513,5539	F2,F2	F2 13 55 D7 F2 39 55 FF	[F2:$5513][GLYPH:$D7][F2:$5539]	おとこ「[GLYPH:$D3][GLYPH:$D0][GLYPH:$D0]えんです。まいどありい！\n[F1:$0A][FE][F9]シュン「またかうんですか？ これで[GLYPH:$D7]まいめ\n[F1:$02]ですよ。ボスも かわった ひとですね。
856	856	6BF1	B	ABF1	8	controlled	YES		0	2	5513,5539	F2,F2	F2 13 55 D8 F2 39 55 FF	[F2:$5513][GLYPH:$D8][F2:$5539]	おとこ「[GLYPH:$D3][GLYPH:$D0][GLYPH:$D0]えんです。まいどありい！\n[F1:$0A][FE][F9]シュン「またかうんですか？ これで[GLYPH:$D8]まいめ\n[F1:$02]ですよ。ボスも かわった ひとですね。
857	857	6BF9	B	ABF9	8	controlled	YES		0	2	5513,5539	F2,F2	F2 13 55 D9 F2 39 55 FF	[F2:$5513][GLYPH:$D9][F2:$5539]	おとこ「[GLYPH:$D3][GLYPH:$D0][GLYPH:$D0]えんです。まいどありい！\n[F1:$0A][FE][F9]シュン「またかうんですか？ これで[GLYPH:$D9]まいめ\n[F1:$02]ですよ。ボスも かわった ひとですね。
858	858	6C01	B	AC01	9	controlled	YES		0	2	5513,5539	F2,F2	F2 13 55 D1 D0 F2 39 55 FF	[F2:$5513][GLYPH:$D1][GLYPH:$D0][F2:$5539]	おとこ「[GLYPH:$D3][GLYPH:$D0][GLYPH:$D0]えんです。まいどありい！\n[F1:$0A][FE][F9]シュン「またかうんですか？ これで[GLYPH:$D1][GLYPH:$D0]まいめ\n[F1:$02]ですよ。ボスも かわった ひとですね。
859	859	6C0A	B	AC0A	22	controlled	YES		0	2	EDEF,EDF5	F2,F2	F2 EF ED 06 15 00 B0 0B 0C 00 16 41 16 1E 05 0F 10 72 F2 F5 ED FF	[F2:$EDEF]さあ やくざたち いがいのことは……。[F2:$EDF5]	ばんとう「[F0:$81]さあ やくざたち いがいのことは……。[F0:$82]
860	860,1058	6CC1	B	ACC1	239	controlled	YES		0	13	ED82,ED86,ED82,ED86,ED82,ED86,ED82,ED86,ED82,ED86,ED82,ED86,DADB	F2,F2,F2,F2,F2,FB,F2,F2,F2,F2,F2,F2,F2,F2	F2 82 ED 0A 07 0E 00 B8 05 17 76 A8 3F 60 A8 23 00 B0 73 19 2C 2A 0E 16 0B 72 F2 86 ED 62 F2 82 ED 0A 1E 14 77 16 2B 2E 1A 00 96 4E 00 16 2B 2E 1A 60 97 74 02 02 69 3F 80 16 0C 4F 60 15 0B 1F 76 1A 01 4E 00 09 16 28 07 0E 20 0E 03 4B 06 16 3F F2 86 ED 62 F2 82 ED 0A 07 0E 00 D1 FB 73 23 00 10 24 03 60 07 2E 91 74 0D 02 0F 22 29 1E 6C 35 F2 86 ED 62 F2 82 ED 3D 3D 0F 00 10 28 02 2F 0E 75 20 0B 23 1E 1E 60 06 0E 00 63 3F 05 2A 01 27 4F 17 07 6B 3F F2 86 ED 62 F2 82 ED 2C 2A 2C 2A 76 0A 17 06 75 04 2F 02 32 03 60 12 28 4B 07 73 23 4F 2F 0E 07 1F 2F 0B 86 1A 00 23 1E 4B 07 72 F2 86 ED 62 F2 82 ED 14 2E 0F 1B 80 00 84 01 27 00 0E 2D 0D 04 0E 16 16 01 60 7D 27 1A 03 1A 2F 0E 00 07 1F 16 69 3F F2 86 ED F2 DB DA FF	[F2:$ED82]そして あばしりこうの しらき。\n[F1:$02]しらきも やくざに おわれていた……。[F2:$ED86]\n[F1:$0A][FE][F9][F2:$ED82]そのほか いろんな ばしょで いろんな\n[F1:$02]はなしを ききました。もういちど\n[F1:$02]あたまの なかで せいりしてみてください。[F2:$ED86]\n[F1:$0A][FE][F9][F2:$ED82]そして [GLYPH:$D1][FB:$73]も はやく\n[F1:$02]しんはんにんを つきとめるのです！[F2:$ED86]\n[F1:$0A][FE][F9][F2:$ED82]……と はりきっては みたものの\n[F1:$02]さて ボス。これからどうしましょう。[F2:$ED86]\n[F1:$0A][FE][F9][F2:$ED82]われわれの そうさは けっきょく\n[F1:$02]ふりだしに もどってしまったような ものだし……。[F2:$ED86]\n[F1:$0A][FE][F9][F2:$ED82]ほんとにもう なにから てをつけていいか\n[F1:$02]わからなくなって しまいました。[F2:$ED86][F2:$DADB]	シュン「[F0:$A1]そして あばしりこうの しらき。\n[F1:$02]しらきも やくざに おわれていた……。[F0:$A2]\n[F1:$0A][FE][F9]シュン「[F0:$A1]そのほか いろんな ばしょで いろんな\n[F1:$02]はなしを ききました。もういちど\n[F1:$02]あたまの なかで せいりしてみてください。[F0:$A2]\n[F1:$0A][FE][F9]シュン「[F0:$A1]そして [GLYPH:$D1][FB:$73]も はやく\n[F1:$02]しんはんにんを つきとめるのです！[F0:$A2]\n[F1:$0A][FE][F9]シュン「[F0:$A1]……と はりきっては みたものの\n[F1:$02]さて ボス。これからどうしましょう。[F0:$A2]\n[F1:$0A][FE][F9]シュン「[F0:$A1]われわれの そうさは けっきょく\n[F1:$02]ふりだしに もどってしまったような ものだし……。[F0:$A2]\n[F1:$0A][FE][F9]シュン「[F0:$A1]ほんとにもう なにから てをつけていいか\n[F1:$02]わからなくなって しまいました。[F0:$A2]\n[F1:$0A][FE][F9][F5:$11,$03]
861	861	6DB0	B	ADB0	34	controlled	YES		0	3	ED82,E838,ED86	F2,F2,F2	F2 82 ED 1A 2E 76 14 17 07 2E 23 00 0B 0E 48 1B 60 82 13 00 16 4F 17 07 86 0F 00 F2 38 E8 F2 86 ED FF	[F2:$ED82]なんの ほうしんも たてずに\n[F1:$02]どこへ いどうしようと [F2:$E838][F2:$ED86]	シュン「[F0:$A1]なんの ほうしんも たてずに\n[F1:$02]どこへ いどうしようと いうのですか？[F0:$A2]
862	862	86F3	C	86F3	34	controlled	YES		0	2	ED82,ED86	F2,F2	F2 82 ED 06 41 09 0F 16 2C 2A 0E 23 60 16 2F 0B 16 00 4B 2A 2D 06 41 07 0E 16 16 1E 01 72 F2 86 ED FF	[F2:$ED82]さがせといわれても\n[F1:$02]いったい だれをさがしていいのか……。[F2:$ED86]	シュン「[F0:$A1]さがせといわれても\n[F1:$02]いったい だれをさがしていいのか……。[F0:$A2]
863	863	B5F6	C	B5F6	24	plain	YES		0	0			65 89 07 27 53 29 00 01 0C 76 7E 0A 17 1A 60 23 1E 75 20 8C 6A 41 3F FF	シュン「とくに しらべる かちの ありそうな\n[F1:$02]ものは みあたりませんが。	シュン「とくに しらべる かちの ありそうな\n[F1:$02]ものは みあたりませんが。
864	864	DB78	D	9B78	66	controlled	YES		0	1	1535	F2,FB	F2 35 15 64 D2 FB 73 1F 18 73 2C 01 16 47 32 09 16 41 60 05 1E 0C 01 03 4E 00 11 02 1B 44 06 2A 0B 0A 17 6C 3F 62 64 4E 23 00 0B 2E 1A 29 11 02 1B 44 6C 01 27 60 01 2E 04 16 75 7F 0F 7C 16 68 3F FF	[F2:$1535]くろき「[GLYPH:$D2][FB:$73]まえに わかいじょせいが\n[F1:$02]このちかくで ひきにげされたそうです。\n[F1:$0A][FE][F9]くろき「でも たんなるひきにげですから\n[F1:$02]かんけいは ないとおもいます。	くろき「では あたりにいるひとに\n[F1:$02]ききこみをしてみましょう。[F0:$A2]\n[F1:$0A][FE][F9]くろき「[GLYPH:$D2][FB:$73]まえに わかいじょせいが\n[F1:$02]このちかくで ひきにげされたそうです。\n[F1:$0A][FE][F9]くろき「でも たんなるひきにげですから\n[F1:$02]かんけいは ないとおもいます。
865	865	6DD2	B	ADD2	63	controlled	YES		0	4	ED82,ED86,ED82,ED86	F2,F2,F2,F2	F2 82 ED 15 00 0A 17 0A 17 3F 45 05 76 06 0D 47 2E 1B 60 01 2E 04 16 08 29 00 99 10 3E F2 86 ED 62 F2 82 ED 80 00 11 0D 86 7F 79 00 14 2E 07 32 1B 60 19 03 2F 0E 00 19 02 69 3F F2 86 ED FF	[F2:$ED82]あ そうそう。ごこの さつじんに\n[F1:$02]かんけいする しゃしんは、[F2:$ED86]\n[F1:$0A][FE][F9][F2:$ED82]もう ひつようないので ほんしょに\n[F1:$02]おくって おきました。[F2:$ED86]	シュン「[F0:$A1]あ そうそう。ごこの さつじんに\n[F1:$02]かんけいする しゃしんは、[F0:$A2]\n[F1:$0A][FE][F9]シュン「[F0:$A1]もう ひつようないので ほんしょに\n[F1:$02]おくって おきました。[F0:$A2]
866	866	B60E	C	B60E	10	controlled	YES		0	3	186C,18A7,18DF	F2,F2,F2	F2 6C 18 F2 A7 18 F2 DF 18 FF	[F2:$186C][F2:$18A7][F2:$18DF]	[FC:$07]なんだや？\nくろき「かれが したいをみつけた ひとです。\n[F1:$0A][FE][F9][FC:$07]けさ[GLYPH:$D1][GLYPH:$D0]じころかな。うみをみながら\n[F1:$02]ブラブラあるいていたんだよ。\n[F1:$0A][FE][F9][FC:$07]さいしょは おおきなゴミが うみに\n[F1:$02]ういてるなーとおもってよ。けど よく\n[F1:$02]みると ひとのかたち してるでねえの。\n[F1:$0A][FE][F9][FC:$07]そんで あわてて けいさつに でんわ\n[F1:$02]しただ。おらが はなせるのは これだけ\n[F1:$02]だなや。
867	867	6E15	B	AE15	169	controlled	YES		0	8	ED82,ED86,ED82,ED86,ED82,ED86,ED82,ED86	F2,F2,F2,F2,F2,F2,F2,F2	F2 82 ED 0A 17 6C 1D 3F 14 2E 07 32 73 9D 2D 16 2A 0E 3E 60 84 77 15 0C 27 4E 00 0E 41 01 28 2D 60 0D 01 2E 4B 01 4F 17 77 02 16 0E 20 6B 3F F2 86 ED 62 F2 82 ED 63 E1 2F 00 0B 16 13 2E 1A 05 0F 78 7D 28 69 3F F2 86 ED 62 F2 82 ED 1A 2E 0F 00 B8 05 17 4E 00 07 2E 4E 16 0B 60 A8 76 10 16 01 27 75 01 16 08 16 4E 1A 03 60 1F 20 48 78 4E 0E 02 0B 0A 17 6C 3F F2 86 ED 62 F2 82 ED 07 01 23 00 A3 00 0F 01 16 17 1E 23 60 04 2E 07 31 0D 00 4E 02 0B 0F 01 3F 60 A3 0F 16 18 50 00 0B 07 77 18 33 0F 72 F2 86 ED FF	[F2:$ED82]そうですね。ほんしょに でんわをいれて、\n[F1:$02]なにか あちらで てがかりを\n[F1:$02]つかんだかどうか きいてみましょう。[F2:$ED86]\n[F1:$0A][FE][F9][F2:$ED82]ボスッ たいへんなことが わかりました。[F2:$ED86]\n[F1:$0A][FE][F9][F2:$ED82]なんと あばしりこうで しんでいた\n[F1:$02]しらきの はいからは かいすいでなく\n[F1:$02]まみずが でてきたそうです。[F2:$ED86]\n[F1:$0A][FE][F9][F2:$ED82]しかも マリゴケ とかいうのも\n[F1:$02]けんしゅつ できたとか。\n[F1:$02]マリゴケといえば たしか えーと……。[F2:$ED86]	シュン「[F0:$A1]そうですね。ほんしょに でんわをいれて、\n[F1:$02]なにか あちらで てがかりを\n[F1:$02]つかんだかどうか きいてみましょう。[F0:$A2]\n[F1:$0A][FE][F9]シュン「[F0:$A1]ボスッ たいへんなことが わかりました。[F0:$A2]\n[F1:$0A][FE][F9]シュン「[F0:$A1]なんと あばしりこうで しんでいた\n[F1:$02]しらきの はいからは かいすいでなく\n[F1:$02]まみずが でてきたそうです。[F0:$A2]\n[F1:$0A][FE][F9]シュン「[F0:$A1]しかも マリゴケ とかいうのも\n[F1:$02]けんしゅつ できたとか。\n[F1:$02]マリゴケといえば たしか えーと……。[F0:$A2]
868	868	6EBE	B	AEBE	90	controlled	YES		0	6	ED82,ED86,ED82,ED86,ED82,ED86	F2,F2,F2,F2,F2,F2	F2 82 ED AB 93 75 93 0A 76 08 03 7F 60 4F 17 03 0D 73 1A 41 16 15 16 4B 60 0F 47 05 22 27 2A 0E 00 16 0B 0B 22 3E F2 86 ED 62 F2 82 ED 06 2E 04 0D 00 08 2E 49 2E 76 60 47 32 17 0B 16 6D 3F F2 86 ED 62 F2 82 ED 16 1F 75 16 07 02 12 22 16 00 4B 0A 17 6C 41 72 F2 86 ED FF	[F2:$ED82]まきこさんは さんその すくない\n[F1:$02]どうくつに ながいあいだ\n[F1:$02]とじこめられて いたため、[F2:$ED86]\n[F1:$0A][FE][F9][F2:$ED82]さんけつ すんぜんの \n[F1:$02]じょうたいでした。[F2:$ED86]\n[F1:$0A][FE][F9][F2:$ED82]いまは いしきふめい だそうですが……。[F2:$ED86]	シュン「[F0:$A1]まきこさんは さんその すくない\n[F1:$02]どうくつに ながいあいだ\n[F1:$02]とじこめられて いたため、[F0:$A2]\n[F1:$0A][FE][F9]シュン「[F0:$A1]さんけつ すんぜんの \n[F1:$02]じょうたいでした。[F0:$A2]\n[F1:$0A][FE][F9]シュン「[F0:$A1]いまは いしきふめい だそうですが……。[F0:$A2]
869	869	6F18	B	AF18	14	controlled	YES		0	2	ED82,ED86	F2,F2	F2 82 ED 90 C1 76 1F 18 6C 3F F2 86 ED FF	[F2:$ED82]けいさつびょういんの まえです。[F2:$ED86]	シュン「[F0:$A1]けいさつびょういんの まえです。[F0:$A2]
870	870	B693	C	B693	37	controlled	YES		0	2	ED82,ED86	F2,F2	F2 82 ED 7B 63 75 AB 93 76 05 0F 41 60 02 1B 1A 27 7F 2E 6C 71 60 80 00 4F 2F 01 73 16 03 2E 6C 71 F2 86 ED FF	[F2:$ED82]え？ ボスは まきこさんの ことが\n[F1:$02]きにならないんですか？\n[F1:$02]もう どっかに いくんですか？[F2:$ED86]	シュン「[F0:$A1]え？ ボスは まきこさんの ことが\n[F1:$02]きにならないんですか？\n[F1:$02]もう どっかに いくんですか？[F0:$A2]
871	871	6F26	B	AF26	56	controlled	YES		0	4	ED82,ED86,ED82,ED86	F2,F2,F2,F2	F2 82 ED 14 2E 0F 17 75 48 2F 0F 00 01 1E 47 32 1E 60 0A 50 73 0D 16 0E 00 16 0E 15 44 0B 16 00 02 23 0C 6C 41 72 F2 86 ED 62 F2 82 ED 7A 16 02 6B 01 3F F2 86 ED 62 FF	[F2:$ED82]ほんとうは ずっと かのじょの\n[F1:$02]そばに ついて いてあげたい きもちですが……。[F2:$ED86]\n[F1:$0A][FE][F9][F2:$ED82]では いきましょうか。[F2:$ED86]\n[F1:$0A][FE][F9]	シュン「[F0:$A1]ほんとうは ずっと かのじょの\n[F1:$02]そばに ついて いてあげたい きもちですが……。[F0:$A2]\n[F1:$0A][FE][F9]シュン「[F0:$A1]では いきましょうか。[F0:$A2]\n[F1:$0A][FE][F9]
872	872	6F5E	B	AF5E	4	controlled	YES		0	1	E90F	F2	F2 0F E9 FF	[F2:$E90F]	シュン「[F0:$A1]ちょっと これをみてくれますか？[F0:$A2]\n[F1:$0A][FE][F9]うらた「[F0:$81]けいじさん。\n[F1:$02]そんなもの みせても むだじゃよ。[F0:$82]
873	873	6F62	B	AF62	28	controlled	YES		0	2	ED82,ED86	F2,F2	F2 82 ED 7A 23 17 16 0C 4F 00 AB 93 1E 60 86 0B 16 74 02 16 0E 02 68 3F F2 86 ED FF	[F2:$ED82]では もういちど まきこさんの\n[F1:$02]ようたいを きいてきます。[F2:$ED86]	シュン「[F0:$A1]では もういちど まきこさんの\n[F1:$02]ようたいを きいてきます。[F0:$A2]
874	874	6F7E	B	AF7E	45	controlled	YES		0	2	ED82,ED86	F2,F2	F2 82 ED AB 93 10 00 15 16 01 2C 27 48 00 16 07 02 12 22 16 4E 60 22 2E 01 16 07 30 49 0D 76 47 32 17 0B 16 4B 0A 17 6C 3F F2 86 ED FF	[F2:$ED82]まきこさんは あいかわらず いしきふめいで\n[F1:$02]めんかいしゃぜつの じょうたいだそうです。[F2:$ED86]	シュン「[F0:$A1]まきこさんは あいかわらず いしきふめいで\n[F1:$02]めんかいしゃぜつの じょうたいだそうです。[F0:$A2]
875	875	6FAB	B	AFAB	79	controlled	YES		0	4	ED82,ED86,ED82,ED86	F2,F2,F2,F2	F2 82 ED 63 00 AB 93 75 80 00 08 2F 01 28 60 16 07 02 78 01 16 12 03 00 07 0E 16 29 0A 17 6C 3F F2 86 ED 62 F2 82 ED 84 77 2C 0B 07 0B 0C 1B 60 97 78 15 29 0F 00 16 2F 0E 16 29 0F 01 72 60 06 2F 0A 03 00 16 2F 0E 20 6B 3F F2 86 ED 62 FF	[F2:$ED82]ボス まきこさんは もう すっかり\n[F1:$02]いしきが かいふく しているそうです。[F2:$ED86]\n[F1:$0A][FE][F9][F2:$ED82]なにか わたしたちに\n[F1:$02]はなしが あると いっているとか……。\n[F1:$02]さっそく いってみましょう。[F2:$ED86]\n[F1:$0A][FE][F9]	シュン「[F0:$A1]ボス まきこさんは もう すっかり\n[F1:$02]いしきが かいふく しているそうです。[F0:$A2]\n[F1:$0A][FE][F9]シュン「[F0:$A1]なにか わたしたちに\n[F1:$02]はなしが あると いっているとか……。\n[F1:$02]さっそく いってみましょう。[F0:$A2]\n[F1:$0A][FE][F9]
876	876	B618	C	B618	25	controlled	YES		0	4	ED82,E88D,E838,ED86	F2,F2,F2,F2	F2 82 ED 63 3F F2 8D E8 4B 2A 2D 60 07 27 53 2B 0F 00 F2 38 E8 F2 86 ED FF	[F2:$ED82]ボス。[F2:$E88D]だれを\n[F1:$02]しらべろと [F2:$E838][F2:$ED86]	シュン「[F0:$A1]ボス。いったい だれを\n[F1:$02]しらべろと いうのですか？[F0:$A2]
877	877	6FFA	B	AFFA	45	controlled	YES		0	2	ED82,ED86	F2,F2	F2 82 ED C1 76 01 2E 45 12 0B 0C 73 02 16 0E 60 20 69 41 3E 0A 2A 87 00 47 2E 52 0D 2D 60 20 01 04 0B 23 1E 75 16 6A 6D 3F F2 86 ED FF	[F2:$ED82]びょういんの かんごふたちに きいて\n[F1:$02]みましたが、それらしい じんぶつを\n[F1:$02]みかけたものは いませんでした。[F2:$ED86]	シュン「[F0:$A1]びょういんの かんごふたちに きいて\n[F1:$02]みましたが、それらしい じんぶつを\n[F1:$02]みかけたものは いませんでした。[F0:$A2]
878	878	7027	B	B027	91	controlled	YES		0	4	ED82,ED86,ED82,ED86	F2,F2,F2,F2	F2 82 ED 05 05 76 C1 76 9D 50 2E 45 17 2D 60 07 27 53 0E 02 69 3F 60 D0 D1 D5 D2 33 D4 D5 33 D1 D1 D2 D2 4B 0A 17 6C 3F F2 86 ED 62 F2 82 ED 4E 06 02 01 27 00 0C 32 03 0C 32 03 00 9D 2D 07 0E 3E 60 AB 93 76 86 0B 16 74 02 16 0E 23 60 16 16 2E 4E 07 32 3F 63 3F F2 86 ED FF	[F2:$ED82]ここの びょういんの でんわばんごうを\n[F1:$02]しらべてきました。\n[F1:$02][GLYPH:$D0][GLYPH:$D1][GLYPH:$D5][GLYPH:$D2]ー[GLYPH:$D4][GLYPH:$D5]ー[GLYPH:$D1][GLYPH:$D1][GLYPH:$D2][GLYPH:$D2]だそうです。[F2:$ED86]\n[F1:$0A][FE][F9][F2:$ED82]でさきから ちょくちょく でんわをして、\n[F1:$02]まきこさんの ようたいを きいても\n[F1:$02]いいんでしょ。ボス。[F2:$ED86]	シュン「[F0:$A1]ここの びょういんの でんわばんごうを\n[F1:$02]しらべてきました。\n[F1:$02][GLYPH:$D0][GLYPH:$D1][GLYPH:$D5][GLYPH:$D2]ー[GLYPH:$D4][GLYPH:$D5]ー[GLYPH:$D1][GLYPH:$D1][GLYPH:$D2][GLYPH:$D2]だそうです。[F0:$A2]\n[F1:$0A][FE][F9]シュン「[F0:$A1]でさきから ちょくちょく でんわをして、\n[F1:$02]まきこさんの ようたいを きいても\n[F1:$02]いいんでしょ。ボス。[F0:$A2]
879	879	6E11	B	AE11	4	controlled	YES		0	1	EA9C	F2	F2 9C EA FF	[F2:$EA9C]	シュン「[F0:$A1]このあたりには われわれしか いませんが。[F0:$A2]
880	880	7082	B	B082	64	controlled	YES		0	4	ED82,ED86,ED82,ED86	F2,F2,F2,F2	F2 82 ED AB 93 74 26 2E 4E 00 97 2D 60 02 02 0B 16 0F 05 2B 6C 41 72 F2 86 ED 62 F2 82 ED 1D 18 00 63 35 00 01 1E 47 32 10 60 07 2E 4B 28 07 6A 26 1D 35 00 0B 08 01 28 68 26 1D 35 F2 86 ED FF	[F2:$ED82]まきこさんを よんで はなしを\n[F1:$02]ききたいところですが……。[F2:$ED86]\n[F1:$0A][FE][F9][F2:$ED82]ねえ ボス！ かのじょは\n[F1:$02]しんだりしませんよね！ たすかりますよね！[F2:$ED86]	シュン「[F0:$A1]まきこさんを よんで はなしを\n[F1:$02]ききたいところですが……。[F0:$A2]\n[F1:$0A][FE][F9]シュン「[F0:$A1]ねえ ボス！ かのじょは\n[F1:$02]しんだりしませんよね！ たすかりますよね！[F0:$A2]
881	881	70C2	B	B0C2	61	controlled	YES		0	4	ED82,ED86,ED82,ED86	F2,F2,F2,F2	F2 82 ED 0A 17 00 1A 2E 4F 23 00 BC 73 16 2F 0E 23 60 07 01 0B 78 7F 6C 6F F2 86 ED 62 F2 82 ED 80 00 AB 93 23 00 16 7F 07 72 60 19 2F 0F 3E 16 18 3F 05 2F 0C 76 97 6C 3F F2 86 ED FF	[F2:$ED82]そう なんども ましゅうこに いっても\n[F1:$02]しかたが ないですよ。[F2:$ED86]\n[F1:$0A][FE][F9][F2:$ED82]もう まきこさんも いないし……。\n[F1:$02]おっと、いえ。こっちの はなしです。[F2:$ED86]	シュン「[F0:$A1]そう なんども ましゅうこに いっても\n[F1:$02]しかたが ないですよ。[F0:$A2]\n[F1:$0A][FE][F9]シュン「[F0:$A1]もう まきこさんも いないし……。\n[F1:$02]おっと、いえ。こっちの はなしです。[F0:$A2]
882	882	70FF	B	B0FF	4	controlled	YES		0	1	EAB2	F2	F2 B2 EA FF	[F2:$EAB2]	シュン「ひとは いなくて あたりは\n[F1:$02]しずまりかえって います。
883	883	7103	B	B103	4	controlled	YES		2	1	EACA	F2	F2 CA EA FF	[F2:$EACA]	シュン「ボス。もう どこか ほかの\n[F1:$02]ところへ いきましょうよ。
884	884	7107	B	B107	49	plain	YES		0	0			65 63 00 16 24 4B 1A 15 3F BC 10 60 08 2E 4B 20 48 4E 00 25 17 22 16 1A 00 20 48 17 20 6C 6F 62 65 A3 75 0B 07 77 C4 47 30 60 1A 01 2F 0B 6C 71 FF	シュン「ボス いやだなあ。ましゅうこは\n[F1:$02]すんだみずで ゆうめいな みずうみですよ。\n[F1:$0A][FE][F9]シュン「マリゴケは たしか くっしゃろこじゃ\n[F1:$02]なかったですか？	シュン「ボス いやだなあ。ましゅうこは\n[F1:$02]すんだみずで ゆうめいな みずうみですよ。\n[F1:$0A][FE][F9]シュン「マリゴケは たしか くっしゃろこじゃ\n[F1:$02]なかったですか？
885	885	7138	B	B138	29	plain	YES		0	0			65 63 23 00 23 1E 19 54 18 1E 2C 29 16 00 94 6C 1D 18 3F 60 A3 75 C4 6C 2F 0E 50 3F FF	シュン「ボスも ものおぼえのわるい ひとですねえ。\n[F1:$02]マリゴケは くっしゃろこですってば。	シュン「ボスも ものおぼえのわるい ひとですねえ。\n[F1:$02]マリゴケは くっしゃろこですってば。
886	886	7155	B	B155	4	controlled	YES		0	1	EADF	F2	F2 DF EA FF	[F2:$EADF]	シュン「みずうみの ちゅうおうに カムイッシュの\n[F1:$02]しまが みえますが、とくに かわった\n[F1:$02]ところは ありません。
887	887	B631	C	B631	17	plain	YES		1	0			65 18 33 0F 3F 05 1E 8C 1B 75 9D 10 60 7E 6A 3F FF	シュン「えーと。このあたりには でんわは\n[F1:$02]ありません。	シュン「えーと。このあたりには でんわは\n[F1:$02]ありません。
888	888	7159	B	B159	13	plain	YES		0	0			65 C4 00 6C 3F 19 50 93 78 16 68 3F FF	シュン「くっしゃろこ です。おばさんが います。	シュン「くっしゃろこ です。おばさんが います。
889	889	7166	B	B166	38	controlled	YES		0	1	E87A	F2	65 C4 6C 3F 1F 4B 00 19 50 93 41 60 16 68 3F 1A 2E 4E 00 F2 7A E8 1B 60 48 2F 0F 00 0D 2F 0B 2F 0E 29 2E 6E 70 FF	シュン「くっしゃろこです。まだ おばさんが\n[F1:$02]います。なんで [F2:$E87A]に\n[F1:$02]ずっと つったってるんでしょうね。	シュン「くっしゃろこです。まだ おばさんが\n[F1:$02]います。なんで こんなところに\n[F1:$02]ずっと つったってるんでしょうね。
890	890	718C	B	B18C	27	plain	YES		0	0			65 20 48 1E 1A 01 73 1F 29 16 00 23 00 1E 86 1A 60 23 1E 78 17 16 0E 16 68 3F FF	シュン「みずのなかに まるい も のような\n[F1:$02]ものが ういています。	シュン「みずのなかに まるい も のような\n[F1:$02]ものが ういています。
891	891	71A7	B	B1A7	34	controlled	YES		0	2	EE02,EE09	F2,F2	F2 02 EE 06 15 3F 0A 2E 1A 00 1A 1F 18 1E 94 10 60 05 1E 13 2E 1B 75 08 2E 4E 16 6A 1D 3F F2 09 EE FF	[F2:$EE02]さあ。そんな なまえのひとは\n[F1:$02]このへんには すんでいませんね。[F2:$EE09]	おばさん「[F0:$91]さあ。そんな なまえのひとは\n[F1:$02]このへんには すんでいませんね。[F0:$92]
892	892	71C9	B	B1C9	35	controlled	YES		0	2	EE02,EE09	F2,F2	F2 02 EE A8 93 36 00 2C 0B 07 76 07 28 15 16 1B 60 0A 2E 1A 00 1A 1F 18 76 94 75 16 6A 41 72 F2 09 EE FF	[F2:$EE02]しらきさん？ わたしの しりあいに\n[F1:$02]そんな なまえの ひとは いませんが……。[F2:$EE09]	おばさん「[F0:$91]しらきさん？ わたしの しりあいに\n[F1:$02]そんな なまえの ひとは いませんが……。[F0:$92]
893	893	71EC	B	B1EC	55	controlled	YES		0	2	EE02,EE09	F2,F2	F2 02 EE 15 15 3F 0A 1E 94 1A 27 00 19 2E 09 2E 10 82 01 2F 0E 60 02 16 0E 02 0B 2E 4E 00 2C 45 0F 19 2E 09 2E 76 05 0F 2D 60 19 07 18 0E 00 15 44 69 6F F2 09 EE FF	[F2:$EE02]ああ。そのひとなら おんせんはどこかって\n[F1:$02]きいてきたんで わごとおんせんの ことを\n[F1:$02]おしえて あげましたよ。[F2:$EE09]	おばさん「[F0:$91]ああ。そのひとなら おんせんはどこかって\n[F1:$02]きいてきたんで わごとおんせんの ことを\n[F1:$02]おしえて あげましたよ。[F0:$92]
894	894	7223	B	B223	29	controlled	YES		0	2	EE02,EE09	F2,F2	F2 02 EE 0A 1E 94 73 0D 16 0E 00 07 2F 0E 16 29 05 0F 10 60 80 00 97 69 6F F2 09 EE FF	[F2:$EE02]そのひとに ついて しっていることは\n[F1:$02]もう はなしましたよ。[F2:$EE09]	おばさん「[F0:$91]そのひとに ついて しっていることは\n[F1:$02]もう はなしましたよ。[F0:$92]
895	895	7240	B	B240	26	controlled	YES		0	2	EE02,EE09	F2,F2	F2 02 EE 06 15 3F 0A 2E 1A 00 1A 1F 18 1E 94 10 60 07 28 6A 41 3F F2 09 EE FF	[F2:$EE02]さあ。そんな なまえのひとは\n[F1:$02]しりませんが。[F2:$EE09]	おばさん「[F0:$91]さあ。そんな なまえのひとは\n[F1:$02]しりませんが。[F0:$92]
896	896	725A	B	B25A	38	controlled	YES		0	2	EE02,EE09	F2,F2	F2 02 EE 0A 2A 1A 27 00 05 05 01 27 00 D1 D0 D0 E4 22 33 0F 29 03 27 16 60 16 2F 0B 00 0F 05 2B 6C 3F F2 09 EE FF	[F2:$EE02]それなら ここから [GLYPH:$D1][GLYPH:$D0][GLYPH:$D0]メートルくらい\n[F1:$02]いった ところです。[F2:$EE09]	おばさん「[F0:$91]それなら ここから [GLYPH:$D1][GLYPH:$D0][GLYPH:$D0]メートルくらい\n[F1:$02]いった ところです。[F0:$92]
897	897	7280	B	B280	42	controlled	YES		0	2	EE02,EE09	F2,F2	F2 02 EE 1F 2E 51 32 17 73 02 03 01 27 2F 0E 3E 04 2F 05 17 60 0F 19 03 01 27 23 00 10 16 28 1B 03 29 00 85 6C 6F F2 09 EE FF	[F2:$EE02]まんびょうに きくからって、けっこう\n[F1:$02]とおくからも はいりにくる みたいですよ。[F2:$EE09]	おばさん「[F0:$91]まんびょうに きくからって、けっこう\n[F1:$02]とおくからも はいりにくる みたいですよ。[F0:$92]
898	898	72AA	B	B2AA	22	plain	YES		0	0			65 05 1E 8C 1B 75 54 03 0B 0C 16 41 16 60 4B 2A 23 16 6A 41 3F FF	シュン「このあたりには ぼくたちいがい\n[F1:$02]だれもいませんが。	シュン「このあたりには ぼくたちいがい\n[F1:$02]だれもいませんが。
899	899	72C0	B	B2C0	24	plain	YES		0	0			65 0C 01 03 76 CA 76 19 50 93 4E 60 01 16 23 1E 41 18 28 76 86 6C 3F FF	シュン「ちかくの ばいてんの おばさんで\n[F1:$02]かいものがえりの ようです。	シュン「ちかくの ばいてんの おばさんで\n[F1:$02]かいものがえりの ようです。
900	900	72D8	B	B2D8	12	plain	YES		0	0			65 05 2E 1A 00 01 2E 50 2E 6C 3F FF	シュン「こんな かんばんです。	シュン「こんな かんばんです。
901	901	72E4	B	B2E4	54	plain	YES		0	0			65 24 10 28 00 A8 75 05 05 4E 05 2B 06 2A 0E 01 27 60 B8 05 17 73 1A 44 05 1F 2A 0B 86 6C 70 62 65 07 01 07 00 91 75 1A 49 60 0A 2E 1A 05 0F 74 07 0B 1E 6E 72 FF	シュン「やはり しらきは ここでころされてから\n[F1:$02]あばしりこうに なげこまれたようですね。\n[F1:$0A][FE][F9]シュン「しかし はんにんは なぜ\n[F1:$02]そんなことを したのでしょう……。	シュン「やはり しらきは ここでころされてから\n[F1:$02]あばしりこうに なげこまれたようですね。\n[F1:$0A][FE][F9]シュン「しかし はんにんは なぜ\n[F1:$02]そんなことを したのでしょう……。
902	902	731A	B	B31A	35	plain	YES		0	0			65 1F 0B 00 01 2E 50 2E 74 07 27 53 2B 00 1A 2E 0E 3E 60 63 75 26 2F 59 4F 00 02 1B 16 2F 0B 2E 6C 70 FF	シュン「また かんばんを しらべろ なんて、\n[F1:$02]ボスは よっぽど きにいったんですね。	シュン「また かんばんを しらべろ なんて、\n[F1:$02]ボスは よっぽど きにいったんですね。
903	903	B642	C	B642	4	controlled	YES		0	1	E92C	F2	F2 2C E9 FF	[F2:$E92C]	シュン「[F0:$A1]ちょっと これをみてくれますか？[F0:$A2]\n[F1:$0A][FE][F9]うらた「[F0:$81]けいじさん もう かえってくれ。[F0:$82]
904	904	733D	B	B33D	24	controlled	YES		0	2	E94F,DADB	F2,F2	F2 4F E9 19 50 93 3A 05 1E 94 78 4F 17 77 07 0B 2E 6C 01 3F F2 DB DA FF	[F2:$E94F]おばさん「このひとが どうか したんですか。[F2:$DADB]	シュン「[F0:$A1]ちょっと これをみてくれますか？[F0:$A2]\n[F1:$0A][FE][F9]おばさん「このひとが どうか したんですか。\n[F1:$0A][FE][F9][F5:$11,$03]
905	905	7355	B	B355	56	controlled	YES		0	2	E94F,DADB	F2,F2	F2 4F E9 19 50 93 3A 05 1E 94 1A 27 00 20 19 54 18 78 7E 68 3F 60 18 2F 3E A8 93 2F 0E 00 16 17 2E 6C 01 3F 60 1A 1F 18 1F 4E 75 02 01 1A 01 2F 0B 01 27 72 F2 DB DA FF	[F2:$E94F]おばさん「このひとなら みおぼえが あります。\n[F1:$02]えっ、しらきさんって いうんですか。\n[F1:$02]なまえまでは きかなかったから……。[F2:$DADB]	シュン「[F0:$A1]ちょっと これをみてくれますか？[F0:$A2]\n[F1:$0A][FE][F9]おばさん「このひとなら みおぼえが あります。\n[F1:$02]えっ、しらきさんって いうんですか。\n[F1:$02]なまえまでは きかなかったから……。\n[F1:$0A][FE][F9][F5:$11,$03]
906	906	738D	B	B38D	45	controlled	YES		0	2	E94F,DADB	F2,F2	F2 4F E9 19 50 93 3A 07 2F 0E 68 6F A8 93 0E 16 17 2E 4E 07 32 3F 60 8F 93 3E 0A 17 19 2F 07 30 2F 0B 47 30 00 7F 6C 01 3F F2 DB DA FF	[F2:$E94F]おばさん「しってますよ。しらきさんていうんでしょ。\n[F1:$02]けいじさん、そうおっしゃったじゃ ないですか。[F2:$DADB]	シュン「[F0:$A1]ちょっと これをみてくれますか？[F0:$A2]\n[F1:$0A][FE][F9]おばさん「しってますよ。しらきさんていうんでしょ。\n[F1:$02]けいじさん、そうおっしゃったじゃ ないですか。\n[F1:$0A][FE][F9][F5:$11,$03]
907	907	B646	C	B646	21	controlled	YES		0	2	E94F,DADB	F2,F2	F2 4F E9 19 50 93 3A 07 28 6A 1D 3E 05 2E 1A 94 3F F2 DB DA FF	[F2:$E94F]おばさん「しりませんね、こんなひと。[F2:$DADB]	シュン「[F0:$A1]ちょっと これをみてくれますか？[F0:$A2]\n[F1:$0A][FE][F9]おばさん「しりませんね、こんなひと。\n[F1:$0A][FE][F9][F5:$11,$03]
908	908	73BA	B	B3BA	23	controlled	YES		0	3	E94F,EE02,EE09	F2,F2,F2	F2 4F E9 F2 02 EE 18 18 3F 90 76 01 0B 1A 2E 4E 07 32 36 F2 09 EE FF	[F2:$E94F][F2:$EE02]ええ。けいさつの かたなんでしょ？[F2:$EE09]	シュン「[F0:$A1]ちょっと これをみてくれますか？[F0:$A2]\n[F1:$0A][FE][F9]おばさん「[F0:$91]ええ。けいさつの かたなんでしょ？[F0:$92]
909	909	73D1	B	B3D1	18	plain	YES		0	0			65 2C 45 0F 00 19 2E 09 2E 76 2B 0E 2E 52 2B 6C 3F FF	シュン「わごと おんせんの ろてんぶろです。	シュン「わごと おんせんの ろてんぶろです。
910	910	73E3	B	B3E3	42	plain	YES		0	0			65 84 77 91 78 0E 41 01 28 2D 60 1E 05 07 0E 00 16 29 01 23 00 07 2A 6A 3F 60 07 27 53 0E 20 29 00 01 0C 75 7E 0A 17 6C 70 FF	シュン「なにか はんにんが てがかりを\n[F1:$02]のこして いるかも しれません。\n[F1:$02]しらべてみる かちは ありそうですね。	シュン「なにか はんにんが てがかりを\n[F1:$02]のこして いるかも しれません。\n[F1:$02]しらべてみる かちは ありそうですね。
911	911	740D	B	B40D	51	controlled	YES		0	0		FC	65 15 2F 35 00 AC 93 3F 60 1F 0B 00 05 1E 19 2E 09 2E 73 02 0E 0B 2E 6C 01 3F 62 FC 63 18 18 00 08 2F 01 28 00 05 05 78 02 1B 60 16 2F 0C 30 2F 0E 72 FF	シュン「あっ！ めぐみさん。\n[F1:$02]また このおんせんに きてたんですか。\n[F1:$0A][FE][F9][FC:$63]ええ すっかり ここが きに\n[F1:$02]いっちゃって……。	シュン「あっ！ めぐみさん。\n[F1:$02]また このおんせんに きてたんですか。\n[F1:$0A][FE][F9][FC:$63]ええ すっかり ここが きに\n[F1:$02]いっちゃって……。
912	912	7440	B	B440	68	plain	YES		0	0			65 01 2E 0A 1A 00 2B 0E 2E 52 2B 00 4E 60 0A 17 47 78 25 02 0F 4F 01 7F 1E 01 60 01 20 03 48 78 0C 27 01 2F 0E 16 68 3F 62 65 E3 41 27 08 4F 00 76 21 05 17 75 4B 0D 16 47 32 17 1B 60 1A 2F 0E 16 68 3F FF	シュン「かんそな ろてんぶろ で\n[F1:$02]そうじが ゆきとどかないのか\n[F1:$02]かみくずが ちらかっています。\n[F1:$0A][FE][F9]シュン「ガラスど の むこうは だついじょうに\n[F1:$02]なっています。	シュン「かんそな ろてんぶろ で\n[F1:$02]そうじが ゆきとどかないのか\n[F1:$02]かみくずが ちらかっています。\n[F1:$0A][FE][F9]シュン「ガラスど の むこうは だついじょうに\n[F1:$02]なっています。
913	913	7484	B	B484	111	controlled	YES		0	0		FC,F8	65 2C 2C 2F 3F 2C 01 16 00 47 32 09 16 41 60 4B 0D 16 47 32 17 00 01 27 00 4E 0E 02 69 3F 62 65 3D 3D 19 24 2F 36 00 15 1A 0B 75 0B 07 01 60 BC 4E 00 16 0C 4F 00 19 15 16 07 0B 60 AC 93 00 7A 7F 6C 01 3F 62 FC 63 15 27 00 05 1E 15 16 4B 76 8F 93 3F F8 65 05 2A 75 1F 0B 00 20 32 17 1A 00 0F 05 2B 4E 60 19 15 16 00 07 1F 07 0E 72 FF	シュン「わわっ。わかい じょせいが\n[F1:$02]だついじょう から でてきました。\n[F1:$0A][FE][F9]シュン「……おやっ？ あなたは たしか\n[F1:$02]ましゅうこで いちど おあいした\n[F1:$02]めぐみさん では ないですか。\n[F1:$0A][FE][F9][FC:$63]あら このあいだの けいじさん。\nシュン「これは また みょうな ところで\n[F1:$02]おあい しまして……。	シュン「わわっ。わかい じょせいが\n[F1:$02]だついじょう から でてきました。\n[F1:$0A][FE][F9]シュン「……おやっ？ あなたは たしか\n[F1:$02]ましゅうこで いちど おあいした\n[F1:$02]めぐみさん では ないですか。\n[F1:$0A][FE][F9][FC:$63]あら このあいだの けいじさん。\nシュン「これは また みょうな ところで\n[F1:$02]おあい しまして……。
914	914	74F3	B	B4F3	57	controlled	YES		0	0		FC	65 BC 00 4E 00 15 2F 0B 60 AC 93 78 16 68 3F 62 65 05 17 07 0E 00 20 29 0F 00 47 0D 1B 60 E4 43 27 1F 33 6C 1D 3F AC 93 2F 0E 3F 62 FC 63 24 4B 15 00 8F 93 2F 0B 27 3F FF	シュン「ましゅうこ で あった\n[F1:$02]めぐみさんが います。\n[F1:$0A][FE][F9]シュン「こうして みると じつに\n[F1:$02]グラマーですね。めぐみさんって。\n[F1:$0A][FE][F9][FC:$63]やだあ けいじさんったら。	シュン「ましゅうこ で あった\n[F1:$02]めぐみさんが います。\n[F1:$0A][FE][F9]シュン「こうして みると じつに\n[F1:$02]グラマーですね。めぐみさんって。\n[F1:$0A][FE][F9][FC:$63]やだあ けいじさんったら。
915	915	752C	B	B52C	41	plain	YES		0	0			65 01 2E 0A 1A 00 2B 0E 2E 52 2B 00 6C 3F 60 E3 41 27 08 4F 00 76 21 05 17 75 4B 0D 16 47 32 17 1B 60 1A 2F 0E 16 68 3F FF	シュン「かんそな ろてんぶろ です。\n[F1:$02]ガラスど の むこうは だついじょうに\n[F1:$02]なっています。	シュン「かんそな ろてんぶろ です。\n[F1:$02]ガラスど の むこうは だついじょうに\n[F1:$02]なっています。
916	916	DBBA	D	9BBA	28	plain	YES		0	0			01 2E 28 1B 2E 3A 15 15 00 7C 16 4B 07 69 3F 60 1E 21 27 93 76 19 0F 17 93 6C 6F FF	かんりにん「ああ おもいだしました。\n[F1:$02]のむらさんの おとうさんですよ。	かんりにん「ああ おもいだしました。\n[F1:$02]のむらさんの おとうさんですよ。
917	917	7555	B	B555	51	controlled	YES		0	0		FC	FC 63 18 00 06 2F 02 76 99 1E 94 3E A4 2F 0E 60 16 17 1E 36 00 47 30 15 00 24 2F 55 28 00 AB 1E 60 19 0F 17 93 0F 10 53 0D 47 2E 00 1A 1E 01 1A 15 72 FF	[FC:$63]え さっきの しゃしんのひと、ますだって\n[F1:$02]いうの？ じゃあ やっぱり まきこの\n[F1:$02]おとうさんとはべつじん なのかなあ……。	[FC:$63]え さっきの しゃしんのひと、ますだって\n[F1:$02]いうの？ じゃあ やっぱり まきこの\n[F1:$02]おとうさんとはべつじん なのかなあ……。
918	918	7588	B	B588	26	controlled	YES		0	1	75A2	F2	F2 A2 75 60 05 1E 0C 01 03 4E 00 05 2B 06 2A 0B 1E 19 33 3F 24 4B 33 2F 3F FF	[F2:$75A2]\n[F1:$02]このちかくで ころされたのおー。やだーっ。	[FC:$63]さあ。そういうなまえのひとは しらないわ。\n[F1:$02]このちかくで ころされたのおー。やだーっ。
919	919	75A2	B	B5A2	21	controlled	YES		1	0		FC	FC 63 06 15 3F 0A 17 16 17 1A 1F 18 1E 94 75 07 27 7F 2C 3F FF	[FC:$63]さあ。そういうなまえのひとは しらないわ。	[FC:$63]さあ。そういうなまえのひとは しらないわ。
920	920	75B7	B	B5B7	149	controlled	YES		0	0		FC,FC,FC	FC 63 18 18 3F 01 1E 47 32 1E 1A 1F 18 75 1E 21 27 39 AB 3F 60 2C 0B 07 0F 00 01 1E 47 32 75 0C 31 17 41 03 09 16 60 47 4B 16 76 4F 17 02 31 17 09 16 00 1A 1E 70 62 FC 63 0A 2A 4E 70 47 0D 75 B4 1E 4B 16 41 03 73 60 01 26 2F 0E 16 0B 00 01 1E 47 32 1E 16 23 17 0F 76 AE 93 78 60 05 1E 15 16 4B 00 05 17 0D 17 47 05 4E 00 1A 03 1A 2F 0E 07 1F 2F 0E 3E 62 FC 63 D1 07 31 17 01 2E 14 4F 1F 18 1B 60 19 0A 17 07 02 74 08 1F 09 0B 50 01 28 1A 1E 3F FF	[FC:$63]ええ。かのじょのなまえは のむら・まきこ。\n[F1:$02]わたしと かのじょは ちゅうがくせい\n[F1:$02]じだいの どうきゅうせい なのね。\n[F1:$0A][FE][F9][FC:$63]それでね。じつは とうきょうのだいがくに \n[F1:$02]かよっていた かのじょのいもうとの ゆかりさんが \n[F1:$02]このあいだ こうつうじこで なくなってしまって、\n[F1:$0A][FE][F9][FC:$63][GLYPH:$D1]しゅうかんほどまえに\n[F1:$02]おそうしきを すませたばかりなの。	[FC:$63]ええ。かのじょのなまえは のむら・まきこ。\n[F1:$02]わたしと かのじょは ちゅうがくせい\n[F1:$02]じだいの どうきゅうせい なのね。\n[F1:$0A][FE][F9][FC:$63]それでね。じつは とうきょうのだいがくに \n[F1:$02]かよっていた かのじょのいもうとの ゆかりさんが \n[F1:$02]このあいだ こうつうじこで なくなってしまって、\n[F1:$0A][FE][F9][FC:$63][GLYPH:$D1]しゅうかんほどまえに\n[F1:$02]おそうしきを すませたばかりなの。
921	921	764C	B	B64C	55	controlled	YES		0	0		FC	FC 63 16 23 17 0F 76 AE 93 76 05 0F 23 15 29 07 3E 60 2C 0B 07 3E AB 41 84 01 47 04 2E 73 AB 1F 2A 0E 60 16 29 2E 47 30 7F 01 0F 00 07 2E 55 16 1A 1E 3F 8F 93 3F FF	[FC:$63]いもうとの ゆかりさんの こともあるし、\n[F1:$02]わたし、まきこがなにかじけんに まきこまれて\n[F1:$02]いるんじゃないかと しんぱいなの。けいじさん。	[FC:$63]いもうとの ゆかりさんの こともあるし、\n[F1:$02]わたし、まきこがなにかじけんに まきこまれて\n[F1:$02]いるんじゃないかと しんぱいなの。けいじさん。
922	922	7683	B	B683	63	controlled	YES		0	0		FC,FC	FC 63 AB 76 47 31 17 07 32 6C 71 62 FC 63 B9 07 00 0E 16 1D C8 00 E5 06 2E 05 33 59 D2 D0 D6 45 17 3F 60 9D 00 50 2E 45 17 10 3E 60 D0 D1 D1 33 D2 D3 D1 33 D1 D1 D1 D5 4B 2F 0B 01 1A 3F FF	[FC:$63]まきこの じゅうしょですか？\n[F1:$0A][FE][F9][FC:$63]さっぽろし ていねまち サンコーポ[GLYPH:$D2][GLYPH:$D0][GLYPH:$D6]ごう。\n[F1:$02]でんわ ばんごうは、\n[F1:$02][GLYPH:$D0][GLYPH:$D1][GLYPH:$D1]ー[GLYPH:$D2][GLYPH:$D3][GLYPH:$D1]ー[GLYPH:$D1][GLYPH:$D1][GLYPH:$D1][GLYPH:$D5]だったかな。	[FC:$63]まきこの じゅうしょですか？\n[F1:$0A][FE][F9][FC:$63]さっぽろし ていねまち サンコーポ[GLYPH:$D2][GLYPH:$D0][GLYPH:$D6]ごう。\n[F1:$02]でんわ ばんごうは、\n[F1:$02][GLYPH:$D0][GLYPH:$D1][GLYPH:$D1]ー[GLYPH:$D2][GLYPH:$D3][GLYPH:$D1]ー[GLYPH:$D1][GLYPH:$D1][GLYPH:$D1][GLYPH:$D5]だったかな。
923	923	76C2	B	B6C2	33	controlled	YES		0	0		FC	FC 63 2C 0B 07 78 AB 1E 05 0F 4E 00 19 07 18 27 2A 29 60 05 0F 75 80 00 49 2E 52 00 97 0B 2C 3F FF	[FC:$63]わたしが まきこのことで おしえられる\n[F1:$02]ことは もう ぜんぶ はなしたわ。	[FC:$63]わたしが まきこのことで おしえられる\n[F1:$02]ことは もう ぜんぶ はなしたわ。
924	924	76E3	B	B6E3	28	controlled	YES		0	0		FC	FC 63 2C 0B 07 78 07 30 53 2F 0B 2F 0E 05 0F 60 AB 1B 75 1A 16 07 32 1B 07 0E 70 FF	[FC:$63]わたしが しゃべったってこと\n[F1:$02]まきこには ないしょにしてね。	[FC:$63]わたしが しゃべったってこと\n[F1:$02]まきこには ないしょにしてね。
925	925	76FF	B	B6FF	36	controlled	YES		0	0		FC	FC 63 1A 2E 4E 23 00 11 02 1B 44 00 4B 2F 0B 00 87 1E 3F 60 16 1F 4B 73 91 75 7D 2F 0E 16 7F 0A 17 26 3F FF	[FC:$63]なんでも ひきにげ だった らしいの。\n[F1:$02]いまだに はんにんは わかっていないそうよ。	[FC:$63]なんでも ひきにげ だった らしいの。\n[F1:$02]いまだに はんにんは わかっていないそうよ。
926	926	7723	B	B723	48	controlled	YES		0	0		FC	FC 63 2C 0B 07 00 16 23 17 0F 76 AE 93 0F 10 60 0C 32 03 09 0D 15 2F 0B 05 0F 00 7F 07 3E 60 15 1F 28 00 03 2C 07 16 05 0F 75 07 27 7F 1E 6F FF	[FC:$63]わたし いもうとの ゆかりさんとは\n[F1:$02]ちょくせつあったこと ないし、\n[F1:$02]あまり くわしいことは しらないのよ。	[FC:$63]わたし いもうとの ゆかりさんとは\n[F1:$02]ちょくせつあったこと ないし、\n[F1:$02]あまり くわしいことは しらないのよ。
927	927	7753	B	B753	60	controlled	YES		0	0		F0,F6,F6,F6,F9,F0	AC 3A 0A 2E 1A 73 2C 0B 07 1E 05 0F 00 20 0D 22 0E 72 60 01 2C 16 0A 17 4B 01 27 60 B3 0E 15 44 29 70 F0 09 80 F6 F0 F6 F0 F6 F0 F9 AC 3A 10 16 00 F0 01 88 80 00 19 07 1F 16 6F FF	めぐみ「そんなに わたしのこと みつめて……。\n[F1:$02]かわいそうだから\n[F1:$02]みせてあげるね。[F0:$09,$80][F6:$F0][F6:$F0][F6:$F0][F9]めぐみ「はい [F0:$01,$88]もう おしまいよ。	めぐみ「そんなに わたしのこと みつめて……。\n[F1:$02]かわいそうだから\n[F1:$02]みせてあげるね。[F0:$09,$80][F6:$F0][F6:$F0][F6:$F0][F9]めぐみ「はい [F0:$01,$88]もう おしまいよ。
928	928	B6B8	C	B6B8	108	controlled	YES		0	0		FC,FC,F8	65 15 1E 17 00 AC 93 3F 88 0A 1E 72 60 07 2E 0B 16 04 2E 06 74 06 09 0E 00 16 0B 4B 02 68 3F 60 63 76 22 16 2A 16 1A 79 72 62 FC 63 0A 17 3F 22 16 2A 16 47 30 00 07 01 0B 7F 2C 1D 3F 60 4E 23 00 2C 0B 07 00 E5 50 08 0B 19 29 1E 07 0B 75 10 4B 01 6F 62 65 3D 72 62 FC 63 1D 2F 3F E2 17 0A 47 30 7F 4E 07 32 3F F8 65 3D 72 FF	シュン「あのう めぐみさん。ちょっと その……。\n[F1:$02]しんたいけんさを させて いただきます。\n[F1:$02]ボスの めいれいなので……。\n[F1:$0A][FE][F9][FC:$63]そう。めいれいじゃ しかたないわね。\n[F1:$02]でも わたし バスタオルのしたは はだかよ。\n[F1:$0A][FE][F9]シュン「………。\n[F1:$0A][FE][F9][FC:$63]ねっ。ウソじゃないでしょ。\nシュン「………。	シュン「あのう めぐみさん。ちょっと その……。\n[F1:$02]しんたいけんさを させて いただきます。\n[F1:$02]ボスの めいれいなので……。\n[F1:$0A][FE][F9][FC:$63]そう。めいれいじゃ しかたないわね。\n[F1:$02]でも わたし バスタオルのしたは はだかよ。\n[F1:$0A][FE][F9]シュン「………。\n[F1:$0A][FE][F9][FC:$63]ねっ。ウソじゃないでしょ。\nシュン「………。
929	929	B7DA	C	B7DA	8	controlled	YES		0	2	EADF,EACA	F2,F2	F2 DF EA 62 F2 CA EA FF	[F2:$EADF]\n[F1:$0A][FE][F9][F2:$EACA]	シュン「みずうみの ちゅうおうに カムイッシュの\n[F1:$02]しまが みえますが、とくに かわった\n[F1:$02]ところは ありません。\n[F1:$0A][FE][F9]シュン「ボス。もう どこか ほかの\n[F1:$02]ところへ いきましょうよ。
930	930	778F	B	B78F	33	plain	YES		0	0			65 17 11 30 3D 3D 53 2F 0C 32 28 00 1C 2A 0B 15 07 12 02 6C 3F 60 17 27 41 2C 1B 75 89 84 23 72 FF	シュン「うひゃ……べっちょり ぬれたあしふきです。\n[F1:$02]うらがわには とくに なにも……。	シュン「うひゃ……べっちょり ぬれたあしふきです。\n[F1:$02]うらがわには とくに なにも……。
931	931	77B0	B	B7B0	12	plain	YES		0	0			65 0A 05 10 80 00 07 27 53 69 3F FF	シュン「そこはもう しらべました。	シュン「そこはもう しらべました。
932	932	77BC	B	B7BC	22	plain	YES		0	0			65 89 0E 41 01 28 73 1A 29 86 1A 60 23 1E 75 20 8C 00 6A 6D 3F FF	シュン「とくに てがかりに なるような\n[F1:$02]ものは みあたり ませんでした。	シュン「とくに てがかりに なるような\n[F1:$02]ものは みあたり ませんでした。
933	933	B65B	C	B65B	12	plain	YES		0	0			65 0A 05 75 80 00 07 27 53 69 3F FF	シュン「そこは もう しらべました。	シュン「そこは もう しらべました。
934	934	77D2	B	B7D2	1	plain	YES		0	0			FF		
935	935	77D3	B	B7D3	59	controlled	YES		0	0		F0	65 48 16 52 2E 00 01 20 03 48 78 0C 27 50 2F 0E 60 16 68 1D 18 72 19 24 00 05 2A 75 1A 2E 4B 2B 17 3F F0 91 62 65 63 3F 15 19 16 00 11 32 17 07 76 A2 41 60 19 0C 0E 16 68 3F FF	シュン「ずいぶん かみくずが ちらばって\n[F1:$02]いますねえ……。おや これは なんだろう。[F0:$91]\n[F1:$0A][FE][F9]シュン「ボス。あおい ひょうしの てちょうが\n[F1:$02]おちています。	シュン「ずいぶん かみくずが ちらばって\n[F1:$02]いますねえ……。おや これは なんだろう。[F0:$91]\n[F1:$0A][FE][F9]シュン「ボス。あおい ひょうしの てちょうが\n[F1:$02]おちています。
936	936	B7E2	C	B7E2	8	controlled	YES		0	2	EA26,EACA	F2,F2	F2 26 EA 62 F2 CA EA FF	[F2:$EA26]\n[F1:$0A][FE][F9][F2:$EACA]	シュン「こんなところに だれを よぶんですか？\n[F1:$0A][FE][F9]シュン「ボス。もう どこか ほかの\n[F1:$02]ところへ いきましょうよ。
937	937	780E	B	B80E	48	plain	YES		0	0			65 48 16 52 2E 00 01 20 03 48 78 0C 27 50 2F 0E 60 16 68 41 72 62 65 89 0E 41 01 28 1B 1A 29 86 1A 23 1E 10 60 80 19 0C 0E 00 16 7F 86 6C 3F FF	シュン「ずいぶん かみくずが ちらばって\n[F1:$02]いますが……。\n[F1:$0A][FE][F9]シュン「とくに てがかりになるようなものは\n[F1:$02]もうおちて いないようです。	シュン「ずいぶん かみくずが ちらばって\n[F1:$02]いますが……。\n[F1:$0A][FE][F9]シュン「とくに てがかりになるようなものは\n[F1:$02]もうおちて いないようです。
938	938	783E	B	B83E	76	plain	YES		0	0		F8	65 63 00 84 74 01 2E 41 18 0E 00 16 29 2E 6C 01 35 60 16 03 27 00 63 4E 23 3E 07 1F 16 1B 60 05 17 49 2E 00 2C 16 09 0D 4E 00 07 32 2F 56 02 68 6F 62 AC 3A 0A 17 36 00 2C 0B 07 75 01 1F 2C 7F 2E 4B 04 4F 1A 15 72 F8 65 3D 72 FF	シュン「ボス なにを かんがえて いるんですか！\n[F1:$02]いくら ボスでも、しまいに\n[F1:$02]こうぜん わいせつで しょっぴきますよ。\n[F1:$0A][FE][F9]めぐみ「そう？ わたしは かまわないんだけどなあ……。\nシュン「………。	シュン「ボス なにを かんがえて いるんですか！\n[F1:$02]いくら ボスでも、しまいに\n[F1:$02]こうぜん わいせつで しょっぴきますよ。\n[F1:$0A][FE][F9]めぐみ「そう？ わたしは かまわないんだけどなあ……。\nシュン「………。
939	939	B7EA	C	B7EA	8	controlled	YES		0	2	E980,EACA	F2,F2	F2 80 E9 62 F2 CA EA FF	[F2:$E980]\n[F1:$0A][FE][F9][F2:$EACA]	シュン「ここには とるようなものは\n[F1:$02]みあたりませんが……。\n[F1:$0A][FE][F9]シュン「ボス。もう どこか ほかの\n[F1:$02]ところへ いきましょうよ。
940	940	788A	B	B88A	11	controlled	YES		0	0		F0	65 A2 74 F0 90 11 2B 16 69 3F FF	シュン「てちょうを [F0:$90]ひろいました。	シュン「てちょうを [F0:$90]ひろいました。
941	941	7895	B	B895	93	controlled	YES		0	2	E94F,DADB	F2,FC,FC,F2	F2 4F E9 FC 63 15 15 00 05 1E 94 72 60 47 0D 75 05 1E 15 16 4B 75 AB 41 60 16 16 0B 03 00 1A 06 0A 17 00 4B 2F 0B 01 27 3E 62 FC 63 2C 0B 07 23 00 0C 32 17 07 74 15 2C 09 0E 00 16 0B 2E 60 4B 04 4F 72 05 1E 94 00 01 1E 47 32 1E 60 19 0F 17 93 73 0A 2F 03 28 1A 1E 3F F2 DB DA FF	[F2:$E94F][FC:$63]ああ このひと……。\n[F1:$02]じつは このあいだは まきこが\n[F1:$02]いいたく なさそう だったから、\n[F1:$0A][FE][F9][FC:$63]わたしも ちょうしを あわせて いたん\n[F1:$02]だけど……。このひと かのじょの\n[F1:$02]おとうさんに そっくりなの。[F2:$DADB]	シュン「[F0:$A1]ちょっと これをみてくれますか？[F0:$A2]\n[F1:$0A][FE][F9][FC:$63]ああ このひと……。\n[F1:$02]じつは このあいだは まきこが\n[F1:$02]いいたく なさそう だったから、\n[F1:$0A][FE][F9][FC:$63]わたしも ちょうしを あわせて いたん\n[F1:$02]だけど……。このひと かのじょの\n[F1:$02]おとうさんに そっくりなの。\n[F1:$0A][FE][F9][F5:$11,$03]
942	942	78F2	B	B8F2	30	controlled	YES		0	2	E94F,DADB	F2,FC,F2	F2 4F E9 FC 63 24 2F 55 28 00 AB 76 19 0F 17 93 1B 60 0A 2F 03 28 00 4B 2C 3F F2 DB DA FF	[F2:$E94F][FC:$63]やっぱり まきこの おとうさんに\n[F1:$02]そっくり だわ。[F2:$DADB]	シュン「[F0:$A1]ちょっと これをみてくれますか？[F0:$A2]\n[F1:$0A][FE][F9][FC:$63]やっぱり まきこの おとうさんに\n[F1:$02]そっくり だわ。\n[F1:$0A][FE][F9][F5:$11,$03]
943	943	7910	B	B910	29	controlled	YES		0	2	E94F,DADB	F2,FC,F2	F2 4F E9 FC 63 06 15 3D 3D 05 17 16 17 00 94 75 20 0B 05 0F 60 7F 1A 15 72 F2 DB DA FF	[F2:$E94F][FC:$63]さあ……こういう ひとは みたこと\n[F1:$02]ないなあ……。[F2:$DADB]	シュン「[F0:$A1]ちょっと これをみてくれますか？[F0:$A2]\n[F1:$0A][FE][F9][FC:$63]さあ……こういう ひとは みたこと\n[F1:$02]ないなあ……。\n[F1:$0A][FE][F9][F5:$11,$03]
944	944	792D	B	B92D	25	controlled	YES		0	2	E94F,DADB	F2,FC,F2	F2 4F E9 FC 63 06 15 3D 3D 20 0B 05 0F 76 7F 00 01 19 4B 2C 3F F2 DB DA FF	[F2:$E94F][FC:$63]さあ……みたことの ない かおだわ。[F2:$DADB]	シュン「[F0:$A1]ちょっと これをみてくれますか？[F0:$A2]\n[F1:$0A][FE][F9][FC:$63]さあ……みたことの ない かおだわ。\n[F1:$0A][FE][F9][F5:$11,$03]
945	945	7946	B	B946	37	plain	YES		0	0			65 63 00 0A 2E 1A 23 76 B3 1A 03 0E 23 00 01 1E 47 32 10 60 54 03 27 78 8F 4B 2F 0E 05 0F 00 07 2F 0E 68 6F FF	シュン「ボス そんなもの みせなくても かのじょは\n[F1:$02]ぼくらが けいじだってこと しってますよ。	シュン「ボス そんなもの みせなくても かのじょは\n[F1:$02]ぼくらが けいじだってこと しってますよ。
946	946	796B	B	B96B	39	controlled	YES		0	2	E94F,DADB	F2,FC,F2	F2 4F E9 FC 63 13 18 00 0A 2A 78 19 12 2B 50 73 19 0C 0E 60 16 0B 1E 36 00 2C 0B 07 1E 47 30 00 7F 2C 6F F2 DB DA FF	[F2:$E94F][FC:$63]へえ それが おふろばに おちて\n[F1:$02]いたの？ わたしのじゃ ないわよ。[F2:$DADB]	シュン「[F0:$A1]ちょっと これをみてくれますか？[F0:$A2]\n[F1:$0A][FE][F9][FC:$63]へえ それが おふろばに おちて\n[F1:$02]いたの？ わたしのじゃ ないわよ。\n[F1:$0A][FE][F9][F5:$11,$03]
947	947	E849	D	A849	28	controlled	YES		0	2	ED82,ED86	F2,F2	F2 82 ED 7B 05 2E 1A 0F 05 2B 1B 60 4B 2A 74 26 53 0F 16 17 1E 6C 01 3F F2 86 ED FF	[F2:$ED82]え？ こんなところに\n[F1:$02]だれを よべというのですか。[F2:$ED86]	シュン「[F0:$A1]え？ こんなところに\n[F1:$02]だれを よべというのですか。[F0:$A2]
948	948	B667	C	B667	13	plain	YES		0	0			65 05 1E 8C 1B 75 9D 75 7F 86 6C 3F FF	シュン「このあたりには でんわは ないようです。	シュン「このあたりには でんわは ないようです。
949	949	7992	B	B992	19	plain	YES		0	0			65 B9 07 00 0E 16 1D 1E 60 AB 93 76 B1 76 1F 18 6C 3F FF	シュン「さっぽろし ていねの\n[F1:$02]まきこさんの アパートの まえです。	シュン「さっぽろし ていねの\n[F1:$02]まきこさんの アパートの まえです。
950	950	79A5	B	B9A5	120	plain	YES		0	0			01 2E 28 1B 2E 3A 15 00 8F 93 3F 60 0C 32 17 4F 00 90 73 9D 00 07 26 17 0F 60 7C 2F 0E 16 0B 00 0F 05 2B 1A 2E 6C 6F 62 01 2E 28 1B 2E 3A 47 0D 75 02 1E 17 1E 45 45 00 AB 93 41 60 01 18 2F 0E 02 0B 2E 6C 41 72 62 01 2E 28 1B 2E 3A 0D 16 06 02 14 4F 60 84 77 15 27 0A 17 86 1A 23 1E 19 0F 78 07 0E 3E 60 26 17 08 74 20 1B 02 0B 27 3E 05 76 07 1F 0D 4E 3F 62 FF	かんりにん「あ けいじさん。\n[F1:$02]ちょうど けいさつに でんわ しようと\n[F1:$02]おもっていた ところなんですよ。\n[F1:$0A][FE][F9]かんりにん「じつは きのうのごご まきこさんが\n[F1:$02]かえってきたんですが……。\n[F1:$0A][FE][F9]かんりにん「ついさきほど\n[F1:$02]なにか あらそうようなものおとが して、\n[F1:$02]ようすを みにきたら、この しまつで。\n[F1:$0A][FE][F9]	かんりにん「あ けいじさん。\n[F1:$02]ちょうど けいさつに でんわ しようと\n[F1:$02]おもっていた ところなんですよ。\n[F1:$0A][FE][F9]かんりにん「じつは きのうのごご まきこさんが\n[F1:$02]かえってきたんですが……。\n[F1:$0A][FE][F9]かんりにん「ついさきほど\n[F1:$02]なにか あらそうようなものおとが して、\n[F1:$02]ようすを みにきたら、この しまつで。\n[F1:$0A][FE][F9]
951	951	7A1D	B	BA1D	46	plain	YES		0	0			01 2E 28 1B 2E 3A 15 3E 8F 93 00 45 03 2B 17 06 1F 6C 3F 60 1F 0B 00 1E 21 27 39 AB 93 76 13 24 2D 60 45 27 2E 73 1A 29 1E 6C 1D 36 62 FF	かんりにん「あ、けいじさん ごくろうさまです。\n[F1:$02]また のむら・まきこさんの へやを\n[F1:$02]ごらんに なるのですね？\n[F1:$0A][FE][F9]	かんりにん「あ、けいじさん ごくろうさまです。\n[F1:$02]また のむら・まきこさんの へやを\n[F1:$02]ごらんに なるのですね？\n[F1:$0A][FE][F9]
952	952	7A4B	B	BA4B	19	plain	YES		0	0			65 07 30 2A 0B 00 01 2E 47 76 1F 15 0B 87 60 B1 6C 3F FF	シュン「しゃれた かんじの まあたらしい\n[F1:$02]アパートです。	シュン「しゃれた かんじの まあたらしい\n[F1:$02]アパートです。
953	953	7A5E	B	BA5E	34	plain	YES		0	0			65 22 1E 1F 18 76 E2 4F 15 1B 75 1E 21 27 00 0F 00 16 17 60 11 32 17 06 0D 78 01 01 2F 0E 16 68 3F FF	シュン「めのまえの ドアには のむら と いう\n[F1:$02]ひょうさつが かかっています。	シュン「めのまえの ドアには のむら と いう\n[F1:$02]ひょうさつが かかっています。
954	954	7A80	B	BA80	23	plain	YES		0	0			65 1E 21 27 39 AB 93 76 13 24 73 1F 0C 41 16 60 1A 06 0A 17 6C 3F FF	シュン「のむら・まきこさんの へやに まちがい\n[F1:$02]なさそうです。	シュン「のむら・まきこさんの へやに まちがい\n[F1:$02]なさそうです。
955	955	7A97	B	BA97	152	plain	YES		0	0			01 2E 28 1B 2E 3A AB 93 75 D1 1D 2E 00 14 4F 00 1F 18 1B 60 0D 17 02 2E 76 0D 45 17 4E 3E 1F 05 1F 7F 76 47 0B 03 01 27 60 05 0C 27 73 11 0F 28 4E 00 11 2F 05 07 0E 00 05 27 2A 1F 07 0E 3F 62 01 2E 28 1B 2E 3A 12 25 50 75 05 1E 06 02 1E 60 0E 16 1D E3 08 02 33 47 32 17 4E 60 E3 08 02 33 76 E8 16 2E 08 0F 27 03 0B 33 76 07 45 0F 3F 62 01 2E 28 1B 2E 3A 1A 0D 50 75 E4 08 59 33 0D 00 26 17 11 2E 0E 2E 1B 60 0D 0F 22 0E 16 29 0F 00 02 16 0E 16 68 41 3F FF	かんりにん「まきこさんは [GLYPH:$D1]ねん ほど まえに\n[F1:$02]つうきんの つごうで、まこまないの じたくから\n[F1:$02]こちらに ひとりで ひっこして こられまして。\n[F1:$0A][FE][F9]かんりにん「ふゆばは このさきの\n[F1:$02]ていねスキーじょうで\n[F1:$02]スキーの インストラクターの しごと。\n[F1:$0A][FE][F9]かんりにん「なつばは スポーツ ようひんてんに\n[F1:$02]つとめていると きいていますが。	かんりにん「まきこさんは [GLYPH:$D1]ねん ほど まえに\n[F1:$02]つうきんの つごうで、まこまないの じたくから\n[F1:$02]こちらに ひとりで ひっこして こられまして。\n[F1:$0A][FE][F9]かんりにん「ふゆばは このさきの\n[F1:$02]ていねスキーじょうで\n[F1:$02]スキーの インストラクターの しごと。\n[F1:$0A][FE][F9]かんりにん「なつばは スポーツ ようひんてんに\n[F1:$02]つとめていると きいていますが。
956	956	7B2F	B	BB2F	57	plain	YES		0	0			01 2E 28 1B 2E 3A 0A 17 16 18 50 00 05 1E 15 16 4B 00 07 50 27 03 60 28 32 05 17 73 4E 01 04 29 0F 00 16 2F 0E 3E 4E 01 04 0E 16 27 16 60 48 2F 0F 00 29 08 76 86 6C 3F FF	かんりにん「そういえば このあいだ しばらく\n[F1:$02]りょこうに でかけると いって、でかけていらい\n[F1:$02]ずっと るすの ようです。	かんりにん「そういえば このあいだ しばらく\n[F1:$02]りょこうに でかけると いって、でかけていらい\n[F1:$02]ずっと るすの ようです。
957	957	7B68	B	BB68	94	plain	YES		0	0			01 2E 28 1B 2E 3A 1E 21 27 39 AB 93 76 16 23 17 0F 93 1E 60 05 0F 6C 70 02 1E 4F 03 73 05 17 0D 17 47 05 4E 60 1A 03 1A 2F 0B 0F 00 02 16 0E 16 68 3F 62 01 2E 28 1B 2E 3A 05 05 13 23 00 0F 02 4F 02 00 15 0A 51 1B 60 16 27 07 0E 69 41 3E 60 15 01 29 16 00 19 47 32 17 93 00 6D 3F FF	かんりにん「のむら・まきこさんの いもうとさんの\n[F1:$02]ことですね。きのどくに こうつうじこで\n[F1:$02]なくなったと きいています。\n[F1:$0A][FE][F9]かんりにん「ここへも ときどき あそびに\n[F1:$02]いらしてましたが、\n[F1:$02]あかるい おじょうさん でした。	かんりにん「のむら・まきこさんの いもうとさんの\n[F1:$02]ことですね。きのどくに こうつうじこで\n[F1:$02]なくなったと きいています。\n[F1:$0A][FE][F9]かんりにん「ここへも ときどき あそびに\n[F1:$02]いらしてましたが、\n[F1:$02]あかるい おじょうさん でした。
958	958	7BC6	B	BBC6	23	plain	YES		0	0			01 2E 28 1B 2E 3A 14 2E 0F 17 73 01 2C 16 0A 17 1A 00 05 0F 6D 3F FF	かんりにん「ほんとうに かわいそうな ことでした。	かんりにん「ほんとうに かわいそうな ことでした。
959	959	7BDD	B	BBDD	212	plain	YES		0	0			01 2E 28 1B 2E 3A AB 93 78 05 05 74 01 28 29 0F 02 60 16 0C 4F 00 15 16 06 0D 73 20 18 69 3F 62 01 2E 28 1B 2E 3A 88 41 2E 05 0A 17 1A 00 94 6C 41 60 21 08 22 1B 75 15 1F 16 00 01 2E 47 6D 70 62 01 2E 28 1B 2E 3A 07 32 03 42 32 17 00 6C 71 00 0B 07 01 60 B9 07 7F 4E 00 16 2E 07 32 03 0E 2E 1B 60 0D 0F 22 0E 00 16 27 2F 07 30 29 0F 01 3F 62 65 0A 76 16 2E 07 32 03 0E 2E 76 1A 1F 18 10 60 7D 28 6A 71 62 01 2E 28 1B 2E 3A 18 33 0F 3E 0B 07 77 E5 05 2B 2E 52 08 00 16 24 60 E9 05 2B 50 1C 06 02 1E 0D 18 72 0C 41 17 1A 15 33 3F 62 65 11 32 2F 0F 07 0E 00 BB 3D 3D 36 62 01 2E 28 1B 2E 3A 15 15 00 0A 17 0A 17 00 0B 07 77 0A 2A 6C 3F FF	かんりにん「まきこさんが ここを かりるとき\n[F1:$02]いちど あいさつに みえました。\n[F1:$0A][FE][F9]かんりにん「ちょっと がんこそうな ひとですが\n[F1:$02]むすめには あまい かんじでしたね。\n[F1:$0A][FE][F9]かんりにん「しょくぎょう ですか？ たしか\n[F1:$02]さっぽろしないで いんしょくてんに\n[F1:$02]つとめて いらっしゃるとか。\n[F1:$0A][FE][F9]シュン「その いんしょくてんの なまえは\n[F1:$02]わかりませんか？\n[F1:$0A][FE][F9]かんりにん「えーと、たしか コロンブス いや\n[F1:$02]コロバヌサキノツエ……。ちがうなあー。\n[F1:$0A][FE][F9]シュン「ひょっとして コロポックリ……？\n[F1:$0A][FE][F9]かんりにん「ああ そうそう たしか それです。	かんりにん「まきこさんが ここを かりるとき\n[F1:$02]いちど あいさつに みえました。\n[F1:$0A][FE][F9]かんりにん「ちょっと がんこそうな ひとですが\n[F1:$02]むすめには あまい かんじでしたね。\n[F1:$0A][FE][F9]かんりにん「しょくぎょう ですか？ たしか\n[F1:$02]さっぽろしないで いんしょくてんに\n[F1:$02]つとめて いらっしゃるとか。\n[F1:$0A][FE][F9]シュン「その いんしょくてんの なまえは\n[F1:$02]わかりませんか？\n[F1:$0A][FE][F9]かんりにん「えーと、たしか コロンブス いや\n[F1:$02]コロバヌサキノツエ……。ちがうなあー。\n[F1:$0A][FE][F9]シュン「ひょっとして コロポックリ……？\n[F1:$0A][FE][F9]かんりにん「ああ そうそう たしか それです。
960	960	7CB1	B	BCB1	30	plain	YES		0	0			01 2E 28 1B 2E 3A 16 0C 4F 07 77 15 2F 0E 7F 79 60 15 1F 28 00 03 2C 07 16 05 0F 10 72 FF	かんりにん「いちどしか あってないので\n[F1:$02]あまり くわしいことは……。	かんりにん「いちどしか あってないので\n[F1:$02]あまり くわしいことは……。
961	961	7CCF	B	BCCF	33	plain	YES		0	0			01 2E 28 1B 2E 3A 06 15 00 0A 17 16 17 00 1A 1F 18 76 94 10 60 05 05 1B 75 08 2E 4E 16 6A 41 3F FF	かんりにん「さあ そういう なまえの ひとは\n[F1:$02]ここには すんでいませんが。	かんりにん「さあ そういう なまえの ひとは\n[F1:$02]ここには すんでいませんが。
962	962	7CF0	B	BCF0	27	plain	YES		0	0			01 2E 28 1B 2E 3A 0A 17 16 17 00 1A 1F 18 76 94 1B 60 05 05 2B 8C 75 7E 6A 70 FF	かんりにん「そういう なまえの ひとに\n[F1:$02]こころあたりは ありませんね。	かんりにん「そういう なまえの ひとに\n[F1:$02]こころあたりは ありませんね。
963	963	7D0B	B	BD0B	43	plain	YES		0	0			01 2E 28 1B 2E 3A 2C 0B 07 76 0F 19 16 07 2E 09 02 73 A5 0F 60 16 17 1E 41 16 68 41 3E 15 1F 28 01 2E 04 16 1A 06 0A 17 6C 70 FF	かんりにん「わたしの とおいしんせきに いいじまと\n[F1:$02]いうのがいますが、あまりかんけいなさそうですね。	かんりにん「わたしの とおいしんせきに いいじまと\n[F1:$02]いうのがいますが、あまりかんけいなさそうですね。
964	964	7D36	B	BD36	20	plain	YES		0	0			65 89 15 24 07 16 00 47 2E 52 0D 7A 60 1A 06 0A 17 6C 3F FF	シュン「とくに あやしい じんぶつでは \n[F1:$02]なさそうです。	シュン「とくに あやしい じんぶつでは \n[F1:$02]なさそうです。
965	965	7D4A	B	BD4A	35	plain	YES		0	0			65 01 42 78 01 01 2F 0E 16 68 3F AB 93 10 60 29 08 1E 86 4E 3E 1A 01 73 94 76 04 10 16 10 60 7E 6A 3F FF	シュン「かぎが かかっています。まきこさんは\n[F1:$02]るすのようで、なかに ひとの けはいは\n[F1:$02]ありません。	シュン「かぎが かかっています。まきこさんは\n[F1:$02]るすのようで、なかに ひとの けはいは\n[F1:$02]ありません。
966	966	7D6D	B	BD6D	104	plain	YES		0	0			01 2E 28 1B 2E 3A 15 1E 17 00 1A 2E 6D 27 00 E6 1F 08 0B 33 02 33 2D 60 19 01 07 07 6B 01 3F 62 65 15 00 4F 17 23 3D 3D 47 30 00 88 60 19 01 28 07 68 3F 62 65 0A 2A 01 27 00 2C 2A 2C 2A 41 05 05 1B 02 0B 05 0F 3E 60 AB 93 1B 10 11 20 0D 73 07 0E 19 16 0E 00 03 4B 06 16 3F 62 01 2E 28 1B 2E 3A 7D 28 69 3F 62 FF	かんりにん「あのう なんでしたら マスターキーを\n[F1:$02]おかししましょうか。\n[F1:$0A][FE][F9]シュン「あ どうも……じゃ ちょっと \n[F1:$02]おかりします。\n[F1:$0A][FE][F9]シュン「それから われわれがここにきたこと、\n[F1:$02]まきこさんにはひみつに しておいて ください。\n[F1:$0A][FE][F9]かんりにん「わかりました。\n[F1:$0A][FE][F9]	かんりにん「あのう なんでしたら マスターキーを\n[F1:$02]おかししましょうか。\n[F1:$0A][FE][F9]シュン「あ どうも……じゃ ちょっと \n[F1:$02]おかりします。\n[F1:$0A][FE][F9]シュン「それから われわれがここにきたこと、\n[F1:$02]まきこさんにはひみつに しておいて ください。\n[F1:$0A][FE][F9]かんりにん「わかりました。\n[F1:$0A][FE][F9]
967	967	7DD5	B	BDD5	35	controlled	YES		0	2	E94F,DADB	F2,F2	F2 4F E9 01 2E 28 1B 2E 3A 20 0B 05 0F 15 29 86 1A 00 02 23 07 68 41 60 4B 2A 4B 2F 0B 01 1A F2 DB DA FF	[F2:$E94F]かんりにん「みたことあるような きもしますが\n[F1:$02]だれだったかな[F2:$DADB]	シュン「[F0:$A1]ちょっと これをみてくれますか？[F0:$A2]\n[F1:$0A][FE][F9]かんりにん「みたことあるような きもしますが\n[F1:$02]だれだったかな\n[F1:$0A][FE][F9][F5:$11,$03]
968	968	7DF8	B	BDF8	31	controlled	YES		0	2	E94F,DADB	F2,F2	F2 4F E9 01 2E 28 1B 2E 3A 06 15 00 05 1E 13 2E 7A 60 20 01 04 7F 00 01 19 6C 70 F2 DB DA FF	[F2:$E94F]かんりにん「さあ このへんでは \n[F1:$02]みかけない かおですね。[F2:$DADB]	シュン「[F0:$A1]ちょっと これをみてくれますか？[F0:$A2]\n[F1:$0A][FE][F9]かんりにん「さあ このへんでは \n[F1:$02]みかけない かおですね。\n[F1:$0A][FE][F9][F5:$11,$03]
969	969	7E17	B	BE17	25	controlled	YES		0	2	E94F,DADB	F2,F2	F2 4F E9 01 2E 28 1B 2E 3A 06 15 3D 3D 4B 2A 6C 01 3F 0A 2A 36 F2 DB DA FF	[F2:$E94F]かんりにん「さあ……だれですか。それ？[F2:$DADB]	シュン「[F0:$A1]ちょっと これをみてくれますか？[F0:$A2]\n[F1:$0A][FE][F9]かんりにん「さあ……だれですか。それ？\n[F1:$0A][FE][F9][F5:$11,$03]
970	970	7E30	B	BE30	106	controlled	YES		0	1	E94F	F2	F2 4F E9 01 2E 28 1B 2E 3A 18 2F 00 8F 93 1A 2E 6C 01 3F 60 16 24 15 00 19 4F 2B 16 0B 1A 15 3F 62 01 2E 28 1B 2E 3A 15 76 1F 47 22 0A 17 1A AB 93 41 60 90 76 45 24 2F 01 16 1B 60 1A 29 86 1A 00 05 0F 74 07 4E 01 08 0F 10 3F 62 65 16 18 00 0A 17 16 17 2C 04 7A 7F 1E 6C 3F 62 01 2E 28 1B 2E 3A 14 2E 0F 6C 01 15 36 FF	[F2:$E94F]かんりにん「えっ けいじさんなんですか。\n[F1:$02]いやあ おどろいたなあ。\n[F1:$0A][FE][F9]かんりにん「あの まじめそうなまきこさんが\n[F1:$02]けいさつの ごやっかいに\n[F1:$02]なるような ことを しでかすとは。\n[F1:$0A][FE][F9]シュン「いえ そういうわけでは ないのです。\n[F1:$0A][FE][F9]かんりにん「ほんとですかあ？	シュン「[F0:$A1]ちょっと これをみてくれますか？[F0:$A2]\n[F1:$0A][FE][F9]かんりにん「えっ けいじさんなんですか。\n[F1:$02]いやあ おどろいたなあ。\n[F1:$0A][FE][F9]かんりにん「あの まじめそうなまきこさんが\n[F1:$02]けいさつの ごやっかいに\n[F1:$02]なるような ことを しでかすとは。\n[F1:$0A][FE][F9]シュン「いえ そういうわけでは ないのです。\n[F1:$0A][FE][F9]かんりにん「ほんとですかあ？
971	971	7E9A	B	BE9A	32	plain	YES		0	0			65 63 3F 1A 2E 4F 23 00 90 A2 2D 60 B3 51 27 01 07 0E 3E 4F 17 07 86 0F 60 16 17 1E 6C 01 3F FF	シュン「ボス。なんども けいさつてちょうを\n[F1:$02]みせびらかして、どうしようと\n[F1:$02]いうのですか。	シュン「ボス。なんども けいさつてちょうを\n[F1:$02]みせびらかして、どうしようと\n[F1:$02]いうのですか。
972	972	B674	C	B674	1	plain	YES		0	0			FF		
973	973	7EBA	B	BEBA	19	plain	YES		0	0			65 7A B1 76 01 2E 28 1B 2E 2D 60 26 2E 4E 02 68 3F 62 FF	シュン「では アパートの かんりにんを\n[F1:$02]よんできます。\n[F1:$0A][FE][F9]	シュン「では アパートの かんりにんを\n[F1:$02]よんできます。\n[F1:$0A][FE][F9]
974	974	7ECD	B	BECD	15	controlled	YES		0	0		F0	F0 81 01 2E 28 1B 2E 3A 84 77 45 86 6C 71 FF	[F0:$81]かんりにん「なにか ごようですか？	[F0:$81]かんりにん「なにか ごようですか？
975	975	B675	C	B675	13	plain	YES		0	0			65 05 1E 8C 73 9D 75 7F 86 6C 41 3F FF	シュン「このあたりに でんわは ないようですが。	シュン「このあたりに でんわは ないようですが。
976	976	7EDC	B	BEDC	44	plain	YES		0	0			65 08 16 6A 3F 01 2E 28 1B 2E 07 0D 76 9D 2D 60 01 07 0E 00 16 0B 4B 04 68 71 62 01 2E 28 1B 2E 3A 16 16 6C 26 00 4F 17 4A 3F 62 FF	シュン「すいません。かんりにんしつの でんわを\n[F1:$02]かして いただけますか？\n[F1:$0A][FE][F9]かんりにん「いいですよ どうぞ。\n[F1:$0A][FE][F9]	シュン「すいません。かんりにんしつの でんわを\n[F1:$02]かして いただけますか？\n[F1:$0A][FE][F9]かんりにん「いいですよ どうぞ。\n[F1:$0A][FE][F9]
977	977	7F08	B	BF08	13	controlled	YES		0	1	DADB	F2	65 7A 0A 0F 13 00 4E 6B 3F F2 DB DA FF	シュン「では そとへ でましょう。[F2:$DADB]	シュン「では そとへ でましょう。\n[F1:$0A][FE][F9][F5:$11,$03]
978	978	7F15	B	BF15	78	plain	YES		0	0			65 16 01 1B 23 00 AB 93 73 12 06 2C 07 16 60 02 0C 2E 0F 00 09 16 0F 2E 06 2A 0B 00 13 24 6C 3F 62 65 05 05 73 15 76 AB 93 78 12 4B 2E 60 1D 19 02 07 0E 16 29 1E 4B 0F 00 7C 17 0F 60 1A 2E 4B 77 E4 05 33 12 2E 07 0E 00 02 68 1D 72 FF	シュン「いかにも まきこさんに ふさわしい\n[F1:$02]きちんと せいとんされた へやです。\n[F1:$0A][FE][F9]シュン「ここに あの まきこさんが ふだん\n[F1:$02]ねおきしているのだと おもうと\n[F1:$02]なんだか コーフンして きますね……。	シュン「いかにも まきこさんに ふさわしい\n[F1:$02]きちんと せいとんされた へやです。\n[F1:$0A][FE][F9]シュン「ここに あの まきこさんが ふだん\n[F1:$02]ねおきしているのだと おもうと\n[F1:$02]なんだか コーフンして きますね……。
979	979	7F63	B	BF63	12	plain	YES		0	0			65 89 8A 0F 05 2B 75 7E 6A 41 3F FF	シュン「とくに かわったところは ありませんが。	シュン「とくに かわったところは ありませんが。
980	980	7F6F	B	BF6F	35	plain	YES		0	0			65 52 2E 44 16 07 32 24 00 E3 08 02 33 01 2E 04 16 76 14 2E 3E 60 E4 15 29 50 21 00 1A 4F 78 7E 68 3F FF	シュン「ぶんげいしょや スキーかんけいの ほん、\n[F1:$02]アルバム などが あります。	シュン「ぶんげいしょや スキーかんけいの ほん、\n[F1:$02]アルバム などが あります。
981	981	7F92	B	BF92	15	controlled	YES		0	1	7FA1	F2	65 AB 93 76 F2 A1 7F 78 1E 2F 0E 16 68 3F FF	シュン「まきこさんの [F2:$7FA1]が のっています。	シュン「まきこさんの ネグリジユが のっています。
982	982	7FA8	B	BFA8	16	plain	YES		0	0			65 AB 93 76 16 29 16 78 10 16 2F 0E 16 68 3F FF	シュン「まきこさんの いるいが はいっています。	シュン「まきこさんの いるいが はいっています。
983	983	8000	C	8000	34	controlled	YES		0	1	EB01	F2	65 18 3E 23 2F 0F 00 05 1F 01 03 00 07 27 53 29 2E 6C 71 60 7D 28 69 26 00 07 27 53 68 72 F2 01 EB FF	シュン「え、もっと こまかく しらべるんですか？\n[F1:$02]わかりましたよ しらべます……。[F2:$EB01]	シュン「え、もっと こまかく しらべるんですか？\n[F1:$02]わかりましたよ しらべます……。\n[F1:$0A][FE][F9]シュン「えーと、いちばん うえの ひきだし には\n[F1:$02]ハンカチとか くつしたが はいっています。\n[F1:$0A][FE][F9]シュン「そのしたの ひきだしには……ブラウスとか\n[F1:$02]セーターなんかが はいっています。\n[F1:$0A][FE][F9]シュン「そのしたの ひきだしには パンテ……いや、\n[F1:$02]えーと、したぎるい が はいっています。\n[F1:$0A][FE][F9]シュン「そのしたの ひきだしには……ブラ……\n[F1:$02]いやその、やっぱりしたぎが はいっています。\n[F1:$0A][FE][F9]シュン「けっきょく とくに あやしい ものは\n[F1:$02]はいっていませんでした。
984	984	8022	C	8022	28	controlled	YES		0	1	EB01	F2	65 18 3F 1F 0B 00 07 27 53 29 2E 6C 71 60 7D 28 69 26 00 07 27 53 68 72 F2 01 EB FF	シュン「え。また しらべるんですか？\n[F1:$02]わかりましたよ しらべます……。[F2:$EB01]	シュン「え。また しらべるんですか？\n[F1:$02]わかりましたよ しらべます……。\n[F1:$0A][FE][F9]シュン「えーと、いちばん うえの ひきだし には\n[F1:$02]ハンカチとか くつしたが はいっています。\n[F1:$0A][FE][F9]シュン「そのしたの ひきだしには……ブラウスとか\n[F1:$02]セーターなんかが はいっています。\n[F1:$0A][FE][F9]シュン「そのしたの ひきだしには パンテ……いや、\n[F1:$02]えーと、したぎるい が はいっています。\n[F1:$0A][FE][F9]シュン「そのしたの ひきだしには……ブラ……\n[F1:$02]いやその、やっぱりしたぎが はいっています。\n[F1:$0A][FE][F9]シュン「けっきょく とくに あやしい ものは\n[F1:$02]はいっていませんでした。
985	985	DBD6	D	9BD6	53	plain	YES		0	0			65 11 02 4B 07 2D 15 04 29 2E 6C 71 60 84 77 02 41 0F 41 22 29 1A 15 72 62 65 19 24 00 05 2A 74 1A 2E 4B 2B 17 3F 60 63 3F 0E 41 20 78 10 16 2F 0E 16 69 3F FF	シュン「ひきだしをあけるんですか？\n[F1:$02]なにか きがとがめるなあ……。\n[F1:$0A][FE][F9]シュン「おや これを なんだろう。\n[F1:$02]ボス。てがみが はいっていました。	シュン「ひきだしをあけるんですか？\n[F1:$02]なにか きがとがめるなあ……。\n[F1:$0A][FE][F9]シュン「おや これを なんだろう。\n[F1:$02]ボス。てがみが はいっていました。
986	986	803E	C	803E	30	plain	YES		0	0			65 63 3F 01 2E 53 2E 07 0E 03 4B 06 16 3F 60 54 03 10 80 00 10 1A 4C 78 4E 0A 17 6C 3F FF	シュン「ボス。かんべんしてください。\n[F1:$02]ぼくはもう はなぢが でそうです。	シュン「ボス。かんべんしてください。\n[F1:$02]ぼくはもう はなぢが でそうです。
987	987	805C	C	805C	24	plain	YES		0	0			65 63 3F 10 2F 02 28 16 2F 0E 00 15 1A 0B 10 60 13 2E 0B 16 00 6C 70 FF	シュン「ボス。はっきりいって あなたは\n[F1:$02]へんたい ですね。	シュン「ボス。はっきりいって あなたは\n[F1:$02]へんたい ですね。
988	988	8074	C	8074	83	plain	YES		0	0			65 E8 16 2E 08 0F 27 03 0B 33 74 07 0E 16 29 00 0F 16 17 60 4B 04 15 2F 0E 3E 01 1A 28 00 05 17 02 31 17 0A 17 1A 60 E6 08 02 33 09 2F 0F 6C 3F 62 65 49 11 3E 16 0C 4F 00 0E 0F 28 15 07 0F 28 60 E3 05 33 0C 07 0E 00 23 27 16 0B 16 00 23 1E 6C 3F FF	シュン「インストラクターを している という\n[F1:$02]だけあって、かなり こうきゅうそうな\n[F1:$02]スキーセットです。\n[F1:$0A][FE][F9]シュン「ぜひ、いちど てとりあしとり\n[F1:$02]コーチして もらいたい ものです。	シュン「インストラクターを している という\n[F1:$02]だけあって、かなり こうきゅうそうな\n[F1:$02]スキーセットです。\n[F1:$0A][FE][F9]シュン「ぜひ、いちど てとりあしとり\n[F1:$02]コーチして もらいたい ものです。
989	989	80C7	C	80C7	276	plain	YES		0	0			65 63 3F 1A 2E 0F 00 0E 41 20 76 19 03 28 1C 07 10 60 A9 39 02 08 04 00 0F 00 1A 2F 0E 16 68 3F 62 65 2A 16 76 A2 73 01 16 0E 15 2F 0B 60 1A 1F 18 6C 3F 62 65 15 15 00 1A 2E 0E 05 0F 4B 3F 60 24 10 28 00 AB 93 75 84 01 76 01 0B 0C 4E 60 47 04 2E 73 01 01 2C 2F 0E 00 16 29 87 72 62 65 0E 41 20 76 7F 86 74 26 20 68 3F 60 A8 78 07 73 A5 23 00 07 2E 4B 3F 60 2C 07 75 05 2A 4E 00 26 01 2F 0B 2E 24 0F 00 7C 2F 0F 29 3F 62 65 1A 41 16 15 16 4B 00 15 2E 0B 41 0B 00 19 24 05 73 60 16 0C 4F 15 2F 0E 00 11 0F 05 0F 00 2C 51 74 16 16 0B 16 0F 60 7C 2F 0E 16 0B 3F 62 65 19 24 47 93 73 26 2B 07 03 3F 60 3D 3D 0F 00 01 16 0E 7E 68 3F 62 65 47 31 17 07 32 75 01 16 0E 00 7E 6A 41 60 04 07 16 2E 75 C0 00 25 17 51 2E 02 32 03 00 0F 60 1A 2F 0E 68 3F 62 65 63 3F 4F 17 24 27 00 A9 39 02 08 04 00 10 60 C0 73 08 2E 4E 16 29 00 86 6C 3F FF	シュン「ボス。なんと てがみの おくりぬしは\n[F1:$02]おくむら・きすけ と なっています。\n[F1:$0A][FE][F9]シュン「れいの てちょうに かいてあった\n[F1:$02]なまえです。\n[F1:$0A][FE][F9]シュン「ああ なんてことだ。\n[F1:$02]やはり まきこさんは なにかの かたちで\n[F1:$02]じけんに かかわって いるらしい……。\n[F1:$0A][FE][F9]シュン「てがみの ないようを よみます。\n[F1:$02]しらきが しに いいじまも しんだ。\n[F1:$02]わしは これで よかったんやと おもっとる。\n[F1:$0A][FE][F9]シュン「ながいあいだ あんたがた おやこに \n[F1:$02]いちどあって ひとこと わびを いいたいと\n[F1:$02]おもっていた。\n[F1:$0A][FE][F9]シュン「おやじさんに よろしく。\n[F1:$02]……と かいてあります。\n[F1:$0A][FE][F9]シュン「じゅうしょは かいて ありませんが\n[F1:$02]けしいんは もんべつ ゆうびんきょく と\n[F1:$02]なってます。\n[F1:$0A][FE][F9]シュン「ボス。どうやら おくむら・きすけ は\n[F1:$02]もんべつに すんでいる ようです。	シュン「ボス。なんと てがみの おくりぬしは\n[F1:$02]おくむら・きすけ と なっています。\n[F1:$0A][FE][F9]シュン「れいの てちょうに かいてあった\n[F1:$02]なまえです。\n[F1:$0A][FE][F9]シュン「ああ なんてことだ。\n[F1:$02]やはり まきこさんは なにかの かたちで\n[F1:$02]じけんに かかわって いるらしい……。\n[F1:$0A][FE][F9]シュン「てがみの ないようを よみます。\n[F1:$02]しらきが しに いいじまも しんだ。\n[F1:$02]わしは これで よかったんやと おもっとる。\n[F1:$0A][FE][F9]シュン「ながいあいだ あんたがた おやこに \n[F1:$02]いちどあって ひとこと わびを いいたいと\n[F1:$02]おもっていた。\n[F1:$0A][FE][F9]シュン「おやじさんに よろしく。\n[F1:$02]……と かいてあります。\n[F1:$0A][FE][F9]シュン「じゅうしょは かいて ありませんが\n[F1:$02]けしいんは もんべつ ゆうびんきょく と\n[F1:$02]なってます。\n[F1:$0A][FE][F9]シュン「ボス。どうやら おくむら・きすけ は\n[F1:$02]もんべつに すんでいる ようです。
990	990	81DB	C	81DB	12	plain	YES		0	0			65 9A 75 80 23 2F 0E 16 68 41 72 FF	シュン「さいふは もうもっていますが……。	シュン「さいふは もうもっていますが……。
991	991	E18E	D	A18E	35	controlled	YES		0	2	ED89,ED8F	F2,F2	F2 89 ED 18 36 00 17 0C 1E 94 0F 00 0A 2F 03 28 1A 94 36 60 16 18 00 0A 1E 05 75 94 28 6D 6F F2 8F ED FF	[F2:$ED89]え？ うちのひとと そっくりなひと？\n[F1:$02]いえ そのこは ひとりでしたよ。[F2:$ED8F]	[FC:$4E][F0:$00,$89]え？ うちのひとと そっくりなひと？\n[F1:$02]いえ そのこは ひとりでしたよ。[F0:$08,$81]
992	992	81E7	C	81E7	41	plain	YES		0	0			65 24 10 28 00 0E 41 20 76 19 03 28 1C 07 10 60 A9 39 02 08 04 00 4E 00 04 07 16 2E 10 60 C0 00 0F 00 1A 2F 0E 16 68 3F FF	シュン「やはり てがみの おくりぬしは\n[F1:$02]おくむら・きすけ で けしいんは\n[F1:$02]もんべつ と なっています。	シュン「やはり てがみの おくりぬしは\n[F1:$02]おくむら・きすけ で けしいんは\n[F1:$02]もんべつ と なっています。
993	993	8210	C	8210	21	plain	YES		0	0			65 7C 73 01 16 41 16 39 52 2E 41 03 78 19 19 16 60 86 6C 3F FF	シュン「おもに かいがい・ぶんがくが おおい\n[F1:$02]ようです。	シュン「おもに かいがい・ぶんがくが おおい\n[F1:$02]ようです。
994	994	8225	C	8225	19	plain	YES		0	0			65 E3 08 02 33 76 08 53 28 01 0B 78 01 16 0E 7E 68 3F FF	シュン「スキーの すべりかたが かいてあります。	シュン「スキーの すべりかたが かいてあります。
995	995	8238	C	8238	30	plain	YES		0	0			65 AB 93 00 24 00 16 23 17 0F 76 AE 93 1E 60 99 78 16 2B 16 2B 00 10 2F 0E 7E 68 3F 62 FF	シュン「まきこさん や いもうとの ゆかりさんの\n[F1:$02]しゃしんが いろいろ はってあります。\n[F1:$0A][FE][F9]	シュン「まきこさん や いもうとの ゆかりさんの\n[F1:$02]しゃしんが いろいろ はってあります。\n[F1:$0A][FE][F9]
996	996	DC0B	D	9C0B	118	controlled	YES		0	2	9E15,DADB	F2,F2	F2 15 9E 62 19 50 93 3A 0A 17 16 18 50 00 05 1E 15 16 4B 60 1D 2E 55 16 1E 01 0B 78 1B 2E 42 32 17 2D 01 16 1B 60 05 27 2A 0B 2E 6C 04 4F 1D 3F 62 19 50 93 3A 05 76 1A 16 0E 16 29 1B 2E 42 32 17 2D 20 0B 27 60 1F 2F 06 19 1A 01 19 73 1A 2F 0C 30 2F 0E 3F 62 19 50 93 3A 18 18 3E 0A 1E 94 10 60 05 1E 1B 2E 42 32 17 74 01 2F 0E 16 01 2A 69 6F F2 DB DA FF	[F2:$9E15]\n[F1:$0A][FE][F9]おばさん「そういえば このあいだ\n[F1:$02]ねんぱいのかたが にんぎょうをかいに\n[F1:$02]こられたんですけどね。\n[F1:$0A][FE][F9]おばさん「この ないているにんぎょうをみたら\n[F1:$02]まっさおなかおに なっちゃって。\n[F1:$0A][FE][F9]おばさん「ええ、そのひとは\n[F1:$02]このにんぎょうを かっていかれましたよ。[F2:$DADB]	シュン「[F0:$A1]ちょっと これをみてくれますか？[F0:$A2]\n[F1:$0A][FE][F9]おばさん「たしかにそれは うちでうったものです。\n[F1:$02]ないているように みえるでしょう？\n[F1:$0A][FE][F9]おばさん「どういうわけか ひとごろしの きじが\n[F1:$02]しんぶんに のった つぎのひ きまって\n[F1:$02]それが まじるんですよ。\n[F1:$0A][FE][F9]おばさん「そういえば このあいだ\n[F1:$02]ねんぱいのかたが にんぎょうをかいに\n[F1:$02]こられたんですけどね。\n[F1:$0A][FE][F9]おばさん「この ないているにんぎょうをみたら\n[F1:$02]まっさおなかおに なっちゃって。\n[F1:$0A][FE][F9]おばさん「ええ、そのひとは\n[F1:$02]このにんぎょうを かっていかれましたよ。\n[F1:$0A][FE][F9][F5:$11,$03]
997	997	DC81	D	9C81	13	controlled	YES		0	2	EC1E,DADB	F2,F2	01 2E 28 1B 2E 3A F2 1E EC F2 DB DA FF	かんりにん「[F2:$EC1E][F2:$DADB]	かんりにん「なんですか それ？\n[F1:$0A][FE][F9][F5:$11,$03]
998	998	8277	C	8277	60	controlled	YES		0	1	DADB	F2	65 AB 93 0F 00 25 01 28 93 1E 60 99 6C 3F 62 65 16 23 17 0F 76 25 01 28 93 10 3E 60 AB 93 0F 00 E3 0B 16 57 10 0C 41 16 68 41 60 1A 01 1A 01 51 47 2E 4B 2F 0B 85 6C 70 F2 DB DA FF	シュン「まきこさんと ゆかりさんの\n[F1:$02]しゃしんです。\n[F1:$0A][FE][F9]シュン「いもうとの ゆかりさんは、\n[F1:$02]まきこさんと タイプはちがいますが\n[F1:$02]なかなかびじんだったみたいですね。[F2:$DADB]	シュン「まきこさんと ゆかりさんの\n[F1:$02]しゃしんです。\n[F1:$0A][FE][F9]シュン「いもうとの ゆかりさんは、\n[F1:$02]まきこさんと タイプはちがいますが\n[F1:$02]なかなかびじんだったみたいですね。\n[F1:$0A][FE][F9][F5:$11,$03]
999	999	82B3	C	82B3	37	plain	YES		0	0			65 11 0F 0F 19 28 00 99 74 07 27 53 69 41 60 89 0E 41 01 28 73 1A 29 86 1A 00 23 1E 10 60 1A 06 0A 17 6C 3F FF	シュン「ひととおり しゃしんを しらべましたが\n[F1:$02]とくに てがかりに なるような ものは\n[F1:$02]なさそうです。	シュン「ひととおり しゃしんを しらべましたが\n[F1:$02]とくに てがかりに なるような ものは\n[F1:$02]なさそうです。
1000	1000	82D8	C	82D8	69	plain	YES		0	0			65 07 0D 7F 76 23 1E 75 23 0C 06 27 7F 00 14 17 41 60 16 16 0F 00 7C 16 68 3F 62 65 54 03 0B 0C 78 13 24 73 10 16 2F 0B 05 0F 10 3E 60 16 1F 76 4B 2E 01 16 7A AB 93 1B 60 07 27 2A 0B 03 00 7E 6A 01 27 70 FF	シュン「しつないの ものは もちさらない ほうが\n[F1:$02]いいと おもいます。\n[F1:$0A][FE][F9]シュン「ぼくたちが へやに はいったことは、\n[F1:$02]いまの だんかいでは まきこさんに\n[F1:$02]しられたく ありませんからね。	シュン「しつないの ものは もちさらない ほうが\n[F1:$02]いいと おもいます。\n[F1:$0A][FE][F9]シュン「ぼくたちが へやに はいったことは、\n[F1:$02]いまの だんかいでは まきこさんに\n[F1:$02]しられたく ありませんからね。
1001	1001	831D	C	831D	17	controlled	YES		0	1	7FA1	F2	65 E3 56 2E 03 76 01 2C 16 87 00 F2 A1 7F 6C 3F FF	シュン「ピンクの かわいらしい [F2:$7FA1]です。	シュン「ピンクの かわいらしい ネグリジユです。
1002	1002	8359	C	8359	39	plain	YES		0	0			65 81 00 E2 4F 15 76 0A 0F 73 16 29 86 6C 3F 60 54 03 27 78 0A 0F 73 4E 0B 00 14 17 78 10 24 16 0F 60 7C 16 68 6F FF	シュン「まだ ドアの そとに いるようです。\n[F1:$02]ぼくらが そとに でた ほうが はやいと\n[F1:$02]おもいますよ。	シュン「まだ ドアの そとに いるようです。\n[F1:$02]ぼくらが そとに でた ほうが はやいと\n[F1:$02]おもいますよ。
1003	1003	8380	C	8380	11	plain	YES		0	0			65 07 0D 7F 73 10 16 28 69 3F FF	シュン「しつないに はいりました。	シュン「しつないに はいりました。
1004	1004	838B	C	838B	61	plain	YES		0	0			65 24 20 03 23 73 15 0C 05 0C 00 17 45 02 1F 2C 2F 0E 23 60 16 20 78 7E 6A 3F AB 93 76 16 1E 0C 41 60 01 01 2F 0E 29 2E 6C 3F 62 65 63 3F 80 08 05 07 19 0C 0D 16 0E 03 4B 06 16 3F FF	シュン「やみくもに あちこち うごきまわっても\n[F1:$02]いみが ありません。まきこさんの いのちが\n[F1:$02]かかってるんです。\n[F1:$0A][FE][F9]シュン「ボス。もうすこしおちついてください。	シュン「やみくもに あちこち うごきまわっても\n[F1:$02]いみが ありません。まきこさんの いのちが\n[F1:$02]かかってるんです。\n[F1:$0A][FE][F9]シュン「ボス。もうすこしおちついてください。
1005	1005	83C8	C	83C8	100	plain	YES		0	0			65 24 20 03 23 73 17 45 02 1F 2C 2F 0E 23 60 16 20 78 7E 6A 3F 16 1F 75 16 2F 05 03 2D 60 15 27 0A 17 1E 6C 3F 62 65 0C 32 03 09 0D 00 16 03 26 28 3E 60 9D 74 01 04 0E 20 0B 14 17 41 60 16 16 79 75 7F 6E 01 3F 62 65 BB 76 9D 50 2E 45 17 10 60 0B 07 77 D0 D1 D1 33 D2 D2 D2 33 D9 D6 D6 D9 6D 26 70 FF	シュン「やみくもに うごきまわっても\n[F1:$02]いみが ありません。いまは いっこくを\n[F1:$02]あらそうのです。\n[F1:$0A][FE][F9]シュン「ちょくせつ いくより、\n[F1:$02]でんわを かけてみたほうが\n[F1:$02]いいのでは ないでしょうか。\n[F1:$0A][FE][F9]シュン「コロポックリの でんわばんごうは\n[F1:$02]たしか [GLYPH:$D0][GLYPH:$D1][GLYPH:$D1]ー[GLYPH:$D2][GLYPH:$D2][GLYPH:$D2]ー[GLYPH:$D9][GLYPH:$D6][GLYPH:$D6][GLYPH:$D9]でしたよね。	シュン「やみくもに うごきまわっても\n[F1:$02]いみが ありません。いまは いっこくを\n[F1:$02]あらそうのです。\n[F1:$0A][FE][F9]シュン「ちょくせつ いくより、\n[F1:$02]でんわを かけてみたほうが\n[F1:$02]いいのでは ないでしょうか。\n[F1:$0A][FE][F9]シュン「コロポックリの でんわばんごうは\n[F1:$02]たしか [GLYPH:$D0][GLYPH:$D1][GLYPH:$D1]ー[GLYPH:$D2][GLYPH:$D2][GLYPH:$D2]ー[GLYPH:$D9][GLYPH:$D6][GLYPH:$D6][GLYPH:$D9]でしたよね。
1006	1006	842C	C	842C	49	plain	YES		0	0			65 07 0D 7F 75 84 23 1E 01 73 08 2F 01 28 60 15 27 06 2A 00 22 0C 30 03 0C 30 73 1A 2F 0E 16 68 3F 60 AB 93 76 20 1E 17 18 78 07 2E 55 16 6C 3F FF	シュン「しつないは なにものかに すっかり\n[F1:$02]あらされ めちゃくちゃに なっています。\n[F1:$02]まきこさんの みのうえが しんぱいです。	シュン「しつないは なにものかに すっかり\n[F1:$02]あらされ めちゃくちゃに なっています。\n[F1:$02]まきこさんの みのうえが しんぱいです。
1007	1007	845D	C	845D	38	controlled	YES		0	1	E88D	F2	65 1F 2F 0B 03 00 11 4F 16 00 15 27 06 2A 86 6C 3F 60 14 2E 0F 17 73 F2 8D E8 4B 2A 41 60 05 2E 1A 05 0F 2D 72 FF	シュン「まったく ひどい あらされようです。\n[F1:$02]ほんとうに [F2:$E88D]だれが\n[F1:$02]こんなことを……。	シュン「まったく ひどい あらされようです。\n[F1:$02]ほんとうに いったい だれが\n[F1:$02]こんなことを……。
1008	1008	8483	C	8483	60	plain	YES		0	0			65 07 0D 7F 75 84 23 1E 01 73 08 2F 01 28 60 15 27 06 2A 3E 22 0C 30 03 0C 30 73 1A 2F 0E 16 68 3F 62 65 AB 93 78 0D 2A 4B 06 2A 0B 0F 02 1E 05 0F 41 60 0A 17 4A 17 4E 02 68 3F FF	シュン「しつないは なにものかに すっかり\n[F1:$02]あらされ、めちゃくちゃに なっています。\n[F1:$0A][FE][F9]シュン「まきこさんが つれだされたときのことが\n[F1:$02]そうぞうできます。	シュン「しつないは なにものかに すっかり\n[F1:$02]あらされ、めちゃくちゃに なっています。\n[F1:$0A][FE][F9]シュン「まきこさんが つれだされたときのことが\n[F1:$02]そうぞうできます。
1009	1009	84BF	C	84BF	146	plain	YES		0	0			01 2E 28 1B 2E 3A AB 93 10 3E B4 01 27 00 02 0B 60 0F 23 4B 0C 0F 16 2F 07 32 73 BC 13 16 2F 0B 15 0F 3E 62 01 2E 28 1B 2E 3A 0A 1E 1F 1F 00 19 0F 17 93 0F 00 19 0C 15 2F 0E 60 1A 03 1A 2F 0B 00 16 23 17 0F 93 76 19 05 0D 2D 19 06 22 1B 60 05 02 32 17 76 C0 13 00 16 2F 0E 16 0B 00 0A 17 6C 3F 62 65 C0 13 36 62 65 7A 15 1E 0F 02 00 AB 93 41 60 94 28 4E 00 BC 73 16 0B 1E 10 60 19 0F 17 93 0F 00 19 0C 15 17 0B 22 4B 2F 0B 1E 01 2F 35 FF	かんりにん「まきこさんは、とうきょうから きた\n[F1:$02]ともだちといっしょに ましゅうこへいったあと、\n[F1:$0A][FE][F9]かんりにん「そのまま おとうさんと おちあって\n[F1:$02]なくなった いもうとさんの おこつをおさめに\n[F1:$02]こきょうの もんべつへ いっていた そうです。\n[F1:$0A][FE][F9]シュン「もんべつへ？\n[F1:$0A][FE][F9]シュン「では あのとき まきこさんが\n[F1:$02]ひとりで ましゅうこに いたのは\n[F1:$02]おとうさんと おちあうためだったのかっ！	かんりにん「まきこさんは、とうきょうから きた\n[F1:$02]ともだちといっしょに ましゅうこへいったあと、\n[F1:$0A][FE][F9]かんりにん「そのまま おとうさんと おちあって\n[F1:$02]なくなった いもうとさんの おこつをおさめに\n[F1:$02]こきょうの もんべつへ いっていた そうです。\n[F1:$0A][FE][F9]シュン「もんべつへ？\n[F1:$0A][FE][F9]シュン「では あのとき まきこさんが\n[F1:$02]ひとりで ましゅうこに いたのは\n[F1:$02]おとうさんと おちあうためだったのかっ！
1010	1010	8551	C	8551	54	plain	YES		0	0			01 2E 28 1B 2E 3A 18 18 3F 4E 00 11 06 07 52 28 73 01 18 2F 0E 02 0B 0F 60 7C 2F 0B 27 00 05 76 06 2C 42 3F 60 1F 2F 0B 03 00 4F 17 1A 2F 0E 16 29 1E 24 27 3F FF	かんりにん「ええ。で ひさしぶりに かえってきたと\n[F1:$02]おもったら この さわぎ。\n[F1:$02]まったく どうなっているのやら。	かんりにん「ええ。で ひさしぶりに かえってきたと\n[F1:$02]おもったら この さわぎ。\n[F1:$02]まったく どうなっているのやら。
1011	1011	8587	C	8587	194	plain	YES		0	0			01 2E 28 1B 2E 3A 0A 17 16 18 50 00 C0 00 01 27 00 23 4F 2F 0E 60 2C 0B 07 76 0F 05 2B 13 00 15 16 06 0D 73 02 0B 0F 02 3D 3D 3E 62 01 2E 28 1B 2E 3A AB 93 3E 1A 2E 4B 77 01 19 16 2B 41 60 2C 29 03 0E 1D 18 3F 62 01 2E 28 1B 2E 3A 17 0C 76 1B 32 17 54 17 73 28 32 17 28 60 0D 03 27 09 29 01 27 3E 07 50 27 03 00 25 2F 03 28 60 24 08 2E 4B 27 0F 00 16 2F 0B 27 3D 3D 3E 62 01 2E 28 1B 2E 3A 47 0D 75 15 08 01 27 00 1F 0B 07 50 27 03 60 28 32 05 17 1B 00 4E 01 04 29 2E 4B 0F 01 00 16 16 1F 07 0E 70 62 01 2E 28 1B 2E 3A 8F 93 23 00 02 0B 05 0F 4B 07 3E 60 05 2A 6C 23 2E 1D 18 3F FF	かんりにん「そういえば もんべつ から もどって\n[F1:$02]わたしの ところへ あいさつに きたとき……、\n[F1:$0A][FE][F9]かんりにん「まきこさん、なんだか かおいろが\n[F1:$02]わるくてねえ。\n[F1:$0A][FE][F9]かんりにん「うちの にょうぼうに りょうり\n[F1:$02]つくらせるから、しばらく ゆっくり\n[F1:$02]やすんだらと いったら……、\n[F1:$0A][FE][F9]かんりにん「じつは あすから またしばらく\n[F1:$02]りょこうに でかけるんだとか いいましてね。\n[F1:$0A][FE][F9]かんりにん「けいじさんも きたことだし、\n[F1:$02]これですもんねえ。	かんりにん「そういえば もんべつ から もどって\n[F1:$02]わたしの ところへ あいさつに きたとき……、\n[F1:$0A][FE][F9]かんりにん「まきこさん、なんだか かおいろが\n[F1:$02]わるくてねえ。\n[F1:$0A][FE][F9]かんりにん「うちの にょうぼうに りょうり\n[F1:$02]つくらせるから、しばらく ゆっくり\n[F1:$02]やすんだらと いったら……、\n[F1:$0A][FE][F9]かんりにん「じつは あすから またしばらく\n[F1:$02]りょこうに でかけるんだとか いいましてね。\n[F1:$0A][FE][F9]かんりにん「けいじさんも きたことだし、\n[F1:$02]これですもんねえ。
1012	1012	8649	C	8649	29	plain	YES		0	0			01 2E 28 1B 2E 3A 16 24 33 00 14 2E 0F 17 73 15 1E 0F 02 75 60 51 2F 03 28 07 69 3F FF	かんりにん「いやー ほんとうに あのときは \n[F1:$02]びっくりしました。	かんりにん「いやー ほんとうに あのときは \n[F1:$02]びっくりしました。
1013	1013	8666	C	8666	79	plain	YES		0	0			01 2E 28 1B 2E 3A 10 15 3E 23 1E 19 0F 73 02 4D 16 0E 60 7C 0E 73 4E 0E 20 0B 00 0F 02 1B 10 3E 60 80 00 4B 2A 23 72 62 01 2E 28 1B 2E 3A 0B 4B 00 03 2B 1C 28 1E 60 03 29 1F 78 B1 76 1F 18 2D 60 0F 19 28 08 42 29 1E 78 20 18 69 41 3F FF	かんりにん「はあ、ものおとに きづいて\n[F1:$02]おもてに でてみた ときには、\n[F1:$02]もう だれも……。\n[F1:$0A][FE][F9]かんりにん「ただ くろぬりの\n[F1:$02]くるまが アパートの まえを\n[F1:$02]とおりすぎるのが みえましたが。	かんりにん「はあ、ものおとに きづいて\n[F1:$02]おもてに でてみた ときには、\n[F1:$02]もう だれも……。\n[F1:$0A][FE][F9]かんりにん「ただ くろぬりの\n[F1:$02]くるまが アパートの まえを\n[F1:$02]とおりすぎるのが みえましたが。
1014	1014	86B5	C	86B5	29	plain	YES		0	0			01 2E 28 1B 2E 3A 1F 18 1B 23 00 16 2F 0B 0F 19 28 00 01 19 10 60 20 0E 7F 1E 6C 6F FF	かんりにん「まえにも いったとおり かおは\n[F1:$02]みてないのですよ。	かんりにん「まえにも いったとおり かおは\n[F1:$02]みてないのですよ。
1015	1015	86D2	C	86D2	33	plain	YES		0	0			65 01 2E 28 1B 2E 93 74 07 27 53 29 2E 6C 71 60 15 24 07 16 00 47 2E 52 0D 1B 75 20 18 6A 41 3F FF	シュン「かんりにんさんを しらべるんですか？\n[F1:$02]あやしい じんぶつには みえませんが。	シュン「かんりにんさんを しらべるんですか？\n[F1:$02]あやしい じんぶつには みえませんが。
1016	1016	8715	C	8715	1	plain	YES		0	0			FF		
1017	1017	8716	C	8716	48	plain	YES		0	0			65 11 02 4B 07 76 1A 01 78 11 2F 01 02 00 1F 2C 06 2A 0E 60 16 68 41 3E 0E 41 01 28 73 1A 28 0A 17 1A 00 23 1E 10 60 1E 05 06 2A 0E 16 6A 3F FF	シュン「ひきだしの なかが ひっかき まわされて\n[F1:$02]いますが、てがかりに なりそうな ものは\n[F1:$02]のこされていません。	シュン「ひきだしの なかが ひっかき まわされて\n[F1:$02]いますが、てがかりに なりそうな ものは\n[F1:$02]のこされていません。
1018	1018	8746	C	8746	30	plain	YES		0	0			65 16 49 2E 00 05 1E 1A 01 1B 15 2F 0B 00 A9 01 27 1E 60 0E 41 20 78 20 0D 01 28 6A 3F FF	シュン「いぜん このなかにあった おくむらからの\n[F1:$02]てがみが みつかりません。	シュン「いぜん このなかにあった おくむらからの\n[F1:$02]てがみが みつかりません。
1019	1019	8764	C	8764	21	plain	YES		0	0			65 24 10 28 00 A9 01 27 76 0E 41 20 10 60 20 0D 01 28 6A 3F FF	シュン「やはり おくむらからの てがみは\n[F1:$02]みつかりません。	シュン「やはり おくむらからの てがみは\n[F1:$02]みつかりません。
1020	1020	8779	C	8779	22	plain	YES		0	0			65 12 03 08 17 76 8D 76 15 07 15 0F 41 60 1E 05 2F 0E 16 68 3F FF	シュン「ふくすうの おとこの あしあとが\n[F1:$02]のこっています。	シュン「ふくすうの おとこの あしあとが\n[F1:$02]のこっています。
1021	1021	878F	C	878F	27	controlled	YES		0	0		F0	65 F0 81 14 2E 4B 1A 78 0B 19 2A 0E 00 E4 15 29 50 21 41 60 19 0C 0E 16 68 3F FF	シュン「[F0:$81]ほんだなが たおれて アルバムが\n[F1:$02]おちています。	シュン「[F0:$81]ほんだなが たおれて アルバムが\n[F1:$02]おちています。
1022	1022	87AA	C	87AA	66	plain	YES		0	0			65 E3 07 33 0D 76 10 07 78 11 02 0C 42 27 2A 0E 16 68 3F 62 65 11 32 2F 0F 07 0B 27 00 AB 93 74 E3 07 33 0D 1E 60 02 2A 10 07 4E 00 07 50 2F 0E 00 0D 2A 0E 00 16 2F 0B 1E 60 01 23 00 07 2A 6A 3F FF	シュン「シーツの はしが ひきちぎられています。\n[F1:$0A][FE][F9]シュン「ひょっとしたら まきこさんを シーツの\n[F1:$02]きれはしで しばって つれて いったの\n[F1:$02]かも しれません。	シュン「シーツの はしが ひきちぎられています。\n[F1:$0A][FE][F9]シュン「ひょっとしたら まきこさんを シーツの\n[F1:$02]きれはしで しばって つれて いったの\n[F1:$02]かも しれません。
1023	1023	87EC	C	87EC	44	plain	YES		0	0			65 E3 07 33 0D 76 10 07 78 11 02 0C 42 27 2A 0E 16 68 3F 60 AB 93 74 07 50 29 00 0B 22 73 0D 01 2F 0B 23 1E 0F 60 7C 2C 2A 68 3F FF	シュン「シーツの はしが ひきちぎられています。\n[F1:$02]まきこさんを しばる ために つかったものと\n[F1:$02]おもわれます。	シュン「シーツの はしが ひきちぎられています。\n[F1:$02]まきこさんを しばる ために つかったものと\n[F1:$02]おもわれます。
1024	1024	8818	C	8818	58	plain	YES		0	0			65 AB 93 24 00 16 23 17 0F 76 AE 93 3F 60 0C 0C 19 24 76 A7 76 99 41 60 16 2B 16 2B 00 10 2F 0E 7E 68 3F 62 65 19 24 3D 3D 63 3F 20 32 17 1A 00 99 2D 60 20 0D 04 69 3F 62 FF	シュン「まきこさんや いもうとの ゆかりさん。\n[F1:$02]ちちおやの ゲンさんの しゃしんが\n[F1:$02]いろいろ はってあります。\n[F1:$0A][FE][F9]シュン「おや……ボス。みょうな しゃしんを\n[F1:$02]みつけました。\n[F1:$0A][FE][F9]	シュン「まきこさんや いもうとの ゆかりさん。\n[F1:$02]ちちおやの ゲンさんの しゃしんが\n[F1:$02]いろいろ はってあります。\n[F1:$0A][FE][F9]シュン「おや……ボス。みょうな しゃしんを\n[F1:$02]みつけました。\n[F1:$0A][FE][F9]
1025	1025	8852	C	8852	81	controlled	YES		0	1	DADB	F2	65 1A 2E 0F 00 AD 39 47 2E 45 2B 17 00 0F 60 AB 93 75 07 28 15 16 00 4B 2F 0B 2E 6C 70 62 65 AB 93 76 16 2F 01 23 00 17 27 0B 23 3E 60 21 01 07 C0 73 08 2E 4E 16 0B 00 05 0F 2D 60 01 2E 41 18 2A 50 00 17 1A 48 04 29 00 97 6C 41 3F F2 DB DA FF	シュン「なんと うらた・じんごろう と\n[F1:$02]まきこさんは しりあい だったんですね。\n[F1:$0A][FE][F9]シュン「まきこさんの いっかも うらたも、\n[F1:$02]むかしもんべつに すんでいた ことを\n[F1:$02]かんがえれば うなずける はなしですが。[F2:$DADB]	シュン「なんと うらた・じんごろう と\n[F1:$02]まきこさんは しりあい だったんですね。\n[F1:$0A][FE][F9]シュン「まきこさんの いっかも うらたも、\n[F1:$02]むかしもんべつに すんでいた ことを\n[F1:$02]かんがえれば うなずける はなしですが。\n[F1:$0A][FE][F9][F5:$11,$03]
1026	1026	88A3	C	88A3	35	plain	YES		0	0			65 AD 76 99 00 16 41 16 10 60 05 2A 0F 16 2F 0E 00 0E 41 01 28 73 1A 28 0A 17 1A 60 23 1E 75 7E 6A 3F FF	シュン「うらたの しゃしん いがいは\n[F1:$02]これといって てがかりに なりそうな\n[F1:$02]ものは ありません。	シュン「うらたの しゃしん いがいは\n[F1:$02]これといって てがかりに なりそうな\n[F1:$02]ものは ありません。
1027	1027	88C6	C	88C6	76	plain	YES		0	0			65 7D 28 69 3F E4 15 29 50 21 01 27 00 10 41 07 0E 60 23 2F 0E 25 03 05 0F 73 07 68 3F 62 65 05 2A 74 AD 73 0D 02 0D 04 2A 50 60 AB 93 0F 00 47 04 2E 0F 76 01 01 2C 28 23 60 10 2F 02 28 00 08 29 1E 7A 7F 01 0F 00 7C 16 68 3F FF	シュン「わかりました。アルバムから はがして\n[F1:$02]もってゆくことに します。\n[F1:$0A][FE][F9]シュン「これを うらたに つきつければ\n[F1:$02]まきこさんと じけんとの かかわりも\n[F1:$02]はっきり するのでは ないかと おもいます。	シュン「わかりました。アルバムから はがして\n[F1:$02]もってゆくことに します。\n[F1:$0A][FE][F9]シュン「これを うらたに つきつければ\n[F1:$02]まきこさんと じけんとの かかわりも\n[F1:$02]はっきり するのでは ないかと おもいます。
1028	1028	8912	C	8912	17	plain	YES		0	0			65 AD 00 76 99 1A 27 00 80 60 0E 73 16 2A 69 3F FF	シュン「うらた の しゃしんなら もう\n[F1:$02]てに いれました。	シュン「うらた の しゃしんなら もう\n[F1:$02]てに いれました。
1029	1029	8923	C	8923	44	controlled	YES		0	2	E94F,DADB	F2,F2	F2 4F E9 01 2E 28 1B 2E 3A AB 93 0F 00 16 23 17 0F 93 0F 72 60 23 17 94 28 76 8D 76 94 75 60 20 0B 05 0F 78 7F 1A 15 3F F2 DB DA FF	[F2:$E94F]かんりにん「まきこさんと いもうとさんと……。\n[F1:$02]もうひとりの おとこの ひとは \n[F1:$02]みたことが ないなあ。[F2:$DADB]	シュン「[F0:$A1]ちょっと これをみてくれますか？[F0:$A2]\n[F1:$0A][FE][F9]かんりにん「まきこさんと いもうとさんと……。\n[F1:$02]もうひとりの おとこの ひとは \n[F1:$02]みたことが ないなあ。\n[F1:$0A][FE][F9][F5:$11,$03]
1030	1030	894F	C	894F	7	plain	YES		0	0			65 B9 76 BB 6C 3F FF	シュン「さっぽろの コロポックリです。	シュン「さっぽろの コロポックリです。
1031	1031	8956	C	8956	23	controlled	YES		0	2	ED5A,ED5F	F2,F2	F2 5A ED 13 16 00 16 27 2F 07 30 16 35 00 18 00 8F 93 36 F2 5F ED FF	[F2:$ED5A]へい いらっしゃい！ え けいじさん？[F2:$ED5F]	おとこ「[F0:$81]へい いらっしゃい！ え けいじさん？[F0:$82]
1032	1032	896D	C	896D	18	controlled	YES		0	2	ED5A,ED5F	F2,F2	F2 5A ED 15 00 05 1E 15 16 4B 76 8F 93 3F F2 5F ED FF	[F2:$ED5A]あ このあいだの けいじさん。[F2:$ED5F]	おとこ「[F0:$81]あ このあいだの けいじさん。[F0:$82]
1033	1033	897F	C	897F	18	plain	YES		0	0			65 45 03 00 12 0D 17 76 2B 50 0B 24 02 24 00 6C 3F FF	シュン「ごく ふつうの ろばたやきや です。	シュン「ごく ふつうの ろばたやきや です。
1034	1034	8991	C	8991	32	controlled	YES		0	2	ED5A,ED5F	F2,FB,F2	F2 5A ED A7 75 D4 FB 73 14 4F 00 1F 18 01 27 60 02 31 17 01 74 0F 2F 0E 16 68 41 3F F2 5F ED FF	[F2:$ED5A]ゲンさんは [GLYPH:$D4][FB:$73]ほど まえから\n[F1:$02]きゅうかを とっていますが。[F2:$ED5F]	おとこ「[F0:$81]ゲンさんは [GLYPH:$D4][FB:$73]ほど まえから\n[F1:$02]きゅうかを とっていますが。[F0:$82]
1035	1035	89B1	C	89B1	76	controlled	YES		0	5	ED5A,ED5F,ED5A,E88D,ED5F	F2,F2,F2,F2,F2	F2 5A ED 80 00 02 31 17 01 76 02 01 2E 10 60 0F 2F 03 73 08 42 0B 2E 6C 41 72 F2 5F ED 62 F2 5A ED 15 16 01 2C 27 48 00 1A 2E 76 2A 2E 27 03 23 60 10 16 2F 0E 00 7F 2E 6C 6F F2 8D E8 60 4F 17 07 0C 1F 2F 0B 1E 01 72 F2 5F ED FF	[F2:$ED5A]もう きゅうかの きかんは\n[F1:$02]とっくに すぎたんですが……。[F2:$ED5F]\n[F1:$0A][FE][F9][F2:$ED5A]あいかわらず なんの れんらくも\n[F1:$02]はいって ないんですよ。[F2:$E88D]\n[F1:$02]どうしちまったのか……。[F2:$ED5F]	おとこ「[F0:$81]もう きゅうかの きかんは\n[F1:$02]とっくに すぎたんですが……。[F0:$82]\n[F1:$0A][FE][F9]おとこ「[F0:$81]あいかわらず なんの れんらくも\n[F1:$02]はいって ないんですよ。いったい \n[F1:$02]どうしちまったのか……。[F0:$82]
1036	1036	B724	C	B724	95	controlled	YES		0	6	ED5A,ED5F,ED5A,ED5F,ED5A,ED5F	F2,F2,F2,F2,F2,F2	F2 5A ED 8F 93 35 00 1D 2E 1E 0B 22 60 17 0C 76 9D 50 2E 45 17 74 19 07 18 0F 02 6B 3F F2 5F ED 62 F2 5A ED D0 D1 D1 33 D2 D2 D2 33 D9 D6 D6 D9 41 60 05 1E B3 76 50 2E 45 17 6C 3F F2 5F ED 62 F2 5A ED 05 2E 4F 75 07 45 0F 47 30 1A 03 00 1E 20 73 02 0E 60 03 4B 06 16 70 F2 5F ED 62 FF	[F2:$ED5A]けいじさん！ ねんのため\n[F1:$02]うちの でんわばんごうを おしえときましょう。[F2:$ED5F]\n[F1:$0A][FE][F9][F2:$ED5A][GLYPH:$D0][GLYPH:$D1][GLYPH:$D1]ー[GLYPH:$D2][GLYPH:$D2][GLYPH:$D2]ー[GLYPH:$D9][GLYPH:$D6][GLYPH:$D6][GLYPH:$D9]が\n[F1:$02]このみせの ばんごうです。[F2:$ED5F]\n[F1:$0A][FE][F9][F2:$ED5A]こんどは しごとじゃなく のみに きて\n[F1:$02]くださいね。[F2:$ED5F]\n[F1:$0A][FE][F9]	おとこ「[F0:$81]けいじさん！ ねんのため\n[F1:$02]うちの でんわばんごうを おしえときましょう。[F0:$82]\n[F1:$0A][FE][F9]おとこ「[F0:$81][GLYPH:$D0][GLYPH:$D1][GLYPH:$D1]ー[GLYPH:$D2][GLYPH:$D2][GLYPH:$D2]ー[GLYPH:$D9][GLYPH:$D6][GLYPH:$D6][GLYPH:$D9]が\n[F1:$02]このみせの ばんごうです。[F0:$82]\n[F1:$0A][FE][F9]おとこ「[F0:$81]こんどは しごとじゃなく のみに きて\n[F1:$02]くださいね。[F0:$82]\n[F1:$0A][FE][F9]
1037	1037	89FD	C	89FD	121	controlled	YES		0	6	ED5A,ED5F,ED5A,ED5F,ED5A,ED5F	F2,F2,F2,F2,F2,F2	F2 5A ED 17 33 2E 3F 15 2E 1F 28 00 47 52 2E 76 05 0F 75 10 1A 06 7F 60 94 4B 01 27 00 1D 18 72 F2 5F ED 62 F2 5A ED 0B 07 77 19 03 93 1B 75 48 16 52 2E 00 21 01 07 1B 60 07 1A 2A 0B 0F 77 02 16 0B 05 0F 78 15 29 04 2A 4F 72 F2 5F ED 62 F2 5A ED 15 15 00 0A 17 16 18 50 00 21 08 22 78 12 0B 28 00 16 29 0F 01 60 02 16 0B 86 1A 00 02 23 08 29 1A 15 3F F2 5F ED FF	[F2:$ED5A]うーん。あんまり じぶんの ことは はなさない\n[F1:$02]ひとだから ねえ……。[F2:$ED5F]\n[F1:$0A][FE][F9][F2:$ED5A]たしか おくさんには ずいぶん むかしに\n[F1:$02]しなれたとか きいたことが あるけれど……。[F2:$ED5F]\n[F1:$0A][FE][F9][F2:$ED5A]ああ そういえば むすめが ふたり いるとか\n[F1:$02]きいたような きもするなあ。[F2:$ED5F]	おとこ「[F0:$81]うーん。あんまり じぶんの ことは はなさない\n[F1:$02]ひとだから ねえ……。[F0:$82]\n[F1:$0A][FE][F9]おとこ「[F0:$81]たしか おくさんには ずいぶん むかしに\n[F1:$02]しなれたとか きいたことが あるけれど……。[F0:$82]\n[F1:$0A][FE][F9]おとこ「[F0:$81]ああ そういえば むすめが ふたり いるとか\n[F1:$02]きいたような きもするなあ。[F0:$82]
1038	1038	8A76	C	8A76	79	controlled	YES		0	4	ED5A,ED5F,ED5A,ED5F	F2,FB,F2,F2,F2	F2 5A ED 0D 16 00 D1 07 31 17 01 2E 14 4F 1F 18 23 60 21 4B 2E 4E D1 FB 73 00 07 45 0F 2D 24 08 20 1F 07 0E 70 F2 5F ED 62 F2 5A ED 2C 04 2D 02 16 0B 27 00 1A 2E 4E 23 60 20 17 0C 1E 94 1E 19 0A 17 07 02 78 15 2F 0B 0F 01 3F F2 5F ED FF	[F2:$ED5A]つい [GLYPH:$D1]しゅうかんほどまえも\n[F1:$02]むだんで[GLYPH:$D1][FB:$73] しごとをやすみましてね。[F2:$ED5F]\n[F1:$0A][FE][F9][F2:$ED5A]わけをきいたら なんでも\n[F1:$02]みうちのひとのおそうしきが あったとか。[F2:$ED5F]	おとこ「[F0:$81]つい [GLYPH:$D1]しゅうかんほどまえも\n[F1:$02]むだんで[GLYPH:$D1][FB:$73] しごとをやすみましてね。[F0:$82]\n[F1:$0A][FE][F9]おとこ「[F0:$81]わけをきいたら なんでも\n[F1:$02]みうちのひとのおそうしきが あったとか。[F0:$82]
1039	1039	8AC5	C	8AC5	101	controlled	YES		0	6	ED5A,ED5F,ED5A,ED5F,ED5A,ED5F	F2,F2,F2,F2,F2,F2	F2 5A ED 15 15 3F 2A 16 76 02 32 17 10 03 47 32 17 73 AB 2F 0E 60 01 16 0E 00 7E 69 41 3E 15 2A 00 21 08 22 93 1E 60 1A 1F 18 4E 07 32 17 3F F2 5F ED 62 F2 5A ED 4E 00 21 08 22 93 00 4F 17 1A 28 69 36 F2 5F ED 62 F2 5A ED 18 00 8F 93 0B 0C 78 0B 08 04 0B 36 60 0A 28 30 15 00 26 01 2F 0B 3F F2 5F ED FF	[F2:$ED5A]ああ。れいの きょうはくじょうに まきこって\n[F1:$02]かいて ありましたが、あれ むすめさんの\n[F1:$02]なまえでしょう。[F2:$ED5F]\n[F1:$0A][FE][F9][F2:$ED5A]で むすめさん どうなりました？[F2:$ED5F]\n[F1:$0A][FE][F9][F2:$ED5A]え けいじさんたちが たすけた？\n[F1:$02]そりゃあ よかった。[F2:$ED5F]	おとこ「[F0:$81]ああ。れいの きょうはくじょうに まきこって\n[F1:$02]かいて ありましたが、あれ むすめさんの\n[F1:$02]なまえでしょう。[F0:$82]\n[F1:$0A][FE][F9]おとこ「[F0:$81]で むすめさん どうなりました？[F0:$82]\n[F1:$0A][FE][F9]おとこ「[F0:$81]え けいじさんたちが たすけた？\n[F1:$02]そりゃあ よかった。[F0:$82]
1040	1040	8B2A	C	8B2A	32	controlled	YES		0	2	ED5A,ED5F	F2,F2	F2 5A ED 16 24 33 00 21 08 22 93 78 0B 08 01 2F 0E 60 26 01 2F 0B 00 26 01 2F 0B 3F F2 5F ED FF	[F2:$ED5A]いやー むすめさんが たすかって\n[F1:$02]よかった よかった。[F2:$ED5F]	おとこ「[F0:$81]いやー むすめさんが たすかって\n[F1:$02]よかった よかった。[F0:$82]
1041	1041	8B4A	C	8B4A	41	plain	YES		0	0			65 A7 26 28 00 48 2F 0F 00 7D 16 0E 2E 16 2E 6C 3F 60 15 1F 28 00 A7 76 05 0F 73 0D 16 0E 60 03 2C 07 03 00 7F 86 6C 3F FF	シュン「ゲンさんより ずっと わかいてんいんです。\n[F1:$02]あまり ゲンさんの ことに ついて\n[F1:$02]くわしく ないようです。	シュン「ゲンさんより ずっと わかいてんいんです。\n[F1:$02]あまり ゲンさんの ことに ついて\n[F1:$02]くわしく ないようです。
1042	1042	8B73	C	8B73	52	controlled	YES		0	2	ED5A,ED5F	F2,F2	F2 5A ED A7 75 82 01 2F 0E 36 00 4B 01 27 60 02 31 17 01 0C 31 17 00 4B 2F 0E 00 16 2F 0E 29 4E 07 32 3F 60 07 0D 05 16 00 8F 93 00 4B 1A 15 3F F2 5F ED FF	[F2:$ED5A]ゲンさんは どこかって？ だから\n[F1:$02]きゅうかちゅう だって いってるでしょ。\n[F1:$02]しつこい けいじさん だなあ。[F2:$ED5F]	おとこ「[F0:$81]ゲンさんは どこかって？ だから\n[F1:$02]きゅうかちゅう だって いってるでしょ。\n[F1:$02]しつこい けいじさん だなあ。[F0:$82]
1043	1043	8BA7	C	8BA7	63	controlled	YES		0	4	ED5A,ED5F,ED5A,ED5F	F2,F2,F2,F2	F2 5A ED 18 18 3F 2C 0B 07 23 00 A7 1B 10 60 10 24 03 00 23 4F 2F 0E 02 0E 00 14 07 16 6C 6F F2 5F ED 62 F2 5A ED 94 4E 78 0B 28 1A 03 0E 00 24 08 20 23 60 0F 2A 24 07 1D 18 3F F2 5F ED FF	[F2:$ED5A]ええ。わたしも ゲンさんには\n[F1:$02]はやく もどってきて ほしいですよ。[F2:$ED5F]\n[F1:$0A][FE][F9][F2:$ED5A]ひとでが たりなくて やすみも\n[F1:$02]とれやしねえ。[F2:$ED5F]	おとこ「[F0:$81]ええ。わたしも ゲンさんには\n[F1:$02]はやく もどってきて ほしいですよ。[F0:$82]\n[F1:$0A][FE][F9]おとこ「[F0:$81]ひとでが たりなくて やすみも\n[F1:$02]とれやしねえ。[F0:$82]
1044	1044	8BE6	C	8BE6	12	plain	YES		0	0			65 07 27 53 2B 2F 0E 00 84 2D 36 FF	シュン「しらべろって なにを？	シュン「しらべろって なにを？
1045	1045	8BF2	C	8BF2	19	plain	YES		0	0			65 63 3F 0A 2E 1A 05 0F 00 07 0E 0E 00 16 16 2E 6C 71 FF	シュン「ボス。そんなこと してて いいんですか？	シュン「ボス。そんなこと してて いいんですか？
1046	1046	8C05	C	8C05	33	plain	YES		0	0			65 63 00 02 2E 21 0C 31 17 00 6C 6F 60 80 00 08 43 1B 4B 2F 09 2E 00 07 0B 41 29 2E 4B 01 27 3F FF	シュン「ボス きんむちゅう ですよ。\n[F1:$02]もう すぐにだっせん したがるんだから。	シュン「ボス きんむちゅう ですよ。\n[F1:$02]もう すぐにだっせん したがるんだから。
1047	1047	8C26	C	8C26	36	controlled	YES		0	2	E94F,DADB	F2,F2	F2 4F E9 19 0F 05 3A 19 2F 36 00 A7 47 30 7F 76 05 2A 3F 60 18 00 0C 41 17 1E 36 00 13 18 33 3F F2 DB DA FF	[F2:$E94F]おとこ「おっ？ ゲンさんじゃないの これ。\n[F1:$02]え ちがうの？ へえー。[F2:$DADB]	シュン「[F0:$A1]ちょっと これをみてくれますか？[F0:$A2]\n[F1:$0A][FE][F9]おとこ「おっ？ ゲンさんじゃないの これ。\n[F1:$02]え ちがうの？ へえー。\n[F1:$0A][FE][F9][F5:$11,$03]
1048	1048	8C4A	C	8C4A	26	controlled	YES		0	2	E94F,DADB	F2,F2	F2 4F E9 19 0F 05 3A 07 27 1D 18 1A 15 00 4B 2A 4B 16 00 05 2A 36 F2 DB DA FF	[F2:$E94F]おとこ「しらねえなあ だれだい これ？[F2:$DADB]	シュン「[F0:$A1]ちょっと これをみてくれますか？[F0:$A2]\n[F1:$0A][FE][F9]おとこ「しらねえなあ だれだい これ？\n[F1:$0A][FE][F9][F5:$11,$03]
1049	1049	8C64	C	8C64	54	controlled	YES		0	3	E94F,ED5A,ED5F	F2,F2,F2	F2 4F E9 F2 5A ED 8F 93 00 B3 1E 1A 01 4E 00 0A 2E 1A 23 2E 60 4B 06 7F 4E 00 03 4B 06 16 26 3F 02 30 03 41 60 84 01 0F 00 7C 17 47 30 00 7F 6C 01 3F F2 5F ED FF	[F2:$E94F][F2:$ED5A]けいじさん みせのなかで そんなもん\n[F1:$02]ださないで くださいよ。きゃくが\n[F1:$02]なにかと おもうじゃ ないですか。[F2:$ED5F]	シュン「[F0:$A1]ちょっと これをみてくれますか？[F0:$A2]\n[F1:$0A][FE][F9]おとこ「[F0:$81]けいじさん みせのなかで そんなもん\n[F1:$02]ださないで くださいよ。きゃくが\n[F1:$02]なにかと おもうじゃ ないですか。[F0:$82]
1050	1050	8C9A	C	8C9A	20	plain	YES		0	0			65 1A 2E 4F 23 00 B3 0B 2F 0E 00 07 32 17 41 7F 60 6C 6F FF	シュン「なんども みせたって しょうがない\n[F1:$02]ですよ。	シュン「なんども みせたって しょうがない\n[F1:$02]ですよ。
1051	1051	8CAE	C	8CAE	22	plain	YES		0	0			65 01 16 23 1E 76 0F 0C 31 17 87 60 19 50 93 0B 0C 78 16 68 3F FF	シュン「かいものの とちゅうらしい\n[F1:$02]おばさんたちが います。	シュン「かいものの とちゅうらしい\n[F1:$02]おばさんたちが います。
1052	1052	8CC4	C	8CC4	82	controlled	YES		0	4	EDDA,EDE1,EDDA,EDE1	F2,F2,F2,F2	F2 DA ED 15 2E 0B 27 00 01 2E 05 17 02 30 03 01 1D 36 F2 E1 ED 62 F2 DA ED 05 05 16 27 13 2E 75 24 1F 1E 17 18 76 0E 2E 54 17 4B 16 60 16 41 16 1B 75 0B 16 07 0E 00 20 29 23 2E 00 1D 33 04 4F 3F 60 3D 3D 18 00 8F 93 36 00 13 18 33 3F F2 E1 ED FF	[F2:$EDDA]あんたら かんこうきゃくかね？[F2:$EDE1]\n[F1:$0A][FE][F9][F2:$EDDA]ここいらへんは やまのうえの てんぼうだい\n[F1:$02]いがいには たいして みるもん ねーけど。\n[F1:$02]……え けいじさん？ へえー。[F2:$EDE1]	おばさん「[F0:$81]あんたら かんこうきゃくかね？[F0:$82]\n[F1:$0A][FE][F9]おばさん「[F0:$81]ここいらへんは やまのうえの てんぼうだい\n[F1:$02]いがいには たいして みるもん ねーけど。\n[F1:$02]……え けいじさん？ へえー。[F0:$82]
1053	1053	8D16	C	8D16	12	plain	YES		0	0			65 19 50 93 73 84 74 02 02 68 71 FF	シュン「おばさんに なにを ききますか？	シュン「おばさんに なにを ききますか？
1054	1054,1055	8D22	C	8D22	19	controlled	YES		0	2	EDDA,EDE1	F2,F2	F2 DA ED 0A 2E 1A 94 75 07 27 2E 6C 1E 17 3F F2 E1 ED FF	[F2:$EDDA]そんなひとは しらんですのう。[F2:$EDE1]	おばさん「[F0:$81]そんなひとは しらんですのう。[F0:$82]
1056	1056	8D7B	C	8D7B	42	controlled	YES		0	2	EDDA,EDE1	F2,F2	F2 DA ED A9 36 00 4F 2F 01 4E 00 02 16 0B 60 86 1A 00 1A 1F 18 47 30 41 72 60 24 2F 55 28 00 07 27 2E 6C 1E 17 3F F2 E1 ED FF	[F2:$EDDA]おくむら？ どっかで きいた\n[F1:$02]ような なまえじゃが……。\n[F1:$02]やっぱり しらんですのう。[F2:$EDE1]	おばさん「[F0:$81]おくむら？ どっかで きいた\n[F1:$02]ような なまえじゃが……。\n[F1:$02]やっぱり しらんですのう。[F0:$82]
1057	1057	8DA5	C	8DA5	47	controlled	YES		0	2	EDDA,EDE1	F2,F2	F2 DA ED A5 1D 18 72 21 01 07 00 2C 07 76 07 28 15 16 1B 60 A5 2F 0E 94 78 16 0B 04 4F 60 0B 52 2E 00 01 2E 04 16 7F 47 30 2B 3F F2 E1 ED FF	[F2:$EDDA]いいじまねえ……。むかし わしの しりあいに\n[F1:$02]いいじまってひとが いたけど\n[F1:$02]たぶん かんけいないじゃろ。[F2:$EDE1]	おばさん「[F0:$81]いいじまねえ……。むかし わしの しりあいに\n[F1:$02]いいじまってひとが いたけど\n[F1:$02]たぶん かんけいないじゃろ。[F0:$82]
1059	1059	8DD4	C	8DD4	98	controlled	YES		0	4	EDDA,EDE1,EDDA,EDE1	F2,F2,F2,F2	F2 DA ED 19 19 00 15 1E 94 75 21 01 07 00 05 05 4E 60 07 2E 52 2E 02 07 30 74 24 2F 0E 16 0B 2E 47 30 3F 60 09 2E 45 00 1F 23 1A 03 76 05 0F 01 1E 17 72 F2 E1 ED 62 F2 DA ED 2C 07 76 15 05 41 2A 76 94 47 30 2F 0B 3F 4B 01 27 60 19 54 18 0C 32 29 2E 6F 15 2A 00 10 48 01 E1 08 33 3F F2 E1 ED FF	[F2:$EDDA]おお あのひとは むかし ここで\n[F1:$02]しんぶんきしゃを やっていたんじゃ。\n[F1:$02]せんご まもなくの ことかのう……。[F2:$EDE1]\n[F1:$0A][FE][F9][F2:$EDDA]わしの あこがれの ひとじゃった。だから\n[F1:$02]おぼえちょるんよ。あれ はずかスー。[F2:$EDE1]	おばさん「[F0:$81]おお あのひとは むかし ここで\n[F1:$02]しんぶんきしゃを やっていたんじゃ。\n[F1:$02]せんご まもなくの ことかのう……。[F0:$82]\n[F1:$0A][FE][F9]おばさん「[F0:$81]わしの あこがれの ひとじゃった。だから\n[F1:$02]おぼえちょるんよ。あれ はずかスー。[F0:$82]
1060	1060	8E36	C	8E36	36	controlled	YES		0	2	EDDA,EDE1	F2,F2	F2 DA ED 80 00 15 1E 94 1E 05 0F 75 02 01 2E 4E 03 4B 06 2A 3F 60 15 33 00 10 48 01 E1 08 33 3F F2 E1 ED FF	[F2:$EDDA]もう あのひとのことは きかんでくだされ。\n[F1:$02]あー はずかスー。[F2:$EDE1]	おばさん「[F0:$81]もう あのひとのことは きかんでくだされ。\n[F1:$02]あー はずかスー。[F0:$82]
1061	1061	8E5A	C	8E5A	87	controlled	YES		0	2	EDDA,EDE1	F2,F2	65 88 07 27 53 06 09 0E 00 23 27 16 68 6F 62 F2 DA ED 05 28 30 35 00 84 08 29 4B 35 60 05 76 E5 45 2E 0B 03 2A 41 2F 3F F2 E1 ED 62 65 19 2C 2F 00 16 0E 0E 0E 0E 33 2F 3F 60 63 E1 2F 3F 54 03 74 15 1F 28 00 11 4F 16 22 1B 60 15 2C 09 7F 4E 00 03 4B 06 16 6F FF	シュン「ちょっと しらべさせて もらいますよ。\n[F1:$0A][FE][F9][F2:$EDDA]こりゃ！ なにするだ！\n[F1:$02]この ゴンタクレがっ。[F2:$EDE1]\n[F1:$0A][FE][F9]シュン「おわっ いててててーっ。\n[F1:$02]ボスッ。ぼくを あまり ひどいめに\n[F1:$02]あわせないで くださいよ。	シュン「ちょっと しらべさせて もらいますよ。\n[F1:$0A][FE][F9]おばさん「[F0:$81]こりゃ！ なにするだ！\n[F1:$02]この ゴンタクレがっ。[F0:$82]\n[F1:$0A][FE][F9]シュン「おわっ いててててーっ。\n[F1:$02]ボスッ。ぼくを あまり ひどいめに\n[F1:$02]あわせないで くださいよ。
1062	1062	8EB1	C	8EB1	23	controlled	YES		0	2	E94F,DADB	F2,F2	F2 4F E9 19 50 93 3A 05 2E 1A 94 75 07 27 2E 6C 1E 17 3F F2 DB DA FF	[F2:$E94F]おばさん「こんなひとは しらんですのう。[F2:$DADB]	シュン「[F0:$A1]ちょっと これをみてくれますか？[F0:$A2]\n[F1:$0A][FE][F9]おばさん「こんなひとは しらんですのう。\n[F1:$0A][FE][F9][F5:$11,$03]
1063	1063	8EC8	C	8EC8	30	controlled	YES		0	2	E94F,DADB	F2,F2	F2 4F E9 19 50 93 3A 17 33 2E 3F 82 01 4E 00 20 0B 86 1A 60 02 23 08 29 41 72 F2 DB DA FF	[F2:$E94F]おばさん「うーん。どこかで みたような\n[F1:$02]きもするが……。[F2:$DADB]	シュン「[F0:$A1]ちょっと これをみてくれますか？[F0:$A2]\n[F1:$0A][FE][F9]おばさん「うーん。どこかで みたような\n[F1:$02]きもするが……。\n[F1:$0A][FE][F9][F5:$11,$03]
1064	1064	8EE6	C	8EE6	52	controlled	YES		0	2	E94F,DADB	F2,F2	F2 4F E9 19 50 93 3A 82 01 4E 20 0B 00 01 19 47 30 1E 17 72 60 19 19 2F 00 0F 07 75 0F 2F 0E 16 29 78 A5 93 1B 60 82 0F 1E 33 1B 0E 29 1E 33 3F F2 DB DA FF	[F2:$E94F]おばさん「どこかでみた かおじゃのう……。\n[F1:$02]おおっ としは とっているが いいじまさんに\n[F1:$02]どことのーにてるのー。[F2:$DADB]	シュン「[F0:$A1]ちょっと これをみてくれますか？[F0:$A2]\n[F1:$0A][FE][F9]おばさん「どこかでみた かおじゃのう……。\n[F1:$02]おおっ としは とっているが いいじまさんに\n[F1:$02]どことのーにてるのー。\n[F1:$0A][FE][F9][F5:$11,$03]
1065	1065	8F1A	C	8F1A	28	controlled	YES		0	2	E94F,DADB	F2,F2	F2 4F E9 19 50 93 3A 24 22 0E 03 4B 06 2A 00 19 33 10 48 01 E1 08 33 3F F2 DB DA FF	[F2:$E94F]おばさん「やめてくだされ おーはずかスー。[F2:$DADB]	シュン「[F0:$A1]ちょっと これをみてくれますか？[F0:$A2]\n[F1:$0A][FE][F9]おばさん「やめてくだされ おーはずかスー。\n[F1:$0A][FE][F9][F5:$11,$03]
1066	1066	8F36	C	8F36	10	controlled	YES		0	3	E94F,EBD2,DADB	F2,F2,F2	F2 4F E9 F2 D2 EB F2 DB DA FF	[F2:$E94F][F2:$EBD2][F2:$DADB]	シュン「[F0:$A1]ちょっと これをみてくれますか？[F0:$A2]\n[F1:$0A][FE][F9]おばさん「[F0:$81]これが どうかしただか？[F0:$82]\n[F1:$0A][FE][F9][F5:$11,$03]
1067	1067	8F40	C	8F40	49	controlled	YES		0	2	EE0C,EE13	F8,F2,F2	65 A9 76 16 18 6C 3F F8 F2 0C EE 26 17 00 19 16 4E 1A 08 2F 0B 3F 1F 15 00 15 41 28 1A 06 2A 3F F2 13 EE 62 65 7A 19 05 0F 50 73 15 1F 18 0E 72 FF	シュン「おくむらの いえです。\n[F2:$EE0C]よう おいでなすった。まあ あがりなされ。[F2:$EE13]\n[F1:$0A][FE][F9]シュン「では おことばに あまえて……。	シュン「おくむらの いえです。\nおばば「[F0:$81]よう おいでなすった。まあ あがりなされ。[F0:$82]\n[F1:$0A][FE][F9]シュン「では おことばに あまえて……。
1068	1068	8F71	C	8F71	91	controlled	YES		0	4	EE0C,EE13,EE0C,EE13	F2,F2,F2,F2	F2 0C EE 15 2F 00 88 1F 0C 1A 06 2A 3F 15 2E 0B 27 60 8F 93 00 01 1D 36 00 2E 4B 27 00 2C 0B 08 23 2E 41 15 29 4B 3F F2 13 EE 62 F2 0C EE 23 07 00 90 76 94 78 02 0B 27 60 05 76 1B 2E 42 32 17 74 2C 0B 07 0E 03 2A 0F 60 47 16 93 75 0A 17 00 16 2F 0F 2F 0B 3F F2 13 EE 62 FF	[F2:$EE0C]あっ ちょっと まちなされ。あんたら\n[F1:$02]けいじさん かね？ んだら わたすもんがあるだ。[F2:$EE13]\n[F1:$0A][FE][F9][F2:$EE0C]もし けいさつの ひとが きたら\n[F1:$02]この にんぎょうを わたしてくれと\n[F1:$02]じいさんは そう いっとった。[F2:$EE13]\n[F1:$0A][FE][F9]	おばば「[F0:$81]あっ ちょっと まちなされ。あんたら\n[F1:$02]けいじさん かね？ んだら わたすもんがあるだ。[F0:$82]\n[F1:$0A][FE][F9]おばば「[F0:$81]もし けいさつの ひとが きたら\n[F1:$02]この にんぎょうを わたしてくれと\n[F1:$02]じいさんは そう いっとった。[F0:$82]\n[F1:$0A][FE][F9]
1069	1069	8FCC	C	8FCC	59	controlled	YES		0	1	DADB	F2	65 05 2A 75 E3 1B 59 59 1B 2E 42 32 17 00 6C 70 4E 23 60 22 76 07 0B 73 1E 20 1E 15 0F 78 7E 68 3F 60 1F 29 4E 00 7F 0E 16 29 86 1A 72 62 65 06 0E 00 16 02 6B 01 3F F2 DB DA FF	シュン「これは ニポポにんぎょう ですね。でも\n[F1:$02]めの したに のみのあとが あります。\n[F1:$02]まるで ないているような……。\n[F1:$0A][FE][F9]シュン「さて いきましょうか。[F2:$DADB]	シュン「これは ニポポにんぎょう ですね。でも\n[F1:$02]めの したに のみのあとが あります。\n[F1:$02]まるで ないているような……。\n[F1:$0A][FE][F9]シュン「さて いきましょうか。\n[F1:$0A][FE][F9][F5:$11,$03]
1070	1070	9007	C	9007	30	plain	YES		0	0			65 20 0E 76 0F 19 28 00 19 50 15 93 78 52 0D 4B 2E 1E 60 26 05 73 08 2C 2F 0E 16 68 3F FF	シュン「みての とおり おばあさんが ぶつだんの\n[F1:$02]よこに すわっています。	シュン「みての とおり おばあさんが ぶつだんの\n[F1:$02]よこに すわっています。
1071	1071	9025	C	9025	33	controlled	YES		0	2	EE0C,EE13	F2,F2	F2 0C EE 1F 15 00 19 0C 30 4E 23 00 1E 2E 4E 60 25 2F 03 28 07 0E 00 16 02 1A 06 2A 3F F2 13 EE FF	[F2:$EE0C]まあ おちゃでも のんで\n[F1:$02]ゆっくりして いきなされ。[F2:$EE13]	おばば「[F0:$81]まあ おちゃでも のんで\n[F1:$02]ゆっくりして いきなされ。[F0:$82]
1072	1072	9046	C	9046	94	controlled	YES		0	4	EE0C,EE13,EE0C,EE13	F2,F2,F2,F2	F2 0C EE D1 07 31 17 01 2E 14 4F 00 1F 18 4B 2F 0B 01 60 0F 07 41 16 23 1A 03 00 26 4D 28 73 4E 0E 1A 3F 60 0A 2A 2F 02 28 47 30 3F F2 13 EE 62 F2 0C EE 4F 2A 00 2C 07 23 00 0D 20 14 2B 54 07 00 07 0E 03 29 01 1A 60 0F 77 86 00 7D 27 2E 05 0F 00 25 17 0F 2F 0B 1E 17 72 F2 13 EE FF	[F2:$EE0C][GLYPH:$D1]しゅうかんほど まえだったか\n[F1:$02]としがいもなく よづりに でてな。\n[F1:$02]それっきりじゃ。[F2:$EE13]\n[F1:$0A][FE][F9][F2:$EE0C]どれ わしも つみほろぼし してくるかな\n[F1:$02]とか よう わからんこと ゆうとったのう……。[F2:$EE13]	おばば「[F0:$81][GLYPH:$D1]しゅうかんほど まえだったか\n[F1:$02]としがいもなく よづりに でてな。\n[F1:$02]それっきりじゃ。[F0:$82]\n[F1:$0A][FE][F9]おばば「[F0:$81]どれ わしも つみほろぼし してくるかな\n[F1:$02]とか よう わからんこと ゆうとったのう……。[F0:$82]
1073	1073	90A4	C	90A4	102	plain	YES		0	0			65 17 33 2E 3F 04 2F 02 32 03 00 15 76 A2 1B 60 01 16 0E 15 2F 0B 00 0F 19 28 00 A9 39 02 08 04 10 60 1A 03 1A 2F 0E 16 0B 00 2C 04 6C 70 62 65 19 50 15 93 76 97 7A 47 06 0D 1E 60 86 1B 23 00 7C 18 68 41 72 62 65 24 2A 24 2A 3F 1F 2F 0B 03 00 05 76 47 04 2E 1B 10 60 7D 27 7F 05 0F 78 19 19 08 42 68 3F FF	シュン「うーん。けっきょく あの てちょうに\n[F1:$02]かいてあった とおり おくむら・きすけは\n[F1:$02]なくなっていた わけですね。\n[F1:$0A][FE][F9]シュン「おばあさんの はなしでは じさつの\n[F1:$02]ようにも おもえますが……。\n[F1:$0A][FE][F9]シュン「やれやれ。まったく この じけんには\n[F1:$02]わからないことが おおすぎます。	シュン「うーん。けっきょく あの てちょうに\n[F1:$02]かいてあった とおり おくむら・きすけは\n[F1:$02]なくなっていた わけですね。\n[F1:$0A][FE][F9]シュン「おばあさんの はなしでは じさつの\n[F1:$02]ようにも おもえますが……。\n[F1:$0A][FE][F9]シュン「やれやれ。まったく この じけんには\n[F1:$02]わからないことが おおすぎます。
1074	1074	910A	C	910A	30	plain	YES		0	0			65 01 1A 28 76 19 0F 07 26 28 6C 78 4F 17 24 27 60 A9 39 02 08 04 76 0D 1F 76 86 6C 3F FF	シュン「かなりの おとしよりですが どうやら\n[F1:$02]おくむら・きすけの つまの ようです。	シュン「かなりの おとしよりですが どうやら\n[F1:$02]おくむら・きすけの つまの ようです。
1075	1075	9128	C	9128	15	plain	YES		0	0			65 01 1A 28 00 E2 54 04 0E 29 00 85 6C 70 FF	シュン「かなり ボケてる みたいですね。	シュン「かなり ボケてる みたいですね。
1076	1076	9137	C	9137	39	plain	YES		0	0			65 19 47 16 93 76 99 78 01 46 27 2A 0E 60 16 68 3F 05 2A 78 A9 39 02 08 04 72 60 0F 08 29 0F 00 08 4E 73 A9 10 72 FF	シュン「おじいさんの しゃしんが かざられて\n[F1:$02]います。これが おくむら・きすけ……。\n[F1:$02]とすると すでに おくむらは……。	シュン「おじいさんの しゃしんが かざられて\n[F1:$02]います。これが おくむら・きすけ……。\n[F1:$02]とすると すでに おくむらは……。
1077	1077	915E	C	915E	32	plain	YES		0	0			65 07 2E 4B 00 A9 76 16 10 16 27 07 02 23 1E 41 60 7E 68 41 3E 53 0D 73 05 2A 0F 16 2F 0E 3F FF	シュン「しんだ おくむらの いはいらしきものが\n[F1:$02]ありますが、べつに これといって。	シュン「しんだ おくむらの いはいらしきものが\n[F1:$02]ありますが、べつに これといって。
1078	1078	917E	C	917E	27	plain	YES		0	0			65 94 76 16 18 4E 00 23 1E 74 0F 2F 0B 27 60 4F 2B 54 33 47 30 00 7F 6C 01 3F FF	シュン「ひとの いえで ものを とったら\n[F1:$02]どろぼーじゃ ないですか。	シュン「ひとの いえで ものを とったら\n[F1:$02]どろぼーじゃ ないですか。
1079	1079	9199	C	9199	58	controlled	YES		0	2	E94F,DADB	F2,F2	F2 4F E9 19 50 50 3A 4F 2F 01 4E 00 20 0B 86 1A 72 60 2C 07 30 00 0F 07 4B 01 27 00 23 1E 2C 08 2A 41 60 11 4F 33 0E 1E 17 00 01 2E 53 2E 07 0E 00 0D 01 06 2A 3F F2 DB DA FF	[F2:$E94F]おばば「どっかで みたような……。\n[F1:$02]わしゃ としだから ものわすれが\n[F1:$02]ひどーてのう かんべんして つかされ。[F2:$DADB]	シュン「[F0:$A1]ちょっと これをみてくれますか？[F0:$A2]\n[F1:$0A][FE][F9]おばば「どっかで みたような……。\n[F1:$02]わしゃ としだから ものわすれが\n[F1:$02]ひどーてのう かんべんして つかされ。\n[F1:$0A][FE][F9][F5:$11,$03]
1080	1080	91D3	C	91D3	14	plain	YES		0	0			65 05 76 16 18 1B 75 9D 75 7F 86 6C 3F FF	シュン「この いえには でんわは ないようです。	シュン「この いえには でんわは ないようです。
1081	1081	91E1	C	91E1	56	plain	YES		0	0			65 C0 76 C8 78 16 0C 54 17 4E 02 29 60 0E 2E 54 17 4B 16 6C 3F 16 2A 16 11 78 7E 68 3F 62 65 54 03 76 0A 50 1B 75 06 2E 59 2D 07 0E 16 29 87 60 94 0B 0C 23 16 68 3F FF	シュン「もんべつの まちが いちぼうできる\n[F1:$02]てんぼうだいです。いれいひが あります。\n[F1:$0A][FE][F9]シュン「ぼくの そばには さんぽをしているらしい\n[F1:$02]ひとたちもいます。	シュン「もんべつの まちが いちぼうできる\n[F1:$02]てんぼうだいです。いれいひが あります。\n[F1:$0A][FE][F9]シュン「ぼくの そばには さんぽをしているらしい\n[F1:$02]ひとたちもいます。
1082	1082	9219	C	9219	35	plain	YES		0	0			65 1A 29 14 4F 00 05 05 01 27 4B 0F 00 C0 1E 60 C8 23 00 C9 76 17 20 23 60 16 0C 54 17 76 23 0F 6C 3F FF	シュン「なるほど ここからだと もんべつの\n[F1:$02]まちも オホーツクの うみも\n[F1:$02]いちぼうの もとです。	シュン「なるほど ここからだと もんべつの\n[F1:$02]まちも オホーツクの うみも\n[F1:$02]いちぼうの もとです。
1083	1083	923C	C	923C	21	plain	YES		0	0			65 7A 0C 01 03 73 16 29 00 94 0B 0C 1B 60 02 16 0E 02 68 3F FF	シュン「では ちかくに いる ひとたちに\n[F1:$02]きいてきます。	シュン「では ちかくに いる ひとたちに\n[F1:$02]きいてきます。
1084	1084	9251	C	9251	69	plain	YES		0	0			65 07 32 17 2C 00 D2 D4 1D 2E 3E C0 19 02 4E 60 16 2F 09 02 76 42 32 09 2E 78 07 48 20 3E 62 65 0A 1E 0F 02 00 05 1E 24 1F 73 54 11 74 0B 0E 0B 1E 41 60 05 76 16 2A 16 11 76 49 2E 07 2E 00 4B 0A 17 6C 3F FF	シュン「しょうわ [GLYPH:$D2][GLYPH:$D4]ねん、もんべつおきで\n[F1:$02]いっせきの ぎょせんが しずみ、\n[F1:$0A][FE][F9]シュン「そのとき このやまに ぼひを たてたのが\n[F1:$02]この いれいひの ぜんしん だそうです。	シュン「しょうわ [GLYPH:$D2][GLYPH:$D4]ねん、もんべつおきで\n[F1:$02]いっせきの ぎょせんが しずみ、\n[F1:$0A][FE][F9]シュン「そのとき このやまに ぼひを たてたのが\n[F1:$02]この いれいひの ぜんしん だそうです。
1085	1085	9296	C	9296	21	plain	YES		0	0			65 89 0E 41 01 28 73 1A 29 86 1A 00 97 10 60 02 04 6A 6D 3F FF	シュン「とくに てがかりに なるような はなしは\n[F1:$02]きけませんでした。	シュン「とくに てがかりに なるような はなしは\n[F1:$02]きけませんでした。
1086	1086	92AB	C	92AB	70	plain	YES		0	0			65 0B 16 07 0B 00 97 75 02 04 6A 6D 41 60 D2 D0 06 16 00 43 27 16 76 01 2C 16 16 8E 76 94 0F 62 65 D5 D0 06 16 00 43 27 16 1E 4B 2E 09 16 1E 12 0B 28 4D 2A 41 60 0A 1A 18 0E 16 03 1E 74 20 0B 94 78 16 69 3F FF	シュン「たいした はなしは きけませんでしたが\n[F1:$02][GLYPH:$D2][GLYPH:$D0]さい ぐらいの かわいいおんなの ひとと\n[F1:$0A][FE][F9]シュン「[GLYPH:$D5][GLYPH:$D0]さい ぐらいのだんせいのふたりづれが\n[F1:$02]そなえていくのを みたひとが いました。	シュン「たいした はなしは きけませんでしたが\n[F1:$02][GLYPH:$D2][GLYPH:$D0]さい ぐらいの かわいいおんなの ひとと\n[F1:$0A][FE][F9]シュン「[GLYPH:$D5][GLYPH:$D0]さい ぐらいのだんせいのふたりづれが\n[F1:$02]そなえていくのを みたひとが いました。
1087	1087	92F1	C	92F1	33	plain	YES		0	0			65 94 74 06 41 08 1E 6C 71 60 08 05 07 00 10 1A 2A 0B 60 0F 05 2B 73 1A 2E 1B 2E 77 16 68 41 3F FF	シュン「ひとを さがすのですか？\n[F1:$02]すこし はなれた\n[F1:$02]ところに なんにんか いますが。	シュン「ひとを さがすのですか？\n[F1:$02]すこし はなれた\n[F1:$02]ところに なんにんか いますが。
1088	1088	9312	C	9312	43	plain	YES		0	0			65 17 20 4E 00 1A 03 1A 2F 0B 00 94 0B 0C 1E 60 16 2A 16 11 6C 3F 62 65 10 1A 0B 50 78 12 0B 0D 00 0A 1A 18 27 2A 0E 16 68 3F FF	シュン「うみで なくなった ひとたちの\n[F1:$02]いれいひです。\n[F1:$0A][FE][F9]シュン「はなたばが ふたつ そなえられています。	シュン「うみで なくなった ひとたちの\n[F1:$02]いれいひです。\n[F1:$0A][FE][F9]シュン「はなたばが ふたつ そなえられています。
1089	1089	933D	C	933D	93	plain	YES		0	0			65 17 20 4E 00 1A 03 1A 2F 0B 00 94 0B 0C 1E 60 16 2A 16 11 6C 3F 62 65 15 00 16 1F 00 7C 16 4B 07 0B 2E 6C 41 60 1F 18 73 05 05 1B 15 2F 0B 00 10 1A 0B 50 72 62 65 15 2A 00 11 32 2F 0F 07 0B 27 00 AB 93 0F 60 A7 00 19 24 05 78 0A 1A 18 0E 60 16 2F 0B 1E 01 23 00 07 2A 6A 70 FF	シュン「うみで なくなった ひとたちの\n[F1:$02]いれいひです。\n[F1:$0A][FE][F9]シュン「あ いま おもいだしたんですが\n[F1:$02]まえに ここにあった はなたば……。\n[F1:$0A][FE][F9]シュン「あれ ひょっとしたら まきこさんと\n[F1:$02]ゲンさん おやこが そなえて\n[F1:$02]いったのかも しれませんね。	シュン「うみで なくなった ひとたちの\n[F1:$02]いれいひです。\n[F1:$0A][FE][F9]シュン「あ いま おもいだしたんですが\n[F1:$02]まえに ここにあった はなたば……。\n[F1:$0A][FE][F9]シュン「あれ ひょっとしたら まきこさんと\n[F1:$02]ゲンさん おやこが そなえて\n[F1:$02]いったのかも しれませんね。
1090	1090	939A	C	939A	21	plain	YES		0	0			65 C9 76 17 20 73 02 18 0B 60 94 0B 0C 76 16 2A 16 11 6C 72 FF	シュン「オホーツクの うみに きえた\n[F1:$02]ひとたちの いれいひです……。	シュン「オホーツクの うみに きえた\n[F1:$02]ひとたちの いれいひです……。
1091	1091	93AF	C	93AF	39	plain	YES		0	0			65 0A 2E 1A 72 10 1A 0B 50 74 0A 1A 18 0B 00 94 1E 60 02 23 0C 74 12 20 1B 47 29 00 86 1A 60 05 0F 75 4E 02 6A 3F FF	シュン「そんな……。はなたばを そなえた ひとの\n[F1:$02]きもちを ふみにじる ような\n[F1:$02]ことは できません。	シュン「そんな……。はなたばを そなえた ひとの\n[F1:$02]きもちを ふみにじる ような\n[F1:$02]ことは できません。
1092	1092	93D6	C	93D6	20	plain	YES		1	0			65 7A 0A 1E 13 2E 73 16 29 94 0B 0C 1B 60 B3 0E 02 68 3F FF	シュン「では そのへんに いるひとたちに\n[F1:$02]みせてきます。	シュン「では そのへんに いるひとたちに\n[F1:$02]みせてきます。
1093	1093	93EA	C	93EA	34	controlled	YES		0	1	93D6	F2	F2 D6 93 62 65 23 2F 0E 16 29 00 99 74 B3 0E 00 20 69 41 60 1A 2E 76 10 2E 1E 17 23 00 7E 6A 6D 3F FF	[F2:$93D6]\n[F1:$0A][FE][F9]シュン「もっている しゃしんを みせて みましたが\n[F1:$02]なんの はんのうも ありませんでした。	シュン「では そのへんに いるひとたちに\n[F1:$02]みせてきます。\n[F1:$0A][FE][F9]シュン「もっている しゃしんを みせて みましたが\n[F1:$02]なんの はんのうも ありませんでした。
1094	1094	940C	C	940C	31	plain	YES		0	0			65 08 05 07 00 06 02 73 05 17 07 31 17 9D 41 60 7E 68 3F 00 15 0A 05 4E 00 01 04 6B 3F 62 FF	シュン「すこし さきに こうしゅうでんわが\n[F1:$02]あります。 あそこで かけましょう。\n[F1:$0A][FE][F9]	シュン「すこし さきに こうしゅうでんわが\n[F1:$02]あります。 あそこで かけましょう。\n[F1:$0A][FE][F9]
1095	1095	942B	C	942B	27	plain	YES		0	0			65 C0 76 20 1A 0F 00 6C 3F 60 05 17 2C 2E 00 01 2E 28 47 21 07 32 78 7E 68 3F FF	シュン「もんべつの みなと です。\n[F1:$02]こうわん かんりじむしょが あります。	シュン「もんべつの みなと です。\n[F1:$02]こうわん かんりじむしょが あります。
1096	1096	9446	C	9446	16	plain	YES		0	0			65 01 2E 28 47 21 07 32 76 0A 0F 73 4E 69 3F FF	シュン「かんりじむしょの そとに でました。	シュン「かんりじむしょの そとに でました。
1097	1097	9456	C	9456	12	plain	YES		0	0			65 20 0E 76 0F 19 28 00 6C 41 72 FF	シュン「みての とおり ですが……。	シュン「みての とおり ですが……。
1098	1098	9462	C	9462	32	controlled	YES		0	2	EDE4,EDEC	F2,F2	F2 E4 ED 19 17 00 0A 05 76 1B 16 0C 30 2E 60 84 74 47 2B 47 2B 00 20 0E 29 2E 4B 3F F2 EC ED FF	[F2:$EDE4]おう そこの にいちゃん\n[F1:$02]なにを じろじろ みてるんだ。[F2:$EDEC]	せんいん「[F0:$81]おう そこの にいちゃん\n[F1:$02]なにを じろじろ みてるんだ。[F0:$82]
1099	1099	9482	C	9482	21	controlled	YES		0	2	EDE4,EDEC	F2,F2	F2 E4 ED 2C 2A 00 1A 2E 77 86 78 15 29 2E 01 16 3F F2 EC ED FF	[F2:$EDE4]われ なんか ようが あるんかい。[F2:$EDEC]	せんいん「[F0:$81]われ なんか ようが あるんかい。[F0:$82]
1100	1100	9497	C	9497	47	controlled	YES		0	2	EDE4,EDEC	F8,F2,F2	65 88 08 16 6A 00 90 1E 60 23 1E 6C 41 72 02 02 0B 16 05 0F 41 72 F8 F2 E4 ED 1A 2E 4B 26 3F 19 27 15 00 84 23 07 27 1D 18 49 3F F2 EC ED FF	シュン「ちょっと すいません けいさつの\n[F1:$02]ものですが……。ききたいことが……。\n[F2:$EDE4]なんだよ。おらあ なにもしらねえぜ。[F2:$EDEC]	シュン「ちょっと すいません けいさつの\n[F1:$02]ものですが……。ききたいことが……。\nせんいん「[F0:$81]なんだよ。おらあ なにもしらねえぜ。[F0:$82]
1101	1101	94C6	C	94C6	85	controlled	YES		0	4	EDE4,EDEC,EDE4,EDEC	F2,F2,F2,F2	F2 E4 ED 19 17 00 AD 39 47 2E 45 2B 17 2F 0E 00 16 2F 0E 60 21 01 07 75 05 1E 13 2E 16 0C 76 28 32 17 07 4B 2F 0B 3F F2 EC ED 62 F2 E4 ED 0A 2A 78 4F 17 07 0E 01 60 94 2D 15 24 22 0E 07 1F 2F 0E 1A 3F 60 16 1F 47 30 00 82 73 16 29 1E 24 27 72 F2 EC ED FF	[F2:$EDE4]おう うらた・じんごろうって いって\n[F1:$02]むかしは このへんいちの りょうしだった。[F2:$EDEC]\n[F1:$0A][FE][F9][F2:$EDE4]それが どうしてか\n[F1:$02]ひとをあやめてしまってな。\n[F1:$02]いまじゃ どこに いるのやら……。[F2:$EDEC]	せんいん「[F0:$81]おう うらた・じんごろうって いって\n[F1:$02]むかしは このへんいちの りょうしだった。[F0:$82]\n[F1:$0A][FE][F9]せんいん「[F0:$81]それが どうしてか\n[F1:$02]ひとをあやめてしまってな。\n[F1:$02]いまじゃ どこに いるのやら……。[F0:$82]
1102	1102	951B	C	951B	75	controlled	YES		0	4	EDE4,EDEC,EDE4,EDEC	F2,F2,F2,F2	F2 E4 ED 13 18 3F 15 2E 0B 27 00 AD 76 47 2F 0C 30 2E 1B 60 15 2F 0B 2E 01 3F 81 00 B8 C2 1B 60 16 29 0F 10 1D 18 72 F2 EC ED 62 F2 E4 ED 1A 2E 4B 3F 15 2E 0B 27 76 14 17 41 60 03 2C 07 16 2E 47 30 00 1D 18 01 3F F2 EC ED FF	[F2:$EDE4]へえ。あんたら うらたの じっちゃんに\n[F1:$02]あったんか。まだ あばしりけいむしょに\n[F1:$02]いるとはねえ……。[F2:$EDEC]\n[F1:$0A][FE][F9][F2:$EDE4]なんだ。あんたらの ほうが\n[F1:$02]くわしいんじゃ ねえか。[F2:$EDEC]	せんいん「[F0:$81]へえ。あんたら うらたの じっちゃんに\n[F1:$02]あったんか。まだ あばしりけいむしょに\n[F1:$02]いるとはねえ……。[F0:$82]\n[F1:$0A][FE][F9]せんいん「[F0:$81]なんだ。あんたらの ほうが\n[F1:$02]くわしいんじゃ ねえか。[F0:$82]
1103	1103	9566	C	9566	26	controlled	YES		0	2	EDE4,EDEC	F2,F2	F2 E4 ED 15 2E 0B 27 1E 14 17 78 03 2C 07 16 1E 0F 0C 41 17 01 3F F2 EC ED FF	[F2:$EDE4]あんたらのほうが くわしいのとちがうか。[F2:$EDEC]	せんいん「[F0:$81]あんたらのほうが くわしいのとちがうか。[F0:$82]
1104	1104	9580	C	9580	55	controlled	YES		0	2	EDE4,EDEC	F2,F2	F2 E4 ED 0A 17 16 24 00 47 2F 0C 30 2E 75 21 01 07 01 27 60 05 4F 23 48 02 4E 3E 19 27 23 00 48 16 52 2E 60 01 2C 16 41 2F 0E 00 23 27 2F 0B 23 2E 4B 3F F2 EC ED FF	[F2:$EDE4]そういや じっちゃんは むかしから\n[F1:$02]こどもずきで、おらも ずいぶん\n[F1:$02]かわいがって もらったもんだ。[F2:$EDEC]	せんいん「[F0:$81]そういや じっちゃんは むかしから\n[F1:$02]こどもずきで、おらも ずいぶん\n[F1:$02]かわいがって もらったもんだ。[F0:$82]
1105	1105	95B7	C	95B7	13	plain	YES		0	0			65 05 1E 8C 76 28 32 17 07 00 6C 3F FF	シュン「このあたりの りょうし です。	シュン「このあたりの りょうし です。
1106	1106	95C4	C	95C4	28	plain	YES		0	0			65 28 32 17 73 4E 27 2A 1A 01 2F 0B 00 0B 22 01 60 16 27 16 27 07 0E 00 16 68 3F FF	シュン「りょうに でられなかった ためか\n[F1:$02]いらいらして います。	シュン「りょうに でられなかった ためか\n[F1:$02]いらいらして います。
1107	1107	95E0	C	95E0	13	plain	YES		0	0			65 05 1E 00 8C 1B 75 16 7F 86 6C 3F FF	シュン「この あたりには いないようです。	シュン「この あたりには いないようです。
1108	1108	95ED	C	95ED	43	plain	YES		0	0			65 D1 D5 E4 22 33 0F 29 43 27 16 76 42 32 09 2E 4E 3E 60 01 1A 28 00 19 02 1F 4E 00 28 32 17 1B 16 03 12 1D 60 4B 0A 17 6C 3F FF	シュン「[GLYPH:$D1][GLYPH:$D5]メートルぐらいの ぎょせんで、\n[F1:$02]かなり おきまで りょうにいくふね\n[F1:$02]だそうです。	シュン「[GLYPH:$D1][GLYPH:$D5]メートルぐらいの ぎょせんで、\n[F1:$02]かなり おきまで りょうにいくふね\n[F1:$02]だそうです。
1109	1109	9618	C	9618	22	plain	YES		0	0			65 1A 2E 4F 00 07 27 53 0E 20 0E 23 60 8A 0F 05 2B 10 7E 6A 3F FF	シュン「なんど しらべてみても\n[F1:$02]かわったところはありません。	シュン「なんど しらべてみても\n[F1:$02]かわったところはありません。
1110	1110	962E	C	962E	22	plain	YES		0	0			65 12 0D 17 76 0B 0E 23 1E 4E 00 89 8A 60 0F 05 2B 75 7E 6A 3F FF	シュン「ふつうの たてもので とくに かわった\n[F1:$02]ところは ありません。	シュン「ふつうの たてもので とくに かわった\n[F1:$02]ところは ありません。
1111	1111	9644	C	9644	13	controlled	YES		0	2	EDE4,EDEC	F2,F2	F2 E4 ED 07 27 1D 18 26 35 F2 EC ED FF	[F2:$EDE4]しらねえよ！[F2:$EDEC]	せんいん「[F0:$81]しらねえよ！[F0:$82]
1112	1112	9651	C	9651	24	controlled	YES		0	2	E94F,DADB	F2,F2	F2 4F E9 09 2E 16 2E 3A 99 1A 2E 77 20 0B 03 23 1D 33 24 3F F2 DB DA FF	[F2:$E94F]せんいん「しゃしんなんか みたくもねーや。[F2:$DADB]	シュン「[F0:$A1]ちょっと これをみてくれますか？[F0:$A2]\n[F1:$0A][FE][F9]せんいん「しゃしんなんか みたくもねーや。\n[F1:$0A][FE][F9][F5:$11,$03]
1113	1113	9669	C	9669	28	controlled	YES		0	2	E94F,DADB	F2,F2	F2 4F E9 09 2E 16 2E 3A 47 33 93 76 99 1A 2E 01 60 20 0B 03 1D 33 26 3F F2 DB DA FF	[F2:$E94F]せんいん「じーさんの しゃしんなんか\n[F1:$02]みたくねーよ。[F2:$DADB]	シュン「[F0:$A1]ちょっと これをみてくれますか？[F0:$A2]\n[F1:$0A][FE][F9]せんいん「じーさんの しゃしんなんか\n[F1:$02]みたくねーよ。\n[F1:$0A][FE][F9][F5:$11,$03]
1114	1114	9685	C	9685	31	controlled	YES		0	2	E94F,DADB	F2,F2	F2 4F E9 09 2E 16 2E 3A 47 33 93 76 99 1A 2E 01 60 20 0B 03 1D 33 2F 0B 27 26 3F F2 DB DA FF	[F2:$E94F]せんいん「じーさんの しゃしんなんか\n[F1:$02]みたくねーったらよ。[F2:$DADB]	シュン「[F0:$A1]ちょっと これをみてくれますか？[F0:$A2]\n[F1:$0A][FE][F9]せんいん「じーさんの しゃしんなんか\n[F1:$02]みたくねーったらよ。\n[F1:$0A][FE][F9][F5:$11,$03]
1115	1115	96A4	C	96A4	57	controlled	YES		0	2	E94F,DADB	F2,F2	F2 4F E9 09 2E 16 2E 3A 2E 36 00 05 00 05 76 1E 20 4D 01 16 10 72 60 24 2F 55 28 00 0A 17 4B 3F AD 76 47 2F 0C 30 2E 41 60 14 2F 0B 23 2E 73 0C 41 16 1D 18 3F F2 DB DA FF	[F2:$E94F]せんいん「ん？ こ この のみづかいは……。\n[F1:$02]やっぱり そうだ。うらたの じっちゃんが\n[F1:$02]ほったもんに ちがいねえ。[F2:$DADB]	シュン「[F0:$A1]ちょっと これをみてくれますか？[F0:$A2]\n[F1:$0A][FE][F9]せんいん「ん？ こ この のみづかいは……。\n[F1:$02]やっぱり そうだ。うらたの じっちゃんが\n[F1:$02]ほったもんに ちがいねえ。\n[F1:$0A][FE][F9][F5:$11,$03]
1116	1116	96DD	C	96DD	39	controlled	YES		0	2	E94F,DADB	F2,F2	F2 4F E9 09 2E 16 2E 3A 17 33 2E 3F 24 2F 55 28 00 05 76 1E 20 48 01 16 10 60 AD 76 47 2F 0C 30 2E 4B 3F F2 DB DA FF	[F2:$E94F]せんいん「うーん。やっぱり この のみずかいは\n[F1:$02]うらたの じっちゃんだ。[F2:$DADB]	シュン「[F0:$A1]ちょっと これをみてくれますか？[F0:$A2]\n[F1:$0A][FE][F9]せんいん「うーん。やっぱり この のみずかいは\n[F1:$02]うらたの じっちゃんだ。\n[F1:$0A][FE][F9][F5:$11,$03]
1117	1117	9704	C	9704	32	controlled	YES		0	2	E94F,DADB	F2,F2	F2 4F E9 09 2E 16 2E 3A 19 2F 3F 05 28 30 3E AD 76 47 2F 0C 30 2E 4E 60 1D 18 01 3F F2 DB DA FF	[F2:$E94F]せんいん「おっ。こりゃ、うらたの じっちゃんで\n[F1:$02]ねえか。[F2:$DADB]	シュン「[F0:$A1]ちょっと これをみてくれますか？[F0:$A2]\n[F1:$0A][FE][F9]せんいん「おっ。こりゃ、うらたの じっちゃんで\n[F1:$02]ねえか。\n[F1:$0A][FE][F9][F5:$11,$03]
1118	1118	9724	C	9724	35	plain	YES		0	0			65 05 1E 8C 1B 75 9D 75 7E 6A 3F 60 47 21 07 32 76 1A 01 1A 27 00 01 28 27 2A 29 01 0F 60 7C 16 68 3F FF	シュン「このあたりには でんわは ありません。\n[F1:$02]じむしょの なかなら かりられるかと\n[F1:$02]おもいます。	シュン「このあたりには でんわは ありません。\n[F1:$02]じむしょの なかなら かりられるかと\n[F1:$02]おもいます。
1119	1119	9747	C	9747	25	plain	YES		0	0			65 7A 0A 2B 0A 2B 00 16 02 6B 01 3F 60 4F 17 23 00 19 47 30 1F 07 69 3F FF	シュン「では そろそろ いきましょうか。\n[F1:$02]どうも おじゃましました。	シュン「では そろそろ いきましょうか。\n[F1:$02]どうも おじゃましました。
1120	1120	9760	C	9760	28	plain	YES		0	0			65 01 2E 28 47 21 07 32 73 10 16 28 69 3F 62 65 08 20 6A 3F 90 76 23 1E 6C 41 3F FF	シュン「かんりじむしょに はいりました。\n[F1:$0A][FE][F9]シュン「すみません。けいさつの ものですが。	シュン「かんりじむしょに はいりました。\n[F1:$0A][FE][F9]シュン「すみません。けいさつの ものですが。
1121	1121	977C	C	977C	10	controlled	YES		0	2	ED5A,ED5F	F2,F2	F2 5A ED 10 15 72 F2 5F ED FF	[F2:$ED5A]はあ……。[F2:$ED5F]	おとこ「[F0:$81]はあ……。[F0:$82]
1122	1122	9786	C	9786	14	controlled	YES		0	2	ED5A,ED5F	F2,F2	F2 5A ED 19 24 00 1F 0B 84 71 F2 5F ED FF	[F2:$ED5A]おや またなにか？[F2:$ED5F]	おとこ「[F0:$81]おや またなにか？[F0:$82]
1123	1123	9794	C	9794	24	plain	YES		0	0			65 7D 28 69 3F 7A 16 02 6B 01 3F 60 4F 17 23 00 19 47 30 1F 07 69 3F FF	シュン「わかりました。では いきましょうか。\n[F1:$02]どうも おじゃましました。	シュン「わかりました。では いきましょうか。\n[F1:$02]どうも おじゃましました。
1124	1124	97AC	C	97AC	43	plain	YES		0	0			65 E5 01 17 2E 0B 33 73 E3 1B 59 59 1B 2E 42 32 17 0F 00 26 50 2A 29 60 02 54 28 76 1B 2E 42 32 17 78 19 01 2A 0E 00 16 68 3F FF	シュン「カウンターに ニポポにんぎょうと よばれる\n[F1:$02]きぼりの にんぎょうが おかれて います。	シュン「カウンターに ニポポにんぎょうと よばれる\n[F1:$02]きぼりの にんぎょうが おかれて います。
1125	1125	97D7	C	97D7	40	controlled	YES		0	2	ED5A,ED5F	F2,F2	F2 5A ED 19 24 03 73 0B 0E 1A 03 0E 00 08 1F 2E 41 60 2C 07 1B 75 1A 2E 76 05 0F 4B 77 06 2F 55 28 6C 2C 3F F2 5F ED FF	[F2:$ED5A]おやくに たてなくて すまんが\n[F1:$02]わしには なんの ことだか さっぱりですわ。[F2:$ED5F]	おとこ「[F0:$81]おやくに たてなくて すまんが\n[F1:$02]わしには なんの ことだか さっぱりですわ。[F0:$82]
1126	1126	97FF	C	97FF	33	controlled	YES		0	2	ED5A,ED5F	F2,F2	F2 5A ED 0A 2E 1A 00 A8 29 05 0F 74 02 01 7F 4E 03 4B 06 16 3F 60 E5 2C 2F 10 2F 10 3F F2 5F ED FF	[F2:$ED5A]そんな しらきることを きかないでください。\n[F1:$02]ワッハッハ。[F2:$ED5F]	おとこ「[F0:$81]そんな しらきることを きかないでください。\n[F1:$02]ワッハッハ。[F0:$82]
1127	1127	9820	C	9820	43	controlled	YES		0	2	ED5A,ED5F	F2,F8,F2	F2 5A ED 0A 2E 1A 05 0F 74 02 01 2A 29 0F 00 0F 0E 23 60 A8 68 70 E5 2C 2F 10 2F 10 3F F8 F2 5F ED 65 E2 07 27 33 33 33 02 72 FF	[F2:$ED5A]そんなことを きかれると とても\n[F1:$02]しらきますね。ワッハッハ。\n[F2:$ED5F]シュン「シラーーーき……。	おとこ「[F0:$81]そんなことを きかれると とても\n[F1:$02]しらきますね。ワッハッハ。\n[F0:$82]シュン「シラーーーき……。
1128	1128	984B	C	984B	17	controlled	YES		0	2	ED5A,ED5F	F2,F2	F2 5A ED 06 15 00 4B 2A 76 05 0F 6E 3F F2 5F ED FF	[F2:$ED5A]さあ だれの ことでしょう。[F2:$ED5F]	おとこ「[F0:$81]さあ だれの ことでしょう。[F0:$82]
1129	1129	985C	C	985C	19	controlled	YES		0	2	ED5A,ED5F	F2,F2	F2 5A ED 16 24 00 05 05 2B 8C 78 7E 6A 1A 3F F2 5F ED FF	[F2:$ED5A]いや こころあたりが ありませんな。[F2:$ED5F]	おとこ「[F0:$81]いや こころあたりが ありませんな。[F0:$82]
1130	1130	986F	C	986F	100	controlled	YES		0	4	ED5A,ED5F,ED5A,ED5F	F2,F2,F2,F2	F2 5A ED 07 48 2E 4B 12 1D 76 12 1A 1C 07 41 60 A9 39 02 08 04 0F 00 1A 2F 0F 28 68 41 3E 60 2C 0B 07 10 0C 32 03 09 0D 00 15 2F 0B 05 0F 41 7F 79 72 F2 5F ED 62 F2 5A ED 84 52 2E 00 21 01 07 1E 05 0F 4B 01 27 3E 60 81 00 16 02 0E 16 29 0F 07 0E 23 60 80 00 48 16 52 2E 00 0F 07 6E 1A 3F F2 5F ED FF	[F2:$ED5A]しずんだふねの ふなぬしが\n[F1:$02]おくむら・きすけと なっとりますが、\n[F1:$02]わたしはちょくせつ あったことがないので……。[F2:$ED5F]\n[F1:$0A][FE][F9][F2:$ED5A]なにぶん むかしのことだから、\n[F1:$02]まだ いきているとしても\n[F1:$02]もう ずいぶん としでしょうな。[F2:$ED5F]	おとこ「[F0:$81]しずんだふねの ふなぬしが\n[F1:$02]おくむら・きすけと なっとりますが、\n[F1:$02]わたしはちょくせつ あったことがないので……。[F0:$82]\n[F1:$0A][FE][F9]おとこ「[F0:$81]なにぶん むかしのことだから、\n[F1:$02]まだ いきているとしても\n[F1:$02]もう ずいぶん としでしょうな。[F0:$82]
1131	1131	98D3	C	98D3	56	controlled	YES		0	2	ED5A,ED5F	F2,F2	F2 5A ED 18 18 3F 21 01 07 75 05 1E 13 2E 4E 00 16 0C 50 2E 0F 60 16 2C 2A 29 00 28 32 17 07 00 6D 41 3E 60 16 1F 00 4F 17 07 0E 00 16 29 01 75 07 28 6A 70 F2 5F ED FF	[F2:$ED5A]ええ。むかしは このへんで いちばんと\n[F1:$02]いわれる りょうし でしたが、\n[F1:$02]いま どうして いるかは しりませんね。[F2:$ED5F]	おとこ「[F0:$81]ええ。むかしは このへんで いちばんと\n[F1:$02]いわれる りょうし でしたが、\n[F1:$02]いま どうして いるかは しりませんね。[F0:$82]
1132	1132	990B	C	990B	120	controlled	YES		0	7	EBE4,ED5A,ED5F,ED5A,ED5F,ED5A,ED5F	F2,F2,F2,F2,F2,F2,F2	F2 E4 EB F2 5A ED 02 2B 03 1B 26 29 0F 00 09 2E 4F 17 00 14 01 60 D7 22 16 78 05 76 47 05 4E 00 07 54 17 07 0E 68 1A 3F F2 5F ED 62 F2 5A ED 12 1A 1C 07 75 A9 39 02 08 04 0F 60 1A 2F 0F 29 3F F2 5F ED 62 F2 5A ED 18 33 0F 00 47 31 17 07 32 10 72 60 15 15 3E 05 05 01 27 00 01 16 41 2E 4A 16 1B 16 2F 0E 60 07 32 05 0D 41 2C 74 05 18 0B 8C 6C 1A 3F F2 5F ED FF	[F2:$EBE4][F2:$ED5A]きろくによると せんどう ほか\n[F1:$02][GLYPH:$D7]めいが この じこで しぼうしてますな。[F2:$ED5F]\n[F1:$0A][FE][F9][F2:$ED5A]ふなぬしは おくむら・きすけと\n[F1:$02]なっとる。[F2:$ED5F]\n[F1:$0A][FE][F9][F2:$ED5A]えーと じゅうしょは……。\n[F1:$02]ああ、ここから かいがんぞいにいって\n[F1:$02]しょこつがわを こえたあたりですな。[F2:$ED5F]	おとこ「[F0:$81]うーむ。ここらで いちばん おおきな\n[F1:$02]ジコは……。しょうわ[GLYPH:$D2][GLYPH:$D4]ねんの えいふくまる\n[F1:$02]ちんぼつでしょう。えーと……。[F0:$82]\n[F1:$0A][FE][F9]おとこ「[F0:$81]きろくによると せんどう ほか\n[F1:$02][GLYPH:$D7]めいが この じこで しぼうしてますな。[F0:$82]\n[F1:$0A][FE][F9]おとこ「[F0:$81]ふなぬしは おくむら・きすけと\n[F1:$02]なっとる。[F0:$82]\n[F1:$0A][FE][F9]おとこ「[F0:$81]えーと じゅうしょは……。\n[F1:$02]ああ、ここから かいがんぞいにいって\n[F1:$02]しょこつがわを こえたあたりですな。[F0:$82]
1133	1133	9983	C	9983	23	controlled	YES		0	3	EBE4,ED5A,ED5F	F2,F2,F2	F2 E4 EB F2 5A ED 0A 1E 05 0F 75 80 00 97 6A 6D 2F 04 36 F2 5F ED FF	[F2:$EBE4][F2:$ED5A]そのことは もう はなしませんでしたっけ？[F2:$ED5F]	おとこ「[F0:$81]うーむ。ここらで いちばん おおきな\n[F1:$02]ジコは……。しょうわ[GLYPH:$D2][GLYPH:$D4]ねんの えいふくまる\n[F1:$02]ちんぼつでしょう。えーと……。[F0:$82]\n[F1:$0A][FE][F9]おとこ「[F0:$81]そのことは もう はなしませんでしたっけ？[F0:$82]
1134	1134	999A	C	999A	64	controlled	YES		0	4	ED5A,ED5F,ED5A,ED5F	F2,F2,F2,F2	F2 5A ED A7 23 00 21 01 07 00 05 1E 13 2E 4E 60 28 32 17 07 74 24 2F 0E 69 41 3E F2 5F ED 62 F2 5A ED 16 1F 75 B9 73 11 2F 05 07 0E 60 44 2E 02 73 24 2F 0E 29 0F 00 02 16 0E 68 6F F2 5F ED FF	[F2:$ED5A]ゲンさんも むかし このへんで\n[F1:$02]りょうしを やってましたが、[F2:$ED5F]\n[F1:$0A][FE][F9][F2:$ED5A]いまは さっぽろに ひっこして\n[F1:$02]げんきに やってると きいてますよ。[F2:$ED5F]	おとこ「[F0:$81]ゲンさんも むかし このへんで\n[F1:$02]りょうしを やってましたが、[F0:$82]\n[F1:$0A][FE][F9]おとこ「[F0:$81]いまは さっぽろに ひっこして\n[F1:$02]げんきに やってると きいてますよ。[F0:$82]
1135	1135	99DA	C	99DA	37	controlled	YES		0	2	ED5A,ED5F	F2,F2	F2 5A ED A7 76 05 0F 4B 01 27 00 44 2E 02 6E 3F 60 1C 2C 33 2E 0C 30 2F 0E 00 E5 2C 33 10 2F 10 3F F2 5F ED FF	[F2:$ED5A]ゲンさんの ことだから げんきでしょう。\n[F1:$02]ぬわーんちゃって ワーハッハ。[F2:$ED5F]	おとこ「[F0:$81]ゲンさんの ことだから げんきでしょう。\n[F1:$02]ぬわーんちゃって ワーハッハ。[F0:$82]
1136	1136	99FF	C	99FF	28	plain	YES		0	0			65 05 05 76 01 01 28 16 2E 00 85 6C 70 60 15 24 07 16 0F 05 2B 75 7F 86 6C 41 72 FF	シュン「ここの かかりいん みたいですね。\n[F1:$02]あやしいところは ないようですが……。	シュン「ここの かかりいん みたいですね。\n[F1:$02]あやしいところは ないようですが……。
1137	1137	9A1B	C	9A1B	37	plain	YES		0	0			65 02 78 0C 16 06 0A 17 4E 3E 0F 0E 23 60 90 74 15 16 0E 73 E2 17 0A 74 0D 04 29 60 94 7A 1A 06 0A 17 6C 3F FF	シュン「きが ちいさそうで、とても\n[F1:$02]けいさつを あいてに ウソを つける\n[F1:$02]ひとでは なさそうです。	シュン「きが ちいさそうで、とても\n[F1:$02]けいさつを あいてに ウソを つける\n[F1:$02]ひとでは なさそうです。
1138	1138	9A40	C	9A40	35	plain	YES		0	0			65 63 3F 1F 0B 00 16 0D 23 76 1A 2E 4E 23 60 23 27 16 0B 41 29 00 51 32 17 02 41 60 10 47 1F 28 69 70 FF	シュン「ボス。また いつもの なんでも\n[F1:$02]もらいたがる びょうきが\n[F1:$02]はじまりましたね。	シュン「ボス。また いつもの なんでも\n[F1:$02]もらいたがる びょうきが\n[F1:$02]はじまりましたね。
1139	1139	9A63	C	9A63	18	controlled	YES		0	2	E94F,DADB	F2,F2	F2 4F E9 8D 3A 19 24 3F A7 73 1B 0E 68 70 F2 DB DA FF	[F2:$E94F]おとこ「おや。ゲンさんに にてますね。[F2:$DADB]	シュン「[F0:$A1]ちょっと これをみてくれますか？[F0:$A2]\n[F1:$0A][FE][F9]おとこ「おや。ゲンさんに にてますね。\n[F1:$0A][FE][F9][F5:$11,$03]
1140	1140	9A75	C	9A75	29	controlled	YES		0	2	E94F,DADB	F2,F2	F2 4F E9 8D 3A 4F 17 20 0E 23 00 A7 00 0A 2F 03 28 4B 1A 3F 60 05 28 30 3F F2 DB DA FF	[F2:$E94F]おとこ「どうみても ゲンさん そっくりだな。\n[F1:$02]こりゃ。[F2:$DADB]	シュン「[F0:$A1]ちょっと これをみてくれますか？[F0:$A2]\n[F1:$0A][FE][F9]おとこ「どうみても ゲンさん そっくりだな。\n[F1:$02]こりゃ。\n[F1:$0A][FE][F9][F5:$11,$03]
1141	1141	9A92	C	9A92	23	controlled	YES		0	2	E94F,DADB	F2,F2	F2 4F E9 8D 3A 05 2E 1A 94 00 20 0B 05 0F 23 00 7E 6A 3F F2 DB DA FF	[F2:$E94F]おとこ「こんなひと みたことも ありません。[F2:$DADB]	シュン「[F0:$A1]ちょっと これをみてくれますか？[F0:$A2]\n[F1:$0A][FE][F9]おとこ「こんなひと みたことも ありません。\n[F1:$0A][FE][F9][F5:$11,$03]
1142	1142	9AA9	C	9AA9	22	controlled	YES		0	2	E94F,DADB	F2,F2	F2 4F E9 8D 3A 20 0B 05 0F 76 7F 00 01 19 6C 1D 18 3F F2 DB DA FF	[F2:$E94F]おとこ「みたことの ない かおですねえ。[F2:$DADB]	シュン「[F0:$A1]ちょっと これをみてくれますか？[F0:$A2]\n[F1:$0A][FE][F9]おとこ「みたことの ない かおですねえ。\n[F1:$0A][FE][F9][F5:$11,$03]
1143	1143	9ABF	C	9ABF	102	controlled	YES		0	2	E94F,DADB	F2,F2	F2 4F E9 8D 3A 15 2A 36 00 15 1A 0B 41 0B 23 00 E3 1B 59 59 1B 2E 42 32 17 60 23 2F 0E 27 07 0B 2E 6C 01 3F 4E 23 00 0A 2A 3E 60 02 48 78 7E 68 70 12 28 32 17 11 2E 00 6C 6F 62 8D 3A 0B 52 2E 00 8F 93 3E 60 B8 39 C2 4E 00 01 2F 0B 2E 4E 07 32 3F 60 0F 28 01 18 0E 00 23 27 2F 0B 27 4F 17 6C 71 F2 DB DA FF	[F2:$E94F]おとこ「あれ？ あなたがたも ニポポにんぎょう\n[F1:$02]もってらしたんですか。でも それ、\n[F1:$02]きずが ありますね。ふりょうひん ですよ。\n[F1:$0A][FE][F9]おとこ「たぶん けいじさん、\n[F1:$02]あばしり・けいむしょで かったんでしょ。\n[F1:$02]とりかえて もらったらどうですか？[F2:$DADB]	シュン「[F0:$A1]ちょっと これをみてくれますか？[F0:$A2]\n[F1:$0A][FE][F9]おとこ「あれ？ あなたがたも ニポポにんぎょう\n[F1:$02]もってらしたんですか。でも それ、\n[F1:$02]きずが ありますね。ふりょうひん ですよ。\n[F1:$0A][FE][F9]おとこ「たぶん けいじさん、\n[F1:$02]あばしり・けいむしょで かったんでしょ。\n[F1:$02]とりかえて もらったらどうですか？\n[F1:$0A][FE][F9][F5:$11,$03]
1144	1144	9B25	C	9B25	57	controlled	YES		0	2	E94F,DADB	F2,F2	F2 4F E9 8D 3A 16 24 10 24 3F 0A 2E 1A 02 48 23 76 0D 01 1F 06 2A 0E 72 60 10 24 03 00 0F 28 01 18 0E 00 23 27 2F 0B 14 17 41 60 16 16 2E 47 30 00 7F 2E 6C 71 F2 DB DA FF	[F2:$E94F]おとこ「いやはや。そんなきずもの つかまされて……。\n[F1:$02]はやく とりかえて もらったほうが\n[F1:$02]いいんじゃ ないんですか？[F2:$DADB]	シュン「[F0:$A1]ちょっと これをみてくれますか？[F0:$A2]\n[F1:$0A][FE][F9]おとこ「いやはや。そんなきずもの つかまされて……。\n[F1:$02]はやく とりかえて もらったほうが\n[F1:$02]いいんじゃ ないんですか？\n[F1:$0A][FE][F9][F5:$11,$03]
1145	1145	9B5E	C	9B5E	93	controlled	YES		0	2	E94F,DADB	F2,F2	F2 4F E9 8D 3A 15 15 00 05 1E 94 3E 21 01 07 00 05 1E 13 2E 4E 60 28 32 17 07 76 0C 32 17 2B 17 00 4B 2F 0B 60 AD 93 47 30 00 7F 6C 01 3F 62 8D 3A 18 33 0F 00 05 1E 12 0B 28 76 8E 1E 05 10 60 AD 93 76 19 1F 45 93 01 1A 3F 60 18 36 00 A7 76 21 08 22 36 00 13 18 18 72 F2 DB DA FF	[F2:$E94F]おとこ「ああ このひと、むかし このへんで\n[F1:$02]りょうしの ちょうろう だった\n[F1:$02]うらたさんじゃ ないですか。\n[F1:$0A][FE][F9]おとこ「えーと このふたりの おんなのこは\n[F1:$02]うらたさんの おまごさんかな。\n[F1:$02]え？ ゲンさんの むすめ？ へええ……。[F2:$DADB]	シュン「[F0:$A1]ちょっと これをみてくれますか？[F0:$A2]\n[F1:$0A][FE][F9]おとこ「ああ このひと、むかし このへんで\n[F1:$02]りょうしの ちょうろう だった\n[F1:$02]うらたさんじゃ ないですか。\n[F1:$0A][FE][F9]おとこ「えーと このふたりの おんなのこは\n[F1:$02]うらたさんの おまごさんかな。\n[F1:$02]え？ ゲンさんの むすめ？ へええ……。\n[F1:$0A][FE][F9][F5:$11,$03]
1146	1146	9BBB	C	9BBB	31	controlled	YES		0	2	E94F,DADB	F2,F2	F2 4F E9 8D 3A 0A 76 99 1A 27 00 80 00 10 16 04 2E 60 07 69 41 3E 81 00 84 01 72 F2 DB DA FF	[F2:$E94F]おとこ「その しゃしんなら もう はいけん\n[F1:$02]しましたが、まだ なにか……。[F2:$DADB]	シュン「[F0:$A1]ちょっと これをみてくれますか？[F0:$A2]\n[F1:$0A][FE][F9]おとこ「その しゃしんなら もう はいけん\n[F1:$02]しましたが、まだ なにか……。\n[F1:$0A][FE][F9][F5:$11,$03]
1147	1147	9BDA	C	9BDA	36	controlled	YES		0	2	ED5A,ED5F	F2,F2	65 08 20 6A 3F 9D 00 19 01 28 07 0E 60 16 16 6C 01 3F 62 F2 5A ED 16 16 6C 26 00 4F 17 4A 3F F2 5F ED 62 FF	シュン「すみません。でんわ おかりして\n[F1:$02]いいですか。\n[F1:$0A][FE][F9][F2:$ED5A]いいですよ どうぞ。[F2:$ED5F]\n[F1:$0A][FE][F9]	シュン「すみません。でんわ おかりして\n[F1:$02]いいですか。\n[F1:$0A][FE][F9]おとこ「[F0:$81]いいですよ どうぞ。[F0:$82]\n[F1:$0A][FE][F9]
1148	1148	9BFE	C	9BFE	48	controlled	YES		0	0		F0	F0 81 65 17 0B 4E 00 25 17 22 16 1A 00 0B 22 77 1F 16 1B 0C 60 19 19 03 76 01 2E 05 17 02 30 03 78 05 05 2D 60 19 0F 48 2A 29 00 0A 17 6C 3F FF	[F0:$81]シュン「うたで ゆうめいな ためか まいにち\n[F1:$02]おおくの かんこうきゃくが ここを\n[F1:$02]おとずれる そうです。	[F0:$81]シュン「うたで ゆうめいな ためか まいにち\n[F1:$02]おおくの かんこうきゃくが ここを\n[F1:$02]おとずれる そうです。
1149	1149	9C2E	C	9C2E	54	plain	YES		0	0			19 50 93 3A 10 16 3F 17 0C 4E 15 0D 01 2F 0E 16 29 00 1B 2E 42 32 17 10 60 08 53 0E 00 C2 76 47 31 04 16 07 30 1E 60 0E 4D 03 28 6C 3F 16 16 9F 73 1A 28 68 6F FF	おばさん「はい。うちであつかっている にんぎょうは\n[F1:$02]すべて けいむしょの じゅけいしゃの\n[F1:$02]てづくりです。いいおみやげに なりますよ。	おばさん「はい。うちであつかっている にんぎょうは\n[F1:$02]すべて けいむしょの じゅけいしゃの\n[F1:$02]てづくりです。いいおみやげに なりますよ。
1150	1150	9C64	C	9C64	27	plain	YES		0	0			19 50 93 3A 06 15 3F 4B 2A 78 0D 03 2F 0B 77 1F 4E 10 60 07 28 6A 04 2A 4F 72 FF	おばさん「さあ。だれが つくったか までは\n[F1:$02]しりませんけれど……。	おばさん「さあ。だれが つくったか までは\n[F1:$02]しりませんけれど……。
1151	1151	9C7F	C	9C7F	19	plain	YES		0	0			19 50 93 3A 14 2E 0F 73 4B 2A 78 0D 03 2F 0B 2E 6E 70 FF	おばさん「ほんとに だれが つくったんでしょうね。	おばさん「ほんとに だれが つくったんでしょうね。
1152	1152	9C92	C	9C92	37	plain	YES		0	0			65 0A 03 50 16 07 32 76 19 50 93 2D 60 07 27 53 29 1E 6C 71 60 89 15 24 07 16 00 94 00 0F 75 7C 18 6A 41 3F FF	シュン「そくばいしょの おばさんを\n[F1:$02]しらべるのですか？\n[F1:$02]とくに あやしい ひと とは おもえませんが。	シュン「そくばいしょの おばさんを\n[F1:$02]しらべるのですか？\n[F1:$02]とくに あやしい ひと とは おもえませんが。
1153	1153	9CB7	C	9CB7	74	plain	YES		0	0			65 1A 2E 0F 00 C2 76 01 2E 07 31 76 94 1B 60 02 16 0E 00 20 0B 0F 05 2B 3E AD 39 47 2E 45 2B 17 10 60 21 02 00 0C 32 17 18 02 00 0C 31 17 0F 07 0E 3E 62 65 05 05 00 B8 00 C2 4E 60 12 03 18 02 0C 31 17 00 4B 0A 17 6C 3F FF	シュン「なんと けいむしょの かんしゅの ひとに\n[F1:$02]きいて みたところ、うらた・じんごろうは\n[F1:$02]むき ちょうえき ちゅうとして、\n[F1:$0A][FE][F9]シュン「ここ あばしり けいむしょで\n[F1:$02]ふくえきちゅう だそうです。	シュン「なんと けいむしょの かんしゅの ひとに\n[F1:$02]きいて みたところ、うらた・じんごろうは\n[F1:$02]むき ちょうえき ちゅうとして、\n[F1:$0A][FE][F9]シュン「ここ あばしり けいむしょで\n[F1:$02]ふくえきちゅう だそうです。
1154	1154	9D01	C	9D01	40	plain	YES		0	0			65 4F 17 24 27 00 47 31 04 16 07 30 76 0D 03 2F 0B 60 20 2E 44 16 11 2E 74 9F 0F 07 0E 60 17 2F 0E 00 16 29 86 6C 3F FF	シュン「どうやら じゅけいしゃの つくった\n[F1:$02]みんげいひんを おみやげとして\n[F1:$02]うって いるようです。	シュン「どうやら じゅけいしゃの つくった\n[F1:$02]みんげいひんを おみやげとして\n[F1:$02]うって いるようです。
1155	1155	9D29	C	9D29	52	plain	YES		0	0			65 E3 1B 59 59 1B 2E 42 32 17 78 19 01 2A 0E 00 16 68 3F 60 24 10 28 00 05 76 1B 2E 42 32 17 75 05 05 4E 60 0D 03 27 2A 0B 00 23 76 4B 2F 0B 2E 6C 1D 3F FF	シュン「ニポポにんぎょうが おかれて います。\n[F1:$02]やはり この にんぎょうは ここで\n[F1:$02]つくられた もの だったんですね。	シュン「ニポポにんぎょうが おかれて います。\n[F1:$02]やはり この にんぎょうは ここで\n[F1:$02]つくられた もの だったんですね。
1156	1156	9D5D	C	9D5D	81	plain	YES		0	0			65 08 16 6A 3F 60 88 0A 76 1B 2E 42 32 17 00 B3 0E 00 03 4B 06 16 3F 62 19 50 93 3A 10 16 3F 0A 2A 75 E3 1B 59 59 1B 2E 42 32 17 0F 16 2F 0E 3E 60 0F 0E 23 00 16 16 00 9F 00 6C 6F 60 0A 0C 27 76 01 0B 23 00 01 2F 0E 00 01 18 27 2A 0E 10 36 FF	シュン「すいません。\n[F1:$02]ちょっと その にんぎょう みせて ください。\n[F1:$0A][FE][F9]おばさん「はい。それは ニポポにんぎょうといって、\n[F1:$02]とても いい おみやげ ですよ。\n[F1:$02]そちらの かたも かって かえられては？	シュン「すいません。\n[F1:$02]ちょっと その にんぎょう みせて ください。\n[F1:$0A][FE][F9]おばさん「はい。それは ニポポにんぎょうといって、\n[F1:$02]とても いい おみやげ ですよ。\n[F1:$02]そちらの かたも かって かえられては？
1157	1157	9DAE	C	9DAE	24	plain	YES		0	0			65 7B 1B 2E 42 32 17 74 01 17 2E 6C 71 60 12 0B 0D 23 00 16 28 6A 6F FF	シュン「え？ にんぎょうを かうんですか？\n[F1:$02]ふたつも いりませんよ。	シュン「え？ にんぎょうを かうんですか？\n[F1:$02]ふたつも いりませんよ。
1158	1158	9DC6	C	9DC6	19	plain	YES		0	0			65 0A 03 50 16 07 32 76 19 50 93 73 84 2D 60 B3 68 71 FF	シュン「そくばいしょの おばさんに なにを\n[F1:$02]みせますか？	シュン「そくばいしょの おばさんに なにを\n[F1:$02]みせますか？
1159	1159	9DD9	C	9DD9	53	controlled	YES		0	2	E94F,DADB	F2,F2	F2 4F E9 19 50 93 3A 06 15 3F 1F 16 1B 0C 00 0B 03 93 1E 60 19 02 30 03 06 1F 41 00 02 68 01 27 3E 60 94 28 94 28 76 01 19 1F 4E 19 54 18 0E 6A 6F F2 DB DA FF	[F2:$E94F]おばさん「さあ。まいにち たくさんの\n[F1:$02]おきゃくさまが きますから、\n[F1:$02]ひとりひとりの かおまでおぼえてませんよ。[F2:$DADB]	シュン「[F0:$A1]ちょっと これをみてくれますか？[F0:$A2]\n[F1:$0A][FE][F9]おばさん「さあ。まいにち たくさんの\n[F1:$02]おきゃくさまが きますから、\n[F1:$02]ひとりひとりの かおまでおぼえてませんよ。\n[F1:$0A][FE][F9][F5:$11,$03]
1160	1160	9E0E	C	9E0E	7	controlled	YES		0	2	9E15,DADB	F2,F2	F2 15 9E F2 DB DA FF	[F2:$9E15][F2:$DADB]	シュン「[F0:$A1]ちょっと これをみてくれますか？[F0:$A2]\n[F1:$0A][FE][F9]おばさん「たしかにそれは うちでうったものです。\n[F1:$02]ないているように みえるでしょう？\n[F1:$0A][FE][F9]おばさん「どういうわけか ひとごろしの きじが\n[F1:$02]しんぶんに のった つぎのひ きまって\n[F1:$02]それが まじるんですよ。\n[F1:$0A][FE][F9][F5:$11,$03]
1161	1161	9E6C	C	9E6C	24	plain	YES		0	0			65 26 52 26 28 00 05 0C 27 01 27 00 16 2F 0B 14 17 41 60 16 16 6E 3F FF	シュン「よぶより こちらから いったほうが\n[F1:$02]いいでしょう。	シュン「よぶより こちらから いったほうが\n[F1:$02]いいでしょう。
1162	1162	9E84	C	9E84	21	plain	YES		0	0			65 7A 0A 03 50 16 07 32 76 15 01 9D 01 27 60 01 04 6B 3F 62 FF	シュン「では そくばいしょの あかでんわから\n[F1:$02]かけましょう。\n[F1:$0A][FE][F9]	シュン「では そくばいしょの あかでんわから\n[F1:$02]かけましょう。\n[F1:$0A][FE][F9]
1163	1163	9E99	C	9E99	30	plain	YES		0	0			65 04 16 21 07 32 1B 16 2F 0E 60 AD 0F 16 17 00 2B 17 47 2E 1B 60 15 2F 0E 20 6B 3F 62 FF	シュン「けいむしょにいって\n[F1:$02]うらたという ろうじんに\n[F1:$02]あってみましょう。\n[F1:$0A][FE][F9]	シュン「けいむしょにいって\n[F1:$02]うらたという ろうじんに\n[F1:$02]あってみましょう。\n[F1:$0A][FE][F9]
1164	1164	9EB7	C	9EB7	10	plain	YES		0	0			65 7A 0A 0F 73 4E 6B 3F 62 FF	シュン「では そとに でましょう。\n[F1:$0A][FE][F9]	シュン「では そとに でましょう。\n[F1:$0A][FE][F9]
1165	1165	9EC1	C	9EC1	40	controlled	YES		0	2	EE16,EE1B	F2,F2	65 05 76 2B 17 47 2E 78 AD 39 47 2E 45 2B 17 6C 3F 62 F2 16 EE 15 2E 0B 27 00 2C 07 73 1A 2E 76 86 47 30 3F F2 1B EE FF	シュン「この ろうじんが うらた・じんごろうです。\n[F1:$0A][FE][F9][F2:$EE16]あんたら わしに なんの ようじゃ。[F2:$EE1B]	シュン「この ろうじんが うらた・じんごろうです。\n[F1:$0A][FE][F9]うらた「[F0:$81]あんたら わしに なんの ようじゃ。[F0:$82]
1166	1166	9EE9	C	9EE9	40	controlled	YES		0	2	EE16,EE1B	F2,F2	65 AD 39 47 2E 45 2B 17 00 2B 17 47 2E 00 6C 3F 62 F2 16 EE 15 2E 0B 27 00 1F 0B 00 02 1A 08 2F 0B 1E 01 3F F2 1B EE FF	シュン「うらた・じんごろう ろうじん です。\n[F1:$0A][FE][F9][F2:$EE16]あんたら また きなすったのか。[F2:$EE1B]	シュン「うらた・じんごろう ろうじん です。\n[F1:$0A][FE][F9]うらた「[F0:$81]あんたら また きなすったのか。[F0:$82]
1167	1167	9F11	C	9F11	603	plain	YES		0	0			65 1F 06 77 15 76 C5 78 09 2E 45 1E 4F 06 03 06 1B 60 52 2F 07 76 19 17 28 32 17 74 07 0E 16 0B 0F 10 72 62 65 0A 07 0E 00 0A 2A 78 50 2A 0A 17 73 1A 2F 0B 0F 02 3E 60 11 20 0D 2D 07 29 00 28 32 17 07 00 0F 23 4F 23 00 12 1D 2D 60 07 48 22 0E 07 1F 2F 0B 0F 10 3F 62 65 0A 1E 0F 02 00 07 2E 4B 00 09 2E 4F 17 60 1E 21 27 39 24 08 02 0C 76 21 08 05 78 1E 21 27 39 44 2E 47 72 62 65 01 2A 75 AB 93 24 00 07 2E 4B 25 01 28 93 1E 60 0C 0C 19 24 72 0D 1F 28 00 BB 1E 60 A7 00 0F 00 16 17 05 0F 73 1A 28 68 3F 62 65 0A 07 0E 00 0A 76 A7 73 0A 0D 03 28 1E 60 1F 08 4B 00 78 05 1E 05 0F 4E 00 94 23 17 04 07 26 17 0F 3E 62 65 B4 73 16 2F 0E 3E 60 15 03 0D 76 0E 06 02 76 B0 73 05 2B 06 2A 0B 3F 62 65 1F 2F 0E 03 4B 06 16 3E 63 3F 60 05 1E 0F 02 00 A4 75 A7 76 1A 1F 18 2D 60 1A 1E 2F 0E 00 16 0B 1E 7A 7F 6E 71 62 65 0D 1F 28 00 C5 0B 0C 75 A7 2D 60 05 2B 07 0E 00 07 1F 2F 0B 0F 00 7C 16 05 2E 4B 72 62 65 4B 0F 08 29 0F 00 C5 0B 0C 75 0D 42 1B 60 A7 76 12 0B 28 76 21 08 22 76 03 0C 2D 60 12 17 47 29 00 05 0F 74 01 2E 41 18 29 00 10 48 72 62 65 63 3F 4F 17 24 27 00 47 04 2E 76 49 2E 54 17 41 60 20 18 0E 02 69 3F 62 65 0C 0C 19 24 0F 00 0A 07 0E 00 AE 93 1F 4E 60 05 2B 06 2A 0B 00 A7 10 60 12 03 07 31 17 76 0B 22 3D 3D 0A 07 0E 3E 62 65 1E 05 06 2A 0B 00 80 94 28 76 21 08 22 60 AB 93 76 0B 22 1B 60 16 0C 20 74 0D 42 0D 42 0F 00 05 2B 08 3F 62 65 16 2F 59 17 00 21 01 07 76 1A 01 1F 74 05 2B 06 2A 0B 60 C5 76 14 17 10 3E 24 41 0E 00 A7 41 60 16 02 0E 16 29 05 0F 73 02 4D 02 62 65 15 27 0B 22 0E A7 74 05 2B 0A 17 0F 00 08 29 3F 62 65 4B 0F 08 29 0F 00 A7 76 0D 42 1E 60 11 32 17 0E 02 75 15 03 0D 39 11 4E 19 3D 3D 0A 07 0E 3E 62 65 C5 39 11 4E 19 23 00 A7 76 16 1E 0C 2D 60 1D 27 2F 0E 16 29 35 62 65 63 00 10 24 03 00 0E 74 17 0B 7F 0F 60 1F 0B 00 01 03 47 0D 73 06 0D 47 2E 47 04 2E 78 19 02 68 35 62 FF	シュン「まさか あの あくつが せんごのどさくさに\n[F1:$02]ぶっしの おうりょうを していたとは……。\n[F1:$0A][FE][F9]シュン「そして それが ばれそうに なったとき、\n[F1:$02]ひみつをしる りょうし ともども ふねを\n[F1:$02]しずめてしまったとは。\n[F1:$0A][FE][F9]シュン「そのとき しんだ せんどう\n[F1:$02]のむら・やすきちの むすこが のむら・げんじ……。\n[F1:$0A][FE][F9]シュン「かれは まきこさんや しんだゆかりさんの\n[F1:$02]ちちおや……。つまり コロポックリの\n[F1:$02]ゲンさん と いうことに なります。\n[F1:$0A][FE][F9]シュン「そして その ゲンさんに そつくりの\n[F1:$02]ますだ が このことで ひともうけしようと、\n[F1:$0A][FE][F9]シュン「とうきょうに いって、\n[F1:$02]あくつの てさきの やくざに ころされた。\n[F1:$0A][FE][F9]シュン「まってください、ボス。\n[F1:$02]このとき ますだは ゲンさんの なまえを\n[F1:$02]なのって いたのでは ないでしょうか？\n[F1:$0A][FE][F9]シュン「つまり あくつたちは ゲンさんを\n[F1:$02]ころして しまったと おもいこんだ……。\n[F1:$0A][FE][F9]シュン「だとすると あくつたちは つぎに\n[F1:$02]ゲンさんの ふたりの むすめの くちを\n[F1:$02]ふうじる ことを かんがえる はず……。\n[F1:$0A][FE][F9]シュン「ボス。どうやら じけんの ぜんぼうが\n[F1:$02]みえてきました。\n[F1:$0A][FE][F9]シュン「ちちおやと そして ゆかりさんまで\n[F1:$02]ころされた ゲンさんは\n[F1:$02]ふくしゅうの ため……そして、\n[F1:$0A][FE][F9]シュン「のこされた もうひとりの むすめ\n[F1:$02]まきこさんの ために\n[F1:$02]いちみを つぎつぎと ころす。\n[F1:$0A][FE][F9]シュン「いっぽう むかしの なかまを ころされた\n[F1:$02]あくつの ほうは、やがて ゲンさんが\n[F1:$02]いきていることに きづき\n[F1:$0A][FE][F9]シュン「あらためてゲンさんを ころそうと する。\n[F1:$0A][FE][F9]シュン「だとすると ゲンさんの つぎの\n[F1:$02]ひょうてきは あくつ・ひでお……そして、\n[F1:$0A][FE][F9]シュン「あくつ・ひでおも ゲンさんの いのちを\n[F1:$02]ねらっている！\n[F1:$0A][FE][F9]シュン「ボス はやく てを うたないと\n[F1:$02]また かくじつに さつじんじけんが おきます！\n[F1:$0A][FE][F9]	シュン「まさか あの あくつが せんごのどさくさに\n[F1:$02]ぶっしの おうりょうを していたとは……。\n[F1:$0A][FE][F9]シュン「そして それが ばれそうに なったとき、\n[F1:$02]ひみつをしる りょうし ともども ふねを\n[F1:$02]しずめてしまったとは。\n[F1:$0A][FE][F9]シュン「そのとき しんだ せんどう\n[F1:$02]のむら・やすきちの むすこが のむら・げんじ……。\n[F1:$0A][FE][F9]シュン「かれは まきこさんや しんだゆかりさんの\n[F1:$02]ちちおや……。つまり コロポックリの\n[F1:$02]ゲンさん と いうことに なります。\n[F1:$0A][FE][F9]シュン「そして その ゲンさんに そつくりの\n[F1:$02]ますだ が このことで ひともうけしようと、\n[F1:$0A][FE][F9]シュン「とうきょうに いって、\n[F1:$02]あくつの てさきの やくざに ころされた。\n[F1:$0A][FE][F9]シュン「まってください、ボス。\n[F1:$02]このとき ますだは ゲンさんの なまえを\n[F1:$02]なのって いたのでは ないでしょうか？\n[F1:$0A][FE][F9]シュン「つまり あくつたちは ゲンさんを\n[F1:$02]ころして しまったと おもいこんだ……。\n[F1:$0A][FE][F9]シュン「だとすると あくつたちは つぎに\n[F1:$02]ゲンさんの ふたりの むすめの くちを\n[F1:$02]ふうじる ことを かんがえる はず……。\n[F1:$0A][FE][F9]シュン「ボス。どうやら じけんの ぜんぼうが\n[F1:$02]みえてきました。\n[F1:$0A][FE][F9]シュン「ちちおやと そして ゆかりさんまで\n[F1:$02]ころされた ゲンさんは\n[F1:$02]ふくしゅうの ため……そして、\n[F1:$0A][FE][F9]シュン「のこされた もうひとりの むすめ\n[F1:$02]まきこさんの ために\n[F1:$02]いちみを つぎつぎと ころす。\n[F1:$0A][FE][F9]シュン「いっぽう むかしの なかまを ころされた\n[F1:$02]あくつの ほうは、やがて ゲンさんが\n[F1:$02]いきていることに きづき\n[F1:$0A][FE][F9]シュン「あらためてゲンさんを ころそうと する。\n[F1:$0A][FE][F9]シュン「だとすると ゲンさんの つぎの\n[F1:$02]ひょうてきは あくつ・ひでお……そして、\n[F1:$0A][FE][F9]シュン「あくつ・ひでおも ゲンさんの いのちを\n[F1:$02]ねらっている！\n[F1:$0A][FE][F9]シュン「ボス はやく てを うたないと\n[F1:$02]また かくじつに さつじんじけんが おきます！\n[F1:$0A][FE][F9]
1168	1168,1169	A16C	C	A16C	13	plain	YES		0	0			65 C2 76 22 2E 01 16 07 0D 00 6C 3F FF	シュン「けいむしょの めんかいしつ です。	シュン「けいむしょの めんかいしつ です。
1170	1170,1171	A179	C	A179	1	plain	YES		0	0			FF		
1172	1172	A17A	C	A17A	30	controlled	YES		0	2	EE16,EE1B	F2,F2	F2 16 EE 82 01 4E 00 02 16 0B 86 1A 00 1A 1F 18 47 30 41 60 7D 27 2E 1E 17 72 F2 1B EE FF	[F2:$EE16]どこかで きいたような なまえじゃが\n[F1:$02]わからんのう……。[F2:$EE1B]	うらた「[F0:$81]どこかで きいたような なまえじゃが\n[F1:$02]わからんのう……。[F0:$82]
1173	1173	A198	C	A198	51	controlled	YES		0	2	EE16,EE1B	F2,F2	F2 16 EE 15 15 3F 2C 07 30 00 1F 16 1B 0C 00 E3 1B 59 59 1B 2E 42 32 17 2D 60 0D 03 2F 0E 29 78 0A 2A 78 4F 17 07 0B 0F 00 16 17 2E 47 30 3F F2 1B EE FF	[F2:$EE16]ああ。わしゃ まいにち ニポポにんぎょうを\n[F1:$02]つくってるが それが どうしたと いうんじゃ。[F2:$EE1B]	うらた「[F0:$81]ああ。わしゃ まいにち ニポポにんぎょうを\n[F1:$02]つくってるが それが どうしたと いうんじゃ。[F0:$82]
1174	1174	A1CB	C	A1CB	16	controlled	YES		0	2	EE16,EE1B	F2,F2	F2 16 EE 80 00 01 18 2F 0E 03 2A 3F F2 1B EE FF	[F2:$EE16]もう かえってくれ。[F2:$EE1B]	うらた「[F0:$81]もう かえってくれ。[F0:$82]
1175	1175	A1DB	C	A1DB	51	plain	YES		0	0			65 01 2E 07 31 76 97 73 26 2A 50 3E 60 AD 75 44 2E 46 16 00 45 17 0F 17 39 06 0D 47 2E 1E 60 0D 20 4E 00 12 03 18 02 0C 31 17 00 1A 1E 4B 0A 17 6C 3F FF	シュン「かんしゅの はなしに よれば、\n[F1:$02]うらたは げんざい ごうとう・さつじんの\n[F1:$02]つみで ふくえきちゅう なのだそうです。	シュン「かんしゅの はなしに よれば、\n[F1:$02]うらたは げんざい ごうとう・さつじんの\n[F1:$02]つみで ふくえきちゅう なのだそうです。
1176	1176	A20E	C	A20E	21	plain	YES		0	0			65 63 3F C2 76 1A 01 4E 00 84 2D 60 16 2F 0E 29 2E 6C 01 3F FF	シュン「ボス。けいむしょの なかで なにを\n[F1:$02]いってるんですか。	シュン「ボス。けいむしょの なかで なにを\n[F1:$02]いってるんですか。
1177	1177	A223	C	A223	45	controlled	YES		0	2	EE16,EE1B	F2,F8,F2	F2 16 EE 45 0C 30 45 0C 30 00 24 2F 0F 27 2E 4E 60 10 24 03 00 01 18 2A 35 F8 F2 1B EE 65 17 2F 13 33 00 19 05 27 2A 0C 30 2F 0B 3F FF	[F2:$EE16]ごちゃごちゃ やっとらんで\n[F1:$02]はやく かえれ！\n[F2:$EE1B]シュン「うっへー おこられちゃった。	うらた「[F0:$81]ごちゃごちゃ やっとらんで\n[F1:$02]はやく かえれ！\n[F0:$82]シュン「うっへー おこられちゃった。
1178	1178	A250	C	A250	21	plain	YES		0	0			65 05 05 1B 75 0F 29 00 86 1A 23 1E 10 60 84 23 7E 6A 41 3F FF	シュン「ここには とる ようなものは\n[F1:$02]なにもありませんが。	シュン「ここには とる ようなものは\n[F1:$02]なにもありませんが。
1179	1179	A265	C	A265	7	controlled	YES		0	2	E90F,DADB	F2,F2	F2 0F E9 F2 DB DA FF	[F2:$E90F][F2:$DADB]	シュン「[F0:$A1]ちょっと これをみてくれますか？[F0:$A2]\n[F1:$0A][FE][F9]うらた「[F0:$81]けいじさん。\n[F1:$02]そんなもの みせても むだじゃよ。[F0:$82]\n[F1:$0A][FE][F9][F5:$11,$03]
1180	1180	A26C	C	A26C	7	controlled	YES		0	2	E92C,DADB	F2,F2	F2 2C E9 F2 DB DA FF	[F2:$E92C][F2:$DADB]	シュン「[F0:$A1]ちょっと これをみてくれますか？[F0:$A2]\n[F1:$0A][FE][F9]うらた「[F0:$81]けいじさん もう かえってくれ。[F0:$82]\n[F1:$0A][FE][F9][F5:$11,$03]
1181	1181	A273	C	A273	59	controlled	YES		0	2	E94F,DADB	F2,F2	F2 4F E9 AD 3A 15 15 00 0A 2A 01 1D 3F 06 16 02 2E 00 E2 0F 07 76 09 16 01 60 0E 78 12 29 18 0E 3E 0F 02 4F 02 00 E2 1E 20 2D 08 53 27 09 0E 60 07 1F 17 2E 47 30 3F F2 DB DA FF	[F2:$E94F]うらた「ああ それかね。さいきん トシの せいか\n[F1:$02]てが ふるえて、ときどき ノミをすべらせて\n[F1:$02]しまうんじゃ。[F2:$DADB]	シュン「[F0:$A1]ちょっと これをみてくれますか？[F0:$A2]\n[F1:$0A][FE][F9]うらた「ああ それかね。さいきん トシの せいか\n[F1:$02]てが ふるえて、ときどき ノミをすべらせて\n[F1:$02]しまうんじゃ。\n[F1:$0A][FE][F9][F5:$11,$03]
1182	1182	A2AE	C	A2AE	16	controlled	YES		0	2	E94F,DADB	F2,F2	F2 4F E9 AD 3A 01 18 2F 0E 03 2A 35 F2 DB DA FF	[F2:$E94F]うらた「かえってくれ！[F2:$DADB]	シュン「[F0:$A1]ちょっと これをみてくれますか？[F0:$A2]\n[F1:$0A][FE][F9]うらた「かえってくれ！\n[F1:$0A][FE][F9][F5:$11,$03]
1183	1183	A2BE	C	A2BE	196	controlled	YES		0	2	E94F,DADB	F2,F2	F2 4F E9 AD 3A 19 19 3D 3D 05 2A 10 60 AB 0C 30 2E 00 AE 0C 30 2E 72 62 AD 3A 15 2E 0B 27 00 05 76 99 60 82 4E 00 0E 73 16 2A 1A 08 2F 0B 36 62 65 AB 93 76 B1 6C 6F 60 01 1E 47 32 75 84 23 1E 01 73 25 17 01 16 06 2A 60 2C 2A 2C 2A 78 0B 08 04 4B 07 69 41 3E 62 65 16 1F 4B 73 16 07 02 12 22 16 6C 72 60 05 05 73 17 0D 2F 0E 16 29 1E 75 15 1A 0B 6E 3F 62 AD 3A 72 62 AD 3A 3D 3D 8F 93 00 08 1F 2E 78 0A 76 99 60 2C 07 73 03 4B 06 27 2E 71 62 65 10 1A 08 00 02 73 1A 2F 0E 00 03 2A 0B 1E 6C 1D 36 62 AD 3A 05 1E 99 74 B3 27 2A 0E 75 16 1F 06 27 60 07 27 23 00 02 2A 1F 16 0E 72 F2 DB DA FF	[F2:$E94F]うらた「おお……これは\n[F1:$02]まきこちゃん ゆかりちゃん……。\n[F1:$0A][FE][F9]うらた「あんたら この しゃしん\n[F1:$02]どこで てに いれなすった？\n[F1:$0A][FE][F9]シュン「まきこさんの アパートですよ。\n[F1:$02]かのじょは なにものかに ゆうかいされ\n[F1:$02]われわれが たすけだしましたが、\n[F1:$0A][FE][F9]シュン「いまだに いしきふめいです……。\n[F1:$02]ここに うつっているのは あなたでしょう。\n[F1:$0A][FE][F9]うらた「……。\n[F1:$0A][FE][F9]うらた「……けいじさん すまんが その しゃしん\n[F1:$02]わしに くださらんか？\n[F1:$0A][FE][F9]シュン「はなす きに なって くれたのですね？\n[F1:$0A][FE][F9]うらた「このしゃしんを みせられては いまさら\n[F1:$02]しらも きれまいて……。[F2:$DADB]	シュン「[F0:$A1]ちょっと これをみてくれますか？[F0:$A2]\n[F1:$0A][FE][F9]うらた「おお……これは\n[F1:$02]まきこちゃん ゆかりちゃん……。\n[F1:$0A][FE][F9]うらた「あんたら この しゃしん\n[F1:$02]どこで てに いれなすった？\n[F1:$0A][FE][F9]シュン「まきこさんの アパートですよ。\n[F1:$02]かのじょは なにものかに ゆうかいされ\n[F1:$02]われわれが たすけだしましたが、\n[F1:$0A][FE][F9]シュン「いまだに いしきふめいです……。\n[F1:$02]ここに うつっているのは あなたでしょう。\n[F1:$0A][FE][F9]うらた「……。\n[F1:$0A][FE][F9]うらた「……けいじさん すまんが その しゃしん\n[F1:$02]わしに くださらんか？\n[F1:$0A][FE][F9]シュン「はなす きに なって くれたのですね？\n[F1:$0A][FE][F9]うらた「このしゃしんを みせられては いまさら\n[F1:$02]しらも きれまいて……。\n[F1:$0A][FE][F9][F5:$11,$03]
1184	1184	A382	C	A382	1065	controlled	YES		0	47	EE16,EE1B,EE16,EE1B,EE16,EE1B,EE16,EE1B,EE16,EE1B,EE16,EE1B,EE16,EE1B,EE16,EE1B,EE16,EE1B,EE16,EE1B,EE16,EE1B,EE16,EE1B,EE16,EE1B,EE16,EE1B,EE16,EE1B,EE16,EE1B,EE16,EE1B,EE16,EE1B,EE16,EE1B,EE16,EE1B,EE16,EE1B,EE16,EE1B,EE16,EE1B,DADB	F2,F2,F2,F2,F2,F2,F2,F2,F2,F2,F2,F2,F2,F2,F2,F2,F2,F2,F2,F2,F2,F2,F2,F2,F2,F2,F2,F2,F2,F2,F2,F2,F2,F2,F2,F2,F2,F2,F2,F2,F2,F2,F2,F2,F2,F2,F2	F2 16 EE 15 2A 75 09 2E 45 1F 23 1A 03 76 05 0F 47 30 2F 0B 72 F2 1B EE 62 F2 16 EE 23 1E 76 7F 26 1E 1A 01 4E 60 E4 15 22 28 01 43 2E 76 02 31 17 18 2E 52 2F 07 10 60 0A 28 30 15 00 02 0C 32 17 1A 23 1E 47 30 2F 0B 3F F2 1B EE 62 F2 16 EE E4 15 22 28 01 01 27 00 12 1D 41 03 29 3F 60 0A 1E 12 1D 78 B4 2C 2E 73 1B 15 44 08 29 3F F2 1B EE 62 F2 16 EE 4B 41 0A 1E 0F 0C 31 17 00 52 2F 07 2D 26 05 1A 41 07 07 0E 60 19 19 23 17 04 07 0B 00 2A 2E 0C 31 17 78 16 0B 3F F2 1B EE 62 F2 16 EE 1A 2E 4E 23 00 0A 16 0D 27 75 02 31 17 39 1B 14 2E 43 2E 1E 60 16 06 2E 1F 4E 00 19 17 28 32 17 07 0E 16 0B 0A 17 4B 3F F2 1B EE 62 F2 16 EE 16 0C 20 1E 63 75 23 0F 01 16 43 2E 39 07 32 17 05 17 60 C5 39 11 4E 19 3D 3D 05 2E 4F 00 4B 16 47 2E 1B 60 1A 29 0A 17 47 30 1A 72 F2 1B EE 62 F2 16 EE 12 1D 74 86 16 00 07 0B 1E 78 C0 1E 60 A9 39 02 08 04 3F 23 1E 74 17 28 06 50 16 0E 16 0B 1E 41 60 42 32 17 07 32 17 74 07 0E 16 0B 00 A8 72 F2 1B EE 62 F2 16 EE 41 3E 1A 2E 01 16 22 01 76 1B 15 44 1E 15 0F 60 2A 2E 0C 31 17 75 05 0F 78 50 2A 0A 17 1B 1A 2F 0B 0B 22 60 12 1D 74 28 32 17 07 00 0F 23 4F 23 00 07 48 22 0E 07 1F 2F 0B 3F F2 1B EE 62 F2 16 EE 07 32 17 05 16 2E 22 0D 76 0B 22 1B 1A 3F F2 1B EE 62 F2 16 EE 05 2A 74 0B 4B 76 47 05 73 20 09 01 04 0E 60 23 20 04 07 0B 1E 41 3E F2 1B EE 62 F2 16 EE 0F 17 47 00 07 2E 52 2E 07 30 1E 60 C0 00 0C 31 17 46 16 16 2E 74 24 2F 0E 16 0B 60 B7 76 A5 00 4B 3F F2 1B EE 62 F2 16 EE 3D 3D 05 1E 0F 02 76 42 09 16 07 30 73 09 2E 4F 17 1E 60 1E 21 27 39 24 08 02 0C 00 0F 16 17 00 8D 41 16 0B 3F 60 2C 07 0F 75 1A 01 1E 16 16 00 28 32 17 07 00 1A 01 1F 4E 1E 17 3F F2 1B EE 62 F2 16 EE 24 08 02 0C 75 10 24 03 73 0D 1F 74 1A 03 07 0E 60 16 0B 79 3E 2C 07 75 1E 05 06 2A 0B 00 94 28 21 08 05 2D 60 19 24 41 2C 28 73 1A 2F 0E 00 0A 4B 0E 0B 3F F2 1B EE 62 F2 16 EE 0A 1E 05 76 1A 75 1E 21 27 39 44 2E 47 00 0F 16 17 3F F2 1B EE 62 F2 16 EE 0F 05 2B 4E 00 A4 76 05 0F 47 30 41 3E 60 1F 18 73 05 05 73 02 0B 0F 02 60 2C 07 0F 00 19 1A 47 00 54 17 1B 1A 2F 0E 1E 3F F2 1B EE 62 F2 16 EE 44 2E 47 73 01 19 0D 02 78 0A 2F 03 28 4E 60 0D 16 00 2C 07 78 05 05 2B 74 25 29 07 3E 47 04 2E 1E 60 7C 16 4E 50 1A 07 74 07 0B 1E 78 2C 29 01 2F 0B 1E 47 30 3F F2 1B EE 62 F2 16 EE A4 75 C5 41 4B 16 47 2E 73 1A 29 0F 16 17 60 97 2D 02 16 0E 3E 21 01 07 1E 97 74 1D 0B 1B 60 19 4F 09 50 00 01 1D 73 1A 29 0F 00 7C 2F 0B 1E 47 30 2B 17 3F F2 1B EE 62 F2 16 EE C5 73 15 16 73 B4 13 16 2F 0E 72 60 10 2E 0B 16 73 05 2B 06 2A 26 2F 0B 3F F2 1B EE 62 F2 16 EE A4 76 07 54 17 00 02 47 74 07 2E 52 2E 4E 60 26 2E 4E 00 47 02 73 44 2E 47 01 27 00 10 41 02 41 02 0E 1E 3F F2 1B EE 62 F2 16 EE 21 08 22 76 AE 78 07 2E 4B 3D 3D 60 0F 00 01 16 0E 15 2F 0B 3F 0A 1E 06 02 00 84 41 60 19 05 29 01 75 26 0A 17 78 0D 16 0B 1E 17 3F F2 1B EE 62 F2 16 EE 94 28 3F 1F 0B 94 28 3F 60 94 78 07 1C 0B 51 00 2C 07 75 1B 2E 42 32 17 1B 60 1A 20 4B 74 94 0D 52 00 14 28 0D 04 0B 3F F2 1B EE 62 F2 16 EE 21 01 07 00 07 2E 4B 00 2C 07 1E 1A 01 1F 76 03 86 1E 60 0B 22 72 0A 07 0E 00 19 24 41 2C 28 1B 1A 2F 0E 0A 4B 0E 0B 60 8D 76 17 2E 22 16 74 01 1A 07 2E 4E 72 F2 1B EE 62 F2 16 EE 2C 07 78 10 1A 09 29 1E 75 05 2A 4B 04 47 30 3F 60 80 00 16 16 4B 2B 17 3F 06 15 3E 01 18 2F 0E 03 2A 3F F2 1B EE F2 DB DA FF	[F2:$EE16]あれは せんごまもなくの ことじゃった……。[F2:$EE1B]\n[F1:$0A][FE][F9][F2:$EE16]ものの ないよのなかで\n[F1:$02]アメリカぐんの きゅうえんぶっしは\n[F1:$02]そりゃあ きちょうなものじゃった。[F2:$EE1B]\n[F1:$0A][FE][F9][F2:$EE16]アメリカから ふねがくる。\n[F1:$02]そのふねが とうきょうわんに にあげする。[F2:$EE1B]\n[F1:$0A][FE][F9][F2:$EE16]だがそのとちゅう ぶっしをよこながしして\n[F1:$02]おおもうけした れんちゅうが いた。[F2:$EE1B]\n[F1:$0A][FE][F9][F2:$EE16]なんでも そいつらは きゅう・にほんぐんの\n[F1:$02]いさんまで おうりょうしていたそうだ。[F2:$EE1B]\n[F1:$0A][FE][F9][F2:$EE16]いちみのボスは もとかいぐん・しょうこう\n[F1:$02]あくつ・ひでお……こんど だいじんに\n[F1:$02]なるそうじゃな……。[F2:$EE1B]\n[F1:$0A][FE][F9][F2:$EE16]ふねを ようい したのが もんべつの\n[F1:$02]おくむら・きすけ。ものを うりさばいていたのが\n[F1:$02]ぎょうしょうを していた しらき……。[F2:$EE1B]\n[F1:$0A][FE][F9][F2:$EE16]が、なんかいめかの にあげのあと\n[F1:$02]れんちゅうは ことが ばれそうになったため\n[F1:$02]ふねを りょうし ともども しずめてしまった。[F2:$EE1B]\n[F1:$0A][FE][F9][F2:$EE16]しょうこいんめつの ためにな。[F2:$EE1B]\n[F1:$0A][FE][F9][F2:$EE16]これを ただの じこに みせかけて\n[F1:$02]もみけしたのが、[F2:$EE1B]\n[F1:$0A][FE][F9][F2:$EE16]とうじ しんぶんしゃの\n[F1:$02]もんべつ ちゅうざいいんを やっていた\n[F1:$02]きたはまの いいじま だ。[F2:$EE1B]\n[F1:$0A][FE][F9][F2:$EE16]……このときの ぎせいしゃに せんどうの\n[F1:$02]のむら・やすきち という おとこがいた。\n[F1:$02]わしとは なかのいい りょうし なかまでのう。[F2:$EE1B]\n[F1:$0A][FE][F9][F2:$EE16]やすきちは はやくに つまを なくして\n[F1:$02]いたので、わしは のこされた ひとりむすこを\n[F1:$02]おやがわりに なって そだてた。[F2:$EE1B]\n[F1:$0A][FE][F9][F2:$EE16]そのこの なは のむら・げんじ という。[F2:$EE1B]\n[F1:$0A][FE][F9][F2:$EE16]ところで ますだの ことじゃが、\n[F1:$02]まえに ここに きたとき\n[F1:$02]わしと おなじ ぼうになっての。[F2:$EE1B]\n[F1:$0A][FE][F9][F2:$EE16]げんじに かおつきが そっくりで\n[F1:$02]つい わしが こころを ゆるし、じけんの\n[F1:$02]おもいでばなしを したのが わるかったのじゃ。[F2:$EE1B]\n[F1:$0A][FE][F9][F2:$EE16]ますだは あくつがだいじんに なるという\n[F1:$02]はなしをきいて、むかしのはなしを ねたに\n[F1:$02]おどせば かねに なると おもったのじゃろう。[F2:$EE1B]\n[F1:$0A][FE][F9][F2:$EE16]あくつに あいに とうきょうへいって……。\n[F1:$02]はんたいに ころされよった。[F2:$EE1B]\n[F1:$0A][FE][F9][F2:$EE16]ますだの しぼう きじを しんぶんで\n[F1:$02]よんで じきに げんじから はがきがきての。[F2:$EE1B]\n[F1:$0A][FE][F9][F2:$EE16]むすめの ゆかりが しんだ……\n[F1:$02]と かいてあった。そのさき なにが\n[F1:$02]おこるかは よそうが ついたのう。[F2:$EE1B]\n[F1:$0A][FE][F9][F2:$EE16]ひとり。またひとり。\n[F1:$02]ひとが しぬたび わしは にんぎょうに\n[F1:$02]なみだを ひとつぶ ほりつけた。[F2:$EE1B]\n[F1:$0A][FE][F9][F2:$EE16]むかし しんだ わしのなかまの くようの\n[F1:$02]ため……。そして おやがわりになってそだてた\n[F1:$02]おとこの うんめいを かなしんで……。[F2:$EE1B]\n[F1:$0A][FE][F9][F2:$EE16]わしが はなせるのは これだけじゃ。\n[F1:$02]もう いいだろう。さあ、かえってくれ。[F2:$EE1B][F2:$DADB]	うらた「[F0:$81]あれは せんごまもなくの ことじゃった……。[F0:$82]\n[F1:$0A][FE][F9]うらた「[F0:$81]ものの ないよのなかで\n[F1:$02]アメリカぐんの きゅうえんぶっしは\n[F1:$02]そりゃあ きちょうなものじゃった。[F0:$82]\n[F1:$0A][FE][F9]うらた「[F0:$81]アメリカから ふねがくる。\n[F1:$02]そのふねが とうきょうわんに にあげする。[F0:$82]\n[F1:$0A][FE][F9]うらた「[F0:$81]だがそのとちゅう ぶっしをよこながしして\n[F1:$02]おおもうけした れんちゅうが いた。[F0:$82]\n[F1:$0A][FE][F9]うらた「[F0:$81]なんでも そいつらは きゅう・にほんぐんの\n[F1:$02]いさんまで おうりょうしていたそうだ。[F0:$82]\n[F1:$0A][FE][F9]うらた「[F0:$81]いちみのボスは もとかいぐん・しょうこう\n[F1:$02]あくつ・ひでお……こんど だいじんに\n[F1:$02]なるそうじゃな……。[F0:$82]\n[F1:$0A][FE][F9]うらた「[F0:$81]ふねを ようい したのが もんべつの\n[F1:$02]おくむら・きすけ。ものを うりさばいていたのが\n[F1:$02]ぎょうしょうを していた しらき……。[F0:$82]\n[F1:$0A][FE][F9]うらた「[F0:$81]が、なんかいめかの にあげのあと\n[F1:$02]れんちゅうは ことが ばれそうになったため\n[F1:$02]ふねを りょうし ともども しずめてしまった。[F0:$82]\n[F1:$0A][FE][F9]うらた「[F0:$81]しょうこいんめつの ためにな。[F0:$82]\n[F1:$0A][FE][F9]うらた「[F0:$81]これを ただの じこに みせかけて\n[F1:$02]もみけしたのが、[F0:$82]\n[F1:$0A][FE][F9]うらた「[F0:$81]とうじ しんぶんしゃの\n[F1:$02]もんべつ ちゅうざいいんを やっていた\n[F1:$02]きたはまの いいじま だ。[F0:$82]\n[F1:$0A][FE][F9]うらた「[F0:$81]……このときの ぎせいしゃに せんどうの\n[F1:$02]のむら・やすきち という おとこがいた。\n[F1:$02]わしとは なかのいい りょうし なかまでのう。[F0:$82]\n[F1:$0A][FE][F9]うらた「[F0:$81]やすきちは はやくに つまを なくして\n[F1:$02]いたので、わしは のこされた ひとりむすこを\n[F1:$02]おやがわりに なって そだてた。[F0:$82]\n[F1:$0A][FE][F9]うらた「[F0:$81]そのこの なは のむら・げんじ という。[F0:$82]\n[F1:$0A][FE][F9]うらた「[F0:$81]ところで ますだの ことじゃが、\n[F1:$02]まえに ここに きたとき\n[F1:$02]わしと おなじ ぼうになっての。[F0:$82]\n[F1:$0A][FE][F9]うらた「[F0:$81]げんじに かおつきが そっくりで\n[F1:$02]つい わしが こころを ゆるし、じけんの\n[F1:$02]おもいでばなしを したのが わるかったのじゃ。[F0:$82]\n[F1:$0A][FE][F9]うらた「[F0:$81]ますだは あくつがだいじんに なるという\n[F1:$02]はなしをきいて、むかしのはなしを ねたに\n[F1:$02]おどせば かねに なると おもったのじゃろう。[F0:$82]\n[F1:$0A][FE][F9]うらた「[F0:$81]あくつに あいに とうきょうへいって……。\n[F1:$02]はんたいに ころされよった。[F0:$82]\n[F1:$0A][FE][F9]うらた「[F0:$81]ますだの しぼう きじを しんぶんで\n[F1:$02]よんで じきに げんじから はがきがきての。[F0:$82]\n[F1:$0A][FE][F9]うらた「[F0:$81]むすめの ゆかりが しんだ……\n[F1:$02]と かいてあった。そのさき なにが\n[F1:$02]おこるかは よそうが ついたのう。[F0:$82]\n[F1:$0A][FE][F9]うらた「[F0:$81]ひとり。またひとり。\n[F1:$02]ひとが しぬたび わしは にんぎょうに\n[F1:$02]なみだを ひとつぶ ほりつけた。[F0:$82]\n[F1:$0A][FE][F9]うらた「[F0:$81]むかし しんだ わしのなかまの くようの\n[F1:$02]ため……。そして おやがわりになってそだてた\n[F1:$02]おとこの うんめいを かなしんで……。[F0:$82]\n[F1:$0A][FE][F9]うらた「[F0:$81]わしが はなせるのは これだけじゃ。\n[F1:$02]もう いいだろう。さあ、かえってくれ。[F0:$82]\n[F1:$0A][FE][F9][F5:$11,$03]
1185	1185	A7AB	C	A7AB	10	plain	YES		0	0			65 25 17 50 28 76 C8 6C 3F FF	シュン「ゆうばりの まちです。	シュン「ゆうばりの まちです。
1186	1186	A7B5	C	A7B5	27	plain	YES		0	0			65 0A 2E 1A 0F 05 2B 13 00 16 2F 0E 60 84 74 07 26 17 0F 00 16 17 1E 6C 01 3F FF	シュン「そんなところへ いって\n[F1:$02]なにを しようと いうのですか。	シュン「そんなところへ いって\n[F1:$02]なにを しようと いうのですか。
1187	1187	A7D0	C	A7D0	48	plain	YES		0	0			65 09 02 0B 2E 00 93 42 32 17 76 07 30 26 17 01 2D 60 10 2E 18 16 07 0E 01 3E 1A 2E 0F 1A 03 00 06 51 2A 0B 60 01 2E 47 76 C8 1A 20 00 6C 3F FF	シュン「せきたん さんぎょうの しゃようかを\n[F1:$02]はんえいしてか、なんとなく さびれた\n[F1:$02]かんじの まちなみ です。	シュン「せきたん さんぎょうの しゃようかを\n[F1:$02]はんえいしてか、なんとなく さびれた\n[F1:$02]かんじの まちなみ です。
1188	1188	A800	C	A800	39	plain	YES		0	0			65 15 0A 05 73 4E 2E 02 24 76 07 31 47 2E 41 60 54 2E 24 28 00 0B 2F 0E 16 68 3F 60 97 74 02 16 0E 20 6B 01 3F 62 FF	シュン「あそこに でんきやの しゅじんが\n[F1:$02]ぼんやり たっています。\n[F1:$02]はなしを きいてみましょうか。\n[F1:$0A][FE][F9]	シュン「あそこに でんきやの しゅじんが\n[F1:$02]ぼんやり たっています。\n[F1:$02]はなしを きいてみましょうか。\n[F1:$0A][FE][F9]
1189	1189	A827	C	A827	81	plain	YES		0	0			19 0F 05 3A 10 15 3D 3D 15 24 07 16 00 94 6C 71 62 19 0F 05 3A 0A 17 16 18 50 00 06 2F 02 00 20 1A 2A 7F 60 03 2B 1C 28 76 41 16 07 30 41 62 19 0F 05 3A 0C 31 17 19 17 00 0B 2E 05 17 76 14 17 13 60 10 07 2F 0E 00 25 03 1E 78 20 18 69 41 3F FF	おとこ「はあ……あやしい ひとですか？\n[F1:$0A][FE][F9]おとこ「そういえば さっき みなれない\n[F1:$02]くろぬりの がいしゃが\n[F1:$0A][FE][F9]おとこ「ちゅうおう たんこうの ほうへ\n[F1:$02]はしって ゆくのが みえましたが。	おとこ「はあ……あやしい ひとですか？\n[F1:$0A][FE][F9]おとこ「そういえば さっき みなれない\n[F1:$02]くろぬりの がいしゃが\n[F1:$0A][FE][F9]おとこ「ちゅうおう たんこうの ほうへ\n[F1:$02]はしって ゆくのが みえましたが。
1190	1190	A878	C	A878	27	plain	YES		0	0			19 0F 05 3A 03 2B 1C 28 76 03 29 1F 00 16 41 16 1B 10 60 05 2A 0F 16 2F 0E 72 FF	おとこ「くろぬりの くるま いがいには\n[F1:$02]これといって……。	おとこ「くろぬりの くるま いがいには\n[F1:$02]これといって……。
1191	1191	A893	C	A893	34	plain	YES		0	0			65 45 03 00 13 16 54 2E 1A 00 4E 2E 02 24 76 19 47 93 4E 60 12 07 2E 1A 00 0F 05 2B 75 7F 86 6C 3F FF	シュン「ごく へいぼんな でんきやの おじさんで\n[F1:$02]ふしんな ところは ないようです。	シュン「ごく へいぼんな でんきやの おじさんで\n[F1:$02]ふしんな ところは ないようです。
1192	1192	A8B5	C	A8B5	23	plain	YES		0	0			65 06 41 07 0E 00 20 69 78 05 1E 13 2E 1B 10 60 16 7F 00 86 6C 3F FF	シュン「さがして みましたが このへんには\n[F1:$02]いない ようです。	シュン「さがして みましたが このへんには\n[F1:$02]いない ようです。
1193	1193	A8CC	C	A8CC	56	plain	YES		0	0			65 01 16 0C 31 17 4E 2E 0F 17 00 0F 77 E3 27 47 19 0F 01 60 E3 0E 2A 51 0F 77 E5 12 2D 20 05 2E 0F 01 60 16 2B 16 2B 1A 00 4E 2E 02 09 16 11 2E 74 17 2F 0E 16 68 3F FF	シュン「かいちゅうでんとう とか ラジオとか\n[F1:$02]テレビとか フヲミコンとか\n[F1:$02]いろいろな でんきせいひんを うっています。	シュン「かいちゅうでんとう とか ラジオとか\n[F1:$02]テレビとか フヲミコンとか\n[F1:$02]いろいろな でんきせいひんを うっています。
1194	1194	A904	C	A904	61	plain	YES		0	0			19 0F 05 3A 1F 16 4F 15 28 41 0F 17 00 45 46 16 68 3F 60 01 2E 4E 2E 0C 00 19 1F 04 07 0E 19 02 68 70 62 65 63 3F E3 27 47 19 1A 2E 77 01 2F 0E 60 84 01 76 24 03 73 0B 0D 2E 6E 71 FF	おとこ「まいどありがとう ございます。\n[F1:$02]かんでんち おまけしておきますね。\n[F1:$0A][FE][F9]シュン「ボス。ラジオなんか かって\n[F1:$02]なにかの やくに たつんでしょうか？	おとこ「まいどありがとう ございます。\n[F1:$02]かんでんち おまけしておきますね。\n[F1:$0A][FE][F9]シュン「ボス。ラジオなんか かって\n[F1:$02]なにかの やくに たつんでしょうか？
1195	1195	A941	C	A941	111	plain	YES		0	0			19 0F 05 3A 1F 16 4F 00 15 28 41 0F 17 00 45 46 16 68 3F 60 05 2A 06 18 00 15 2A 50 00 82 1B 16 0E 23 60 E4 1A 16 0B 33 78 20 27 2A 68 01 27 3F 62 19 0F 05 3A 8F 93 1E 86 73 16 0A 41 07 16 60 01 0B 1B 75 56 2F 0B 28 6C 6F 62 65 63 3F 0A 2E 1A 23 76 01 2F 0E 60 4F 33 08 29 2E 6C 01 3F 15 33 23 17 60 24 2E 1A 2F 0C 30 17 1A 33 3F FF	おとこ「まいど ありがとう ございます。\n[F1:$02]これさえ あれば どこにいても\n[F1:$02]ナイターが みられますから。\n[F1:$0A][FE][F9]おとこ「けいじさんのように いそがしい\n[F1:$02]かたには ぴったりですよ。\n[F1:$0A][FE][F9]シュン「ボス。そんなもの かって\n[F1:$02]どーするんですか。あーもう\n[F1:$02]やんなっちゃうなー。	おとこ「まいど ありがとう ございます。\n[F1:$02]これさえ あれば どこにいても\n[F1:$02]ナイターが みられますから。\n[F1:$0A][FE][F9]おとこ「けいじさんのように いそがしい\n[F1:$02]かたには ぴったりですよ。\n[F1:$0A][FE][F9]シュン「ボス。そんなもの かって\n[F1:$02]どーするんですか。あーもう\n[F1:$02]やんなっちゃうなー。
1196	1196	A9B0	C	A9B0	89	plain	YES		0	0			19 0F 05 3A 1F 16 4F 00 15 28 41 0F 17 00 45 46 16 68 3F 62 19 0F 05 3A 84 07 2B 00 0F 0C 41 27 3E 17 0C 76 01 16 0C 31 17 60 4E 2E 0F 17 75 09 16 1E 17 76 16 16 1E 41 60 0A 2B 2F 0E 68 6C 3F 00 62 19 0F 05 3A 15 3E 01 2E 4E 2E 0C 23 00 19 1F 04 07 0E 19 02 68 70 FF	おとこ「まいど ありがとう ございます。\n[F1:$0A][FE][F9]おとこ「なにしろ とちがら、うちの かいちゅう\n[F1:$02]でんとうは せいのうの いいのが\n[F1:$02]そろってますです。 \n[F1:$0A][FE][F9]おとこ「あ、かんでんちも おまけしておきますね。	おとこ「まいど ありがとう ございます。\n[F1:$0A][FE][F9]おとこ「なにしろ とちがら、うちの かいちゅう\n[F1:$02]でんとうは せいのうの いいのが\n[F1:$02]そろってますです。 \n[F1:$0A][FE][F9]おとこ「あ、かんでんちも おまけしておきますね。
1197	1197	AA09	C	AA09	102	plain	YES		0	0			19 0F 05 3A 1F 16 4F 15 28 41 0F 17 00 45 46 16 68 3F 60 4E 23 00 14 2E 0B 16 4B 04 7A 15 0A 53 6A 6F 62 19 0F 05 3A 05 76 C9 1B 02 25 00 1A 2E 01 60 8F 93 73 56 2F 0B 28 76 E3 44 33 21 4B 0F 60 7C 16 68 41 3F 62 65 63 E1 2F 00 0B 07 01 73 7C 07 2B 0A 17 6C 41 60 16 1F 75 0A 2A 4F 05 2B 7A 7E 6A 2F 35 FF	おとこ「まいどありがとう ございます。\n[F1:$02]でも ほんたいだけでは あそべませんよ。\n[F1:$0A][FE][F9]おとこ「この オホーツクにきゆ なんか\n[F1:$02]けいじさんに ぴったりの ゲームだと\n[F1:$02]おもいますが。\n[F1:$0A][FE][F9]シュン「ボスッ たしかに おもしろそうですが\n[F1:$02]いまは それどころでは ありませんっ！	おとこ「まいどありがとう ございます。\n[F1:$02]でも ほんたいだけでは あそべませんよ。\n[F1:$0A][FE][F9]おとこ「この オホーツクにきゆ なんか\n[F1:$02]けいじさんに ぴったりの ゲームだと\n[F1:$02]おもいますが。\n[F1:$0A][FE][F9]シュン「ボスッ たしかに おもしろそうですが\n[F1:$02]いまは それどころでは ありませんっ！
1198	1198	AA6F	C	AA6F	13	plain	YES		0	0			65 63 3F 0A 2A 75 80 00 01 16 69 3F FF	シュン「ボス。それは もう かいました。	シュン「ボス。それは もう かいました。
1199	1199	AA7C	C	AA7C	17	plain	YES		0	0			65 63 3F 16 33 01 44 2E 73 07 0E 03 4B 06 16 3F FF	シュン「ボス。いーかげんに してください。	シュン「ボス。いーかげんに してください。
1200	1200	AA8D	C	AA8D	14	controlled	YES		0	3	E94F,EC1E,DADB	F2,F2,F2	F2 4F E9 19 0F 05 3A F2 1E EC F2 DB DA FF	[F2:$E94F]おとこ「[F2:$EC1E][F2:$DADB]	シュン「[F0:$A1]ちょっと これをみてくれますか？[F0:$A2]\n[F1:$0A][FE][F9]おとこ「なんですか それ？\n[F1:$0A][FE][F9][F5:$11,$03]
1201	1201	AA9B	C	AA9B	23	plain	YES		0	0			65 16 1F 75 0A 2E 1A 00 05 0F 74 07 0E 16 29 60 11 1F 75 7E 6A 3F FF	シュン「いまは そんな ことを している\n[F1:$02]ひまは ありません。	シュン「いまは そんな ことを している\n[F1:$02]ひまは ありません。
1202	1202	AAB2	C	AAB2	19	plain	YES		0	0			65 16 1F 75 0A 76 11 0D 86 75 7F 86 1B 60 7C 16 68 3F FF	シュン「いまは その ひつようは ないように\n[F1:$02]おもいます。	シュン「いまは その ひつようは ないように\n[F1:$02]おもいます。
1203	1203	AAC5	C	AAC5	49	plain	YES		0	0			65 19 0A 27 03 00 AB 93 76 23 1E 4B 0F 60 7C 2C 2A 68 3F 62 65 81 00 03 0D 76 1A 01 1B 60 AB 93 76 1C 03 23 28 78 1E 05 2F 0E 16 29 60 86 6C 3F FF	シュン「おそらく まきこさんの ものだと\n[F1:$02]おもわれます。\n[F1:$0A][FE][F9]シュン「まだ くつの なかに\n[F1:$02]まきこさんの ぬくもりが のこっている\n[F1:$02]ようです。	シュン「おそらく まきこさんの ものだと\n[F1:$02]おもわれます。\n[F1:$0A][FE][F9]シュン「まだ くつの なかに\n[F1:$02]まきこさんの ぬくもりが のこっている\n[F1:$02]ようです。
1204	1204	AAF6	C	AAF6	84	plain	YES		0	0			65 1A 01 75 1F 2F 03 27 6C 3F 62 65 16 0A 41 50 00 1F 2C 2A 72 60 16 2F 0B 2E 00 25 17 50 28 76 C8 73 23 4F 2F 0E 60 01 16 0C 31 17 4E 2E 0F 17 00 74 01 16 6B 3F 62 65 3D 3D 06 2F 02 00 03 29 0F 02 60 01 2F 0E 19 04 50 00 26 01 2F 0B 2E 6C 04 4F 70 FF	シュン「なかは まっくらです。\n[F1:$0A][FE][F9]シュン「いそがば まわれ……。\n[F1:$02]いったん ゆうばりの まちに もどって\n[F1:$02]かいちゅうでんとう を かいましょう。\n[F1:$0A][FE][F9]シュン「……さっき くるとき\n[F1:$02]かっておけば よかったんですけどね。	シュン「なかは まっくらです。\n[F1:$0A][FE][F9]シュン「いそがば まわれ……。\n[F1:$02]いったん ゆうばりの まちに もどって\n[F1:$02]かいちゅうでんとう を かいましょう。\n[F1:$0A][FE][F9]シュン「……さっき くるとき\n[F1:$02]かっておけば よかったんですけどね。
1205	1205	AB4A	C	AB4A	17	plain	YES		0	0			65 1A 2E 76 0B 22 73 C8 13 00 23 4F 29 1E 6C 71 FF	シュン「なんの ために まちへ もどるのですか？	シュン「なんの ために まちへ もどるのですか？
1206	1206	AB5B	C	AB5B	23	plain	YES		0	0			65 C3 00 0C 31 17 19 17 00 0B 2E 05 17 1E 60 1F 18 73 0D 02 69 3F FF	シュン「ゆうばり ちゅうおう たんこうの\n[F1:$02]まえに つきました。	シュン「ゆうばり ちゅうおう たんこうの\n[F1:$02]まえに つきました。
1207	1207	AB72	C	AB72	24	plain	YES		0	0			65 16 1F 75 0A 2E 1A 0F 05 2B 13 00 16 2F 0E 29 60 11 1F 75 7F 6E 3F FF	シュン「いまは そんなところへ いってる\n[F1:$02]ひまは ないでしょう。	シュン「いまは そんなところへ いってる\n[F1:$02]ひまは ないでしょう。
1208	1208	AB8A	C	AB8A	33	plain	YES		0	0			65 63 3F 15 1E 03 0D 00 4F 17 07 68 36 60 23 2F 0E 16 2F 0B 14 17 78 16 16 2E 47 30 60 7F 6E 71 FF	シュン「ボス。あのくつ どうします？\n[F1:$02]もっていったほうが いいんじゃ\n[F1:$02]ないでしょうか？	シュン「ボス。あのくつ どうします？\n[F1:$02]もっていったほうが いいんじゃ\n[F1:$02]ないでしょうか？
1209	1209	ABAB	C	ABAB	78	plain	YES		0	0			65 16 04 00 0F 00 16 2C 2A 0E 23 00 1A 01 10 60 1F 2F 03 27 6C 6F 01 16 0C 31 17 4E 2E 0F 17 00 4E 23 60 7F 0F 00 20 17 45 02 78 0F 2A 6A 6F 62 65 15 33 15 3F 06 2F 02 00 C3 76 4E 2E 02 24 4E 60 01 2F 0E 19 04 50 00 26 01 2F 0B 3F FF	シュン「いけ と いわれても なかは\n[F1:$02]まっくらですよ。かいちゅうでんとう でも\n[F1:$02]ないと みうごきが とれませんよ。\n[F1:$0A][FE][F9]シュン「あーあ。さっき ゆうばりの でんきやで\n[F1:$02]かっておけば よかった。	シュン「いけ と いわれても なかは\n[F1:$02]まっくらですよ。かいちゅうでんとう でも\n[F1:$02]ないと みうごきが とれませんよ。\n[F1:$0A][FE][F9]シュン「あーあ。さっき ゆうばりの でんきやで\n[F1:$02]かっておけば よかった。
1210	1210	ABF9	C	ABF9	42	plain	YES		0	0			65 01 16 0C 31 17 4E 2E 0F 17 00 1A 07 47 30 00 54 03 10 60 16 24 6C 6F 63 3F 94 28 4B 04 4E 60 16 2F 0B 27 00 4F 17 6C 36 FF	シュン「かいちゅうでんとう なしじゃ ぼくは\n[F1:$02]いやですよ。ボス。ひとりだけで\n[F1:$02]いったら どうです？	シュン「かいちゅうでんとう なしじゃ ぼくは\n[F1:$02]いやですよ。ボス。ひとりだけで\n[F1:$02]いったら どうです？
1211	1211	AC23	C	AC23	29	plain	YES		0	0			65 16 1F 75 0D 01 2C 2A 0E 16 7F 60 12 29 16 0B 2E 05 17 76 16 28 43 0C 78 7E 68 3F FF	シュン「いまは つかわれていない\n[F1:$02]ふるいたんこうの いりぐちが あります。	シュン「いまは つかわれていない\n[F1:$02]ふるいたんこうの いりぐちが あります。
1212	1212	B682	C	B682	17	plain	YES		0	0			65 05 1E 8C 1B 75 54 03 0B 0C 07 77 16 6A 41 3F FF	シュン「このあたりには ぼくたちしか いませんが。	シュン「このあたりには ぼくたちしか いませんが。
1213	1213	AC40	C	AC40	27	plain	YES		0	0			65 8C 1B 75 94 01 44 78 20 18 6A 3F 60 0B 2E 05 17 76 1A 01 75 7D 28 6A 41 72 FF	シュン「あたりには ひとかげが みえません。\n[F1:$02]たんこうの なかは わかりませんが……。	シュン「あたりには ひとかげが みえません。\n[F1:$02]たんこうの なかは わかりませんが……。
1214	1214	AC5B	C	AC5B	18	plain	YES		0	0			65 1A 01 75 1F 2F 03 27 4E 00 84 23 00 20 18 6A 3F FF	シュン「なかは まっくらで なにも みえません。	シュン「なかは まっくらで なにも みえません。
1215	1215	AC6D	C	AC6D	41	plain	YES		0	0			65 8E 23 1E 76 1A 2E 0F 1A 03 00 20 19 54 18 76 15 29 60 03 0D 6C 3F 19 0A 27 03 00 AB 93 76 23 1E 0F 60 7C 2C 2A 68 3F FF	シュン「おんなものの なんとなく みおぼえの ある\n[F1:$02]くつです。おそらく まきこさんの ものと\n[F1:$02]おもわれます。	シュン「おんなものの なんとなく みおぼえの ある\n[F1:$02]くつです。おそらく まきこさんの ものと\n[F1:$02]おもわれます。
1216	1216	AC96	C	AC96	25	plain	YES		0	0			65 81 00 AB 93 76 1C 03 23 28 41 60 1E 05 2F 0E 16 29 00 01 2E 47 6C 35 FF	シュン「まだ まきこさんの ぬくもりが\n[F1:$02]のこっている かんじです！	シュン「まだ まきこさんの ぬくもりが\n[F1:$02]のこっている かんじです！
1217	1217	ACAF	C	ACAF	9	plain	YES		0	0			65 10 16 3F 0F 28 69 3F FF	シュン「はい。とりました。	シュン「はい。とりました。
1218	1218	ACB8	C	ACB8	29	plain	YES		0	0			65 03 0D 76 14 01 1B 75 80 00 0F 2F 0E 00 19 03 53 02 60 23 1E 75 1A 06 0A 17 6C 70 FF	シュン「くつの ほかには もう とって おくべき\n[F1:$02]ものは なさそうですね。	シュン「くつの ほかには もう とって おくべき\n[F1:$02]ものは なさそうですね。
1219	1219	B783	C	B783	87	plain	YES		0	0			65 07 1F 2F 0B 3F E2 2C 1A 4B 2F 0B 01 35 60 4B 2A 01 78 17 18 01 27 00 16 07 74 19 0F 07 0E 60 4E 16 28 43 0C 74 12 06 16 4E 00 07 1F 16 69 3F 62 65 16 1F 00 01 16 0C 31 17 4E 2E 0F 17 74 0D 04 68 3F 62 65 05 17 1A 2F 0B 27 00 08 08 21 14 01 00 7E 6A 3F 62 FF	シュン「しまった。ワナだったか！\n[F1:$02]だれかが うえから いしを おとして\n[F1:$02]でいりぐちを ふさいで しまいました。\n[F1:$0A][FE][F9]シュン「いま かいちゅうでんとうを つけます。\n[F1:$0A][FE][F9]シュン「こうなったら すすむほか ありません。\n[F1:$0A][FE][F9]	シュン「しまった。ワナだったか！\n[F1:$02]だれかが うえから いしを おとして\n[F1:$02]でいりぐちを ふさいで しまいました。\n[F1:$0A][FE][F9]シュン「いま かいちゅうでんとうを つけます。\n[F1:$0A][FE][F9]シュン「こうなったら すすむほか ありません。\n[F1:$0A][FE][F9]
1220	1220	ACD5	C	ACD5	49	plain	YES		0	0			65 63 3F C3 4E 00 01 2F 0B E3 27 47 19 1B 60 4E 2E 0C 78 10 16 2F 0E 16 69 3F 62 65 05 2A 74 01 16 0C 31 17 4E 2E 0F 17 1B 60 16 2A 01 18 68 3F FF	シュン「ボス。ゆうばりで かったラジオに\n[F1:$02]でんちが はいっていました。\n[F1:$0A][FE][F9]シュン「これを かいちゅうでんとうに\n[F1:$02]いれかえます。	シュン「ボス。ゆうばりで かったラジオに\n[F1:$02]でんちが はいっていました。\n[F1:$0A][FE][F9]シュン「これを かいちゅうでんとうに\n[F1:$02]いれかえます。
1221	1221	AD06	C	AD06	108	controlled	YES		0	1	D19F	F2	F2 9F D1 62 65 17 2E 36 00 1F 0E 26 3F 62 65 63 3F 01 16 0C 31 17 4E 2E 0F 17 1E 60 11 01 28 1E 09 16 4E 00 06 2F 02 1F 4E 10 60 02 41 0D 01 1A 01 2F 0B 1E 6C 41 72 62 65 82 01 27 77 17 2F 08 27 0F 00 11 01 28 41 60 23 2A 0E 16 68 3F 62 65 11 01 28 76 14 17 73 08 08 22 50 60 0A 0F 73 4E 27 2A 29 01 23 00 07 2A 6A 3F 62 FF	[F2:$D19F]\n[F1:$0A][FE][F9]シュン「うん？ まてよ。\n[F1:$0A][FE][F9]シュン「ボス。かいちゅうでんとうの\n[F1:$02]ひかりのせいで さっきまでは\n[F1:$02]きがつかなかったのですが……。\n[F1:$0A][FE][F9]シュン「どこからか うっすらと ひかりが\n[F1:$02]もれています。\n[F1:$0A][FE][F9]シュン「ひかりの ほうに すすめば\n[F1:$02]そとに でられるかも しれません。\n[F1:$0A][FE][F9]	シュン「まっくらで どうしようも ありません。\n[F1:$0A][FE][F9]シュン「うん？ まてよ。\n[F1:$0A][FE][F9]シュン「ボス。かいちゅうでんとうの\n[F1:$02]ひかりのせいで さっきまでは\n[F1:$02]きがつかなかったのですが……。\n[F1:$0A][FE][F9]シュン「どこからか うっすらと ひかりが\n[F1:$02]もれています。\n[F1:$0A][FE][F9]シュン「ひかりの ほうに すすめば\n[F1:$02]そとに でられるかも しれません。\n[F1:$0A][FE][F9]
1222	1222	AD72	C	AD72	22	plain	YES		0	0			65 63 00 11 01 28 75 0E 2E 47 32 17 01 27 60 23 2A 0E 16 68 3F FF	シュン「ボス ひかりは てんじょうから\n[F1:$02]もれています。	シュン「ボス ひかりは てんじょうから\n[F1:$02]もれています。
1223	1223	AD88	C	AD88	532	controlled	YES		0	24	EDB6,EDBB,EDB6,EDBB,EDB6,EDBB,EDB6,EDBB,EDB6,EDBB,EDB6,EDBB,EDB6,EDBB,EDB6,EDBB,EDB6,EDBB,EDB6,EDBB,EDB6,EDBB,EDB6,EDBB	F2,F2,F2,F2,F2,F8,F2,F2,F2,F2,F2,F2,F2,F2,F2,F2,F2,F2,F2,F2,F2,F2,F2,F2,F2	65 AB 93 76 51 32 17 07 0D 6C 3F 62 65 AB 93 35 62 F2 B6 ED 15 00 8F 93 3F F2 BB ED 62 65 26 01 2F 0B 3D 3D 14 2E 0F 17 1B 60 26 01 2F 0B 3F 62 65 15 1A 0B 78 16 07 02 12 22 16 76 15 16 4B 60 80 00 02 41 02 4E 1A 03 0E 00 0A 17 06 23 00 0E 1B 60 0D 01 7F 00 03 27 16 6D 3F 62 F2 B6 ED 2C 0B 07 00 02 02 69 00 8F 93 0B 0C 41 60 2C 0B 07 74 0B 08 04 0E 00 03 4B 06 2F 0B 0F 72 60 14 2E 0F 17 73 15 28 41 0F 17 00 45 46 16 69 3F F2 BB ED 62 65 16 30 33 00 04 16 01 2E 76 0F 33 49 2E 1E 60 0D 0F 22 6C 01 27 00 E3 15 10 10 72 62 F2 B6 ED 8F 93 35 60 0C 0C 2D 3E 0C 0C 74 0F 22 0E 03 4B 06 16 35 F8 F2 BB ED 65 3D 3D 36 62 F2 B6 ED 0C 0C 75 4B 16 42 07 76 15 03 0D 0F 00 06 07 0C 41 18 0E 60 07 1C 00 0D 23 28 1A 2E 6C 3F F2 BB ED 62 F2 B6 ED 2C 0B 07 00 16 2F 07 32 17 04 2E 22 16 60 0F 22 0B 2E 6C 3F F2 BB ED 62 F2 B6 ED 4E 23 00 0C 0C 10 3E 80 00 19 0A 16 3F 60 24 29 77 24 27 2A 29 77 20 0C 10 60 12 0B 0D 73 94 0D 07 77 7F 1E 4B 2F 0E 72 F2 BB ED 62 F2 B6 ED 4F 17 07 0E 23 00 02 02 16 2A 0E 00 03 2A 7F 79 60 A9 00 0F 16 17 00 94 78 19 03 2F 0E 02 0B 60 0E 41 20 74 B3 2A 50 00 11 32 2F 0F 07 0B 27 72 F2 BB ED 62 F2 B6 ED 0F 00 7C 2F 0E 00 E4 15 55 33 0F 73 0F 28 1B 72 F2 BB ED 62 65 0A 07 0E 00 B0 0B 0C 73 0D 01 1F 2F 0B 3F 62 F2 B6 ED 10 16 72 F2 BB ED 62 65 02 2F 0F 00 B0 0B 0C 75 48 2F 0F 00 15 1A 0B 1E 60 E4 15 55 33 0F 74 20 10 2F 0E 00 16 0B 2E 6E 70 62 F2 B6 ED 8F 93 00 19 1D 41 16 6C 3F F2 BB ED 62 F2 B6 ED 05 2A 16 47 32 17 00 0C 0C 73 94 45 2B 07 2D 60 06 09 7F 4E 00 03 4B 06 16 35 F2 BB ED 62 F2 B6 ED 0C 0C 2D 06 41 07 4B 07 0E 60 24 22 06 09 0E 03 4B 06 16 35 F2 BB ED FF	シュン「まきこさんの びょうしつです。\n[F1:$0A][FE][F9]シュン「まきこさん！\n[F1:$0A][FE][F9][F2:$EDB6]あ けいじさん。[F2:$EDBB]\n[F1:$0A][FE][F9]シュン「よかった……ほんとうに\n[F1:$02]よかった。\n[F1:$0A][FE][F9]シュン「あなたが いしきふめいの あいだ\n[F1:$02]もう きがきでなくて そうさも てに\n[F1:$02]つかない くらいでした。\n[F1:$0A][FE][F9][F2:$EDB6]わたし ききました けいじさんたちが\n[F1:$02]わたしを たすけて くださったと……。\n[F1:$02]ほんとうに ありがとう ございました。[F2:$EDBB]\n[F1:$0A][FE][F9]シュン「いゃー けいかんの とーぜんの\n[F1:$02]つとめですから アハハ……。\n[F1:$0A][FE][F9][F2:$EDB6]けいじさん！\n[F1:$02]ちちを、ちちを とめてください！\n[F2:$EDBB]シュン「……？\n[F1:$0A][FE][F9][F2:$EDB6]ちちは だいぎしの あくつと さしちがえて\n[F1:$02]しぬ つもりなんです。[F2:$EDBB]\n[F1:$0A][FE][F9][F2:$EDB6]わたし いっしょうけんめい\n[F1:$02]とめたんです。[F2:$EDBB]\n[F1:$0A][FE][F9][F2:$EDB6]でも ちちは、もう おそい。\n[F1:$02]やるか やられるか みちは\n[F1:$02]ふたつに ひとつしか ないのだって……。[F2:$EDBB]\n[F1:$0A][FE][F9][F2:$EDB6]どうしても ききいれて くれないので\n[F1:$02]おくむら という ひとが おくってきた\n[F1:$02]てがみを みせれば ひょっとしたら……。[F2:$EDBB]\n[F1:$0A][FE][F9][F2:$EDB6]と おもって アパートに とりに……。[F2:$EDBB]\n[F1:$0A][FE][F9]シュン「そして やくざたちに つかまった。\n[F1:$0A][FE][F9][F2:$EDB6]はい……。[F2:$EDBB]\n[F1:$0A][FE][F9]シュン「きっと やくざたちは ずっと あなたの\n[F1:$02]アパートを みはって いたんでしょうね。\n[F1:$0A][FE][F9][F2:$EDB6]けいじさん おねがいです。[F2:$EDBB]\n[F1:$0A][FE][F9][F2:$EDB6]これいじょう ちちに ひとごろしを\n[F1:$02]させないで ください！[F2:$EDBB]\n[F1:$0A][FE][F9][F2:$EDB6]ちちをさがしだして\n[F1:$02]やめさせてください！[F2:$EDBB]	シュン「まきこさんの びょうしつです。\n[F1:$0A][FE][F9]シュン「まきこさん！\n[F1:$0A][FE][F9][FC:$5C][F0:$A9]あ けいじさん。[F0:$AA]\n[F1:$0A][FE][F9]シュン「よかった……ほんとうに\n[F1:$02]よかった。\n[F1:$0A][FE][F9]シュン「あなたが いしきふめいの あいだ\n[F1:$02]もう きがきでなくて そうさも てに\n[F1:$02]つかない くらいでした。\n[F1:$0A][FE][F9][FC:$5C][F0:$A9]わたし ききました けいじさんたちが\n[F1:$02]わたしを たすけて くださったと……。\n[F1:$02]ほんとうに ありがとう ございました。[F0:$AA]\n[F1:$0A][FE][F9]シュン「いゃー けいかんの とーぜんの\n[F1:$02]つとめですから アハハ……。\n[F1:$0A][FE][F9][FC:$5C][F0:$A9]けいじさん！\n[F1:$02]ちちを、ちちを とめてください！\n[F0:$AA]シュン「……？\n[F1:$0A][FE][F9][FC:$5C][F0:$A9]ちちは だいぎしの あくつと さしちがえて\n[F1:$02]しぬ つもりなんです。[F0:$AA]\n[F1:$0A][FE][F9][FC:$5C][F0:$A9]わたし いっしょうけんめい\n[F1:$02]とめたんです。[F0:$AA]\n[F1:$0A][FE][F9][FC:$5C][F0:$A9]でも ちちは、もう おそい。\n[F1:$02]やるか やられるか みちは\n[F1:$02]ふたつに ひとつしか ないのだって……。[F0:$AA]\n[F1:$0A][FE][F9][FC:$5C][F0:$A9]どうしても ききいれて くれないので\n[F1:$02]おくむら という ひとが おくってきた\n[F1:$02]てがみを みせれば ひょっとしたら……。[F0:$AA]\n[F1:$0A][FE][F9][FC:$5C][F0:$A9]と おもって アパートに とりに……。[F0:$AA]\n[F1:$0A][FE][F9]シュン「そして やくざたちに つかまった。\n[F1:$0A][FE][F9][FC:$5C][F0:$A9]はい……。[F0:$AA]\n[F1:$0A][FE][F9]シュン「きっと やくざたちは ずっと あなたの\n[F1:$02]アパートを みはって いたんでしょうね。\n[F1:$0A][FE][F9][FC:$5C][F0:$A9]けいじさん おねがいです。[F0:$AA]\n[F1:$0A][FE][F9][FC:$5C][F0:$A9]これいじょう ちちに ひとごろしを\n[F1:$02]させないで ください！[F0:$AA]\n[F1:$0A][FE][F9][FC:$5C][F0:$A9]ちちをさがしだして\n[F1:$02]やめさせてください！[F0:$AA]
1224	1224	AF9C	C	AF9C	43	plain	YES		0	0			65 16 07 02 74 01 16 12 03 07 0B 00 AB 93 41 60 16 68 72 63 00 0A 2E 1A 05 0F 26 28 60 10 24 03 00 A7 74 0F 22 1A 03 0E 10 35 FF	シュン「いしきを かいふくした まきこさんが\n[F1:$02]います……。ボス そんなことより\n[F1:$02]はやく ゲンさんを とめなくては！	シュン「いしきを かいふくした まきこさんが\n[F1:$02]います……。ボス そんなことより\n[F1:$02]はやく ゲンさんを とめなくては！
1225	1225	AFC7	C	AFC7	74	controlled	YES		0	4	EDB6,EDBB,EDB6,EDBB	F2,F2,F2,F2	F2 B6 ED 0C 0C 78 16 0A 17 1A 96 6C 71 60 0B 52 2E 00 82 01 73 20 2D 01 03 07 0E 16 29 0F 60 7C 17 1E 6C 41 72 0A 2A 78 4F 05 1A 1E 01 72 F2 BB ED 62 F2 B6 ED 4F 17 77 0C 0C 74 06 41 07 4B 07 0E 03 4B 06 16 35 F2 BB ED FF	[F2:$EDB6]ちちが いそうなばしょですか？\n[F1:$02]たぶん どこかに みをかくしていると\n[F1:$02]おもうのですが……。それが どこなのか……。[F2:$EDBB]\n[F1:$0A][FE][F9][F2:$EDB6]どうか ちちを さがしだしてください！[F2:$EDBB]	[FC:$5C][F0:$A9]ちちが いそうなばしょですか？\n[F1:$02]たぶん どこかに みをかくしていると\n[F1:$02]おもうのですが……。それが どこなのか……。[F0:$AA]\n[F1:$0A][FE][F9][FC:$5C][F0:$A9]どうか ちちを さがしだしてください！[F0:$AA]
1226	1226	B011	C	B011	88	plain	YES		0	0			65 63 3F 05 05 1F 4E 02 0E 00 81 60 AB 93 78 0C 0C 19 24 74 01 50 2F 0E 16 29 0F 60 16 17 1E 6C 01 38 62 65 01 1E 47 32 76 11 0B 21 02 1A 22 74 20 0E 60 03 4B 06 16 35 00 23 07 00 0C 0C 19 24 76 16 96 2D 60 07 2F 0E 29 1A 27 00 19 07 18 0E 03 2A 29 10 48 6C 6F FF	シュン「ボス。ここまできて まだ\n[F1:$02]まきこさんが ちちおやを かばっていると\n[F1:$02]いうのですか[GLYPH:$38]\n[F1:$0A][FE][F9]シュン「かのじょの ひたむきなめを みて\n[F1:$02]ください！ もし ちちおやの いばしょを\n[F1:$02]しってるなら おしえてくれるはずですよ。	シュン「ボス。ここまできて まだ\n[F1:$02]まきこさんが ちちおやを かばっていると\n[F1:$02]いうのですか[GLYPH:$38]\n[F1:$0A][FE][F9]シュン「かのじょの ひたむきなめを みて\n[F1:$02]ください！ もし ちちおやの いばしょを\n[F1:$02]しってるなら おしえてくれるはずですよ。
1227	1227	B069	C	B069	35	plain	YES		0	0			65 0A 17 6C 35 00 0F 1B 01 03 00 A7 00 0D 1F 28 60 AB 93 1E 0C 0C 19 24 74 06 41 06 1A 03 0E 10 2F 35 FF	シュン「そうです！ とにかく ゲンさん つまり\n[F1:$02]まきこさんのちちおやを さがさなくてはっ！	シュン「そうです！ とにかく ゲンさん つまり\n[F1:$02]まきこさんのちちおやを さがさなくてはっ！
1228	1228	B08C	C	B08C	24	plain	YES		0	0			65 63 3F 0A 2A 26 28 00 10 24 03 60 A7 74 06 41 06 1A 03 0E 10 2F 35 FF	シュン「ボス。それより はやく\n[F1:$02]ゲンさんを さがさなくてはっ！	シュン「ボス。それより はやく\n[F1:$02]ゲンさんを さがさなくてはっ！
1229	1229	B0A4	C	B0A4	14	plain	YES		0	0			65 05 1E 13 24 1B 75 9D 10 60 7E 6A 3F FF	シュン「このへやには でんわは\n[F1:$02]ありません。	シュン「このへやには でんわは\n[F1:$02]ありません。
1230	1230	B0B2	C	B0B2	17	plain	YES		0	0			65 05 2A 78 23 0C 23 1E 6C 3F 60 83 74 20 68 71 FF	シュン「これが もちものです。\n[F1:$02]どれを みますか？	シュン「これが もちものです。\n[F1:$02]どれを みますか？
1231	1231	B0C3	C	B0C3	56	controlled	YES		0	2	ED82,ED86	F2,F2	F2 82 ED 15 00 0A 17 0A 17 3F 45 05 76 06 0D 47 2E 1B 60 01 2E 04 16 08 29 00 99 10 62 65 23 17 11 0D 86 7F 79 60 14 2E 07 32 73 19 03 2F 0E 00 19 02 69 3F F2 86 ED FF	[F2:$ED82]あ そうそう。ごこの さつじんに\n[F1:$02]かんけいする しゃしんは\n[F1:$0A][FE][F9]シュン「もうひつようないので\n[F1:$02]ほんしょに おくって おきました。[F2:$ED86]	シュン「[F0:$A1]あ そうそう。ごこの さつじんに\n[F1:$02]かんけいする しゃしんは\n[F1:$0A][FE][F9]シュン「もうひつようないので\n[F1:$02]ほんしょに おくって おきました。[F0:$A2]
1232	1232	B0FB	C	B0FB	8	controlled	YES		0	2	E8CD,DADB	F2,F2	65 F2 CD E8 F2 DB DA FF	シュン「[F2:$E8CD][F2:$DADB]	シュン「これが そうですが……。\n[F1:$0A][FE][F9][F5:$11,$03]
1233	1233	B103	C	B103	41	plain	YES		0	0			65 14 0F 2E 4F 76 E3 58 33 47 78 10 03 07 00 1E 60 1F 1F 00 6C 41 72 19 24 00 05 05 1B 60 84 77 01 16 0E 00 7E 68 3F 62 FF	シュン「ほとんどの ページが はくし の\n[F1:$02]まま ですが……。おや ここに\n[F1:$02]なにか かいて あります。\n[F1:$0A][FE][F9]	シュン「ほとんどの ページが はくし の\n[F1:$02]まま ですが……。おや ここに\n[F1:$02]なにか かいて あります。\n[F1:$0A][FE][F9]
1234	1234	B12C	C	B12C	27	controlled	YES		0	2	ED82,ED86	F2,F2	F2 82 ED 06 2F 02 76 E3 58 33 47 74 80 16 0C 4F 60 20 29 1E 6C 70 F2 86 ED 62 FF	[F2:$ED82]さっきの ページを もういちど\n[F1:$02]みるのですね。[F2:$ED86]\n[F1:$0A][FE][F9]	シュン「[F0:$A1]さっきの ページを もういちど\n[F1:$02]みるのですね。[F0:$A2]\n[F1:$0A][FE][F9]
1235	1235	B147	C	B147	339	controlled	YES		0	2	E88D,DADB	F2,F2	65 4F 17 24 27 00 05 76 A2 10 60 91 76 23 1E 73 C8 41 16 00 1A 06 0A 17 6C 70 62 65 A5 00 0F 00 A8 75 05 2B 06 2A 0B 60 47 2E 52 0D 00 6C 3F 62 65 05 2B 07 0B 00 94 76 1A 1F 18 74 94 0D 48 0D 60 04 07 0E 25 03 72 91 75 05 17 24 2F 0E 60 47 52 2E 74 25 17 02 4D 04 0E 00 16 0B 1E 6E 01 3F 62 65 0A 2A 1B 07 0E 23 00 1E 05 28 76 12 0B 28 1E 1A 1F 18 41 60 02 1B 1A 28 68 70 62 65 C5 39 11 4E 19 3D 3D 05 2A 75 05 2E 4F 60 4B 16 47 2E 73 1A 29 0F 00 16 2C 2A 0E 16 29 60 05 2F 01 16 39 42 16 2E 76 1A 1F 18 00 47 30 7F 6C 01 3F 62 65 26 05 73 01 16 0E 15 29 00 50 2E 45 17 10 60 C5 39 11 4E 19 00 76 47 0B 03 77 47 21 07 32 1E 60 9D 50 2E 45 17 00 01 23 00 07 2A 6A 70 62 65 15 0F 4E 00 0B 22 07 73 01 04 0E 00 20 6B 3F 62 65 0A 2A 73 A9 39 02 08 04 72 60 05 2A 75 F2 8D E8 84 23 76 6E 36 62 65 1F 0E 26 00 A9 00 A9 72 60 17 33 2E 3E 7C 16 4B 09 7F 1A 15 3F 62 65 E2 50 0D 00 47 29 07 4E 00 04 06 2A 0E 00 16 29 00 0F 05 2B 2D 60 20 29 0F 3E 05 76 8D 23 00 05 2B 06 2A 0B 00 0F 60 16 17 05 0F 00 1A 1E 6E 71 F2 DB DA FF	シュン「どうやら この てちょうは\n[F1:$02]はんにんの ものに まちがい なさそうですね。\n[F1:$0A][FE][F9]シュン「いいじま と しらきは ころされた\n[F1:$02]じんぶつ です。\n[F1:$0A][FE][F9]シュン「ころした ひとの なまえを ひとつずつ\n[F1:$02]けしてゆく……。はんにんは こうやって\n[F1:$02]じぶんを ゆうきづけて いたのでしょうか。\n[F1:$0A][FE][F9]シュン「それにしても のこりの ふたりのなまえが\n[F1:$02]きになりますね。\n[F1:$0A][FE][F9]シュン「あくつ・ひでお……これは こんど\n[F1:$02]だいじんに なると いわれている\n[F1:$02]こっかい・ぎいんの なまえ じゃないですか。\n[F1:$0A][FE][F9]シュン「よこに かいてある ばんごうは\n[F1:$02]あくつ・ひでお の じたくか じむしょの\n[F1:$02]でんわばんごう かも しれませんね。\n[F1:$0A][FE][F9]シュン「あとで ためしに かけて みましょう。\n[F1:$0A][FE][F9]シュン「それに おくむら・きすけ……。\n[F1:$02]これは [F2:$E88D]なにもの でしょう？\n[F1:$0A][FE][F9]シュン「まてよ おくむら おくむら……。\n[F1:$02]うーん、おもいだせないなあ。\n[F1:$0A][FE][F9]シュン「バツ じるしで けされて いる ところを\n[F1:$02]みると、この おとこも ころされた と\n[F1:$02]いうこと なのでしょうか？[F2:$DADB]	シュン「どうやら この てちょうは\n[F1:$02]はんにんの ものに まちがい なさそうですね。\n[F1:$0A][FE][F9]シュン「いいじま と しらきは ころされた\n[F1:$02]じんぶつ です。\n[F1:$0A][FE][F9]シュン「ころした ひとの なまえを ひとつずつ\n[F1:$02]けしてゆく……。はんにんは こうやって\n[F1:$02]じぶんを ゆうきづけて いたのでしょうか。\n[F1:$0A][FE][F9]シュン「それにしても のこりの ふたりのなまえが\n[F1:$02]きになりますね。\n[F1:$0A][FE][F9]シュン「あくつ・ひでお……これは こんど\n[F1:$02]だいじんに なると いわれている\n[F1:$02]こっかい・ぎいんの なまえ じゃないですか。\n[F1:$0A][FE][F9]シュン「よこに かいてある ばんごうは\n[F1:$02]あくつ・ひでお の じたくか じむしょの\n[F1:$02]でんわばんごう かも しれませんね。\n[F1:$0A][FE][F9]シュン「あとで ためしに かけて みましょう。\n[F1:$0A][FE][F9]シュン「それに おくむら・きすけ……。\n[F1:$02]これは いったい なにもの でしょう？\n[F1:$0A][FE][F9]シュン「まてよ おくむら おくむら……。\n[F1:$02]うーん、おもいだせないなあ。\n[F1:$0A][FE][F9]シュン「バツ じるしで けされて いる ところを\n[F1:$02]みると、この おとこも ころされた と\n[F1:$02]いうこと なのでしょうか？\n[F1:$0A][FE][F9][F5:$11,$03]
1236	1236	B29A	C	B29A	24	controlled	YES		0	1	DADB	F2	65 A2 73 01 16 0E 15 29 00 05 0F 10 60 05 2A 4B 04 00 6C 3F F2 DB DA FF	シュン「てちょうに かいてある ことは\n[F1:$02]これだけ です。[F2:$DADB]	シュン「てちょうに かいてある ことは\n[F1:$02]これだけ です。\n[F1:$0A][FE][F9][F5:$11,$03]
1237	1237	B2B2	C	B2B2	1	plain	YES		0	0			FF		
1238	1238,1239	B2B3	C	B2B3	13	controlled	YES		0	2	ED82,ED86	F2,F2	F2 82 ED 16 7F 00 85 6C 70 F2 86 ED FF	[F2:$ED82]いない みたいですね。[F2:$ED86]	シュン「[F0:$A1]いない みたいですね。[F0:$A2]
1240	1240	B2DD	C	B2DD	78	controlled	YES		0	0		FB	66 BB 6C 3F 10 16 36 60 15 15 00 A7 6C 71 00 D4 FB 73 1F 18 01 27 60 02 31 17 01 74 0F 2F 0E 00 24 08 2E 4E 16 68 3F 62 66 18 3E 05 4F 23 36 00 06 15 1D 18 00 07 09 16 01 0D 76 05 0F 10 60 15 1F 28 00 10 1A 06 7F 00 94 6C 01 27 72 FF	＊「コロポックリです。はい？\n[F1:$02]ああ ゲンさんですか？ [GLYPH:$D4][FB:$73]まえから\n[F1:$02]きゅうかを とって やすんでいます。\n[F1:$0A][FE][F9]＊「え、こども？ さあねえ しせいかつの ことは\n[F1:$02]あまり はなさない ひとですから……。	＊「コロポックリです。はい？\n[F1:$02]ああ ゲンさんですか？ [GLYPH:$D4][FB:$73]まえから\n[F1:$02]きゅうかを とって やすんでいます。\n[F1:$0A][FE][F9]＊「え、こども？ さあねえ しせいかつの ことは\n[F1:$02]あまり はなさない ひとですから……。
1241	1241	B32B	C	B32B	160	plain	YES		0	0			66 BB 6C 3F 15 3E 90 76 01 0B 36 62 66 0C 32 17 4F 00 26 01 2F 0B 35 00 06 2F 02 00 17 0C 1E 60 25 17 51 2E 17 04 73 A7 15 0E 1E 60 02 32 17 10 03 47 32 17 78 1F 16 05 2E 4B 2E 6C 3F 62 65 02 32 17 10 03 47 32 17 6C 2F 0E 36 62 66 18 18 3F 21 08 22 76 16 1E 0C 78 19 07 04 2A 50 60 C3 00 0C 31 17 19 17 00 0B 2E 05 17 1F 4E 00 05 16 3E 60 0F 00 01 16 0E 15 29 2E 6C 3F 62 66 A7 01 27 75 1A 2E 76 2A 2E 27 03 23 00 7F 07 3E 60 80 00 4F 17 07 0E 00 16 16 1E 01 7D 27 1A 03 0E 72 FF	＊「コロポックリです。あ、けいさつの かた？\n[F1:$0A][FE][F9]＊「ちょうど よかった！ さっき うちの\n[F1:$02]ゆうびんうけに ゲンさんあての\n[F1:$02]きょうはくじょうが まいこんだんです。\n[F1:$0A][FE][F9]シュン「きょうはくじょうですって？\n[F1:$0A][FE][F9]＊「ええ。むすめの いのちが おしければ\n[F1:$02]ゆうばり ちゅうおう たんこうまで こい、\n[F1:$02]と かいてあるんです。\n[F1:$0A][FE][F9]＊「ゲンさんからは なんの れんらくも ないし、\n[F1:$02]もう どうして いいのかわからなくて……。	＊「コロポックリです。あ、けいさつの かた？\n[F1:$0A][FE][F9]＊「ちょうど よかった！ さっき うちの\n[F1:$02]ゆうびんうけに ゲンさんあての\n[F1:$02]きょうはくじょうが まいこんだんです。\n[F1:$0A][FE][F9]シュン「きょうはくじょうですって？\n[F1:$0A][FE][F9]＊「ええ。むすめの いのちが おしければ\n[F1:$02]ゆうばり ちゅうおう たんこうまで こい、\n[F1:$02]と かいてあるんです。\n[F1:$0A][FE][F9]＊「ゲンさんからは なんの れんらくも ないし、\n[F1:$02]もう どうして いいのかわからなくて……。
1242	1242	B3CB	C	B3CB	54	plain	YES		0	0			66 BB 6C 3F 15 00 8F 93 3F 60 10 15 3F A7 00 01 27 75 0A 1E 45 60 1A 2E 76 2A 2E 27 03 23 00 7E 6A 6C 3F 62 66 2C 0B 07 27 23 00 05 1F 2F 0E 00 16 29 2E 6C 6F FF	＊「コロポックリです。あ けいじさん。\n[F1:$02]はあ。ゲンさん からは そのご\n[F1:$02]なんの れんらくも ありませんです。\n[F1:$0A][FE][F9]＊「わたしらも こまって いるんですよ。	＊「コロポックリです。あ けいじさん。\n[F1:$02]はあ。ゲンさん からは そのご\n[F1:$02]なんの れんらくも ありませんです。\n[F1:$0A][FE][F9]＊「わたしらも こまって いるんですよ。
1243	1243	B401	C	B401	103	plain	YES		0	0			66 10 16 3F C5 39 11 4E 19 00 47 21 07 32 6C 3F 60 18 18 3F 2C 0B 03 07 00 11 07 32 76 23 1E 6C 41 72 62 66 10 15 00 90 36 00 06 0D 47 2E 10 2E 1E 60 16 28 31 17 11 2E 00 76 A2 1B 60 C5 E4 09 2E 09 16 76 1A 1F 18 41 36 62 66 17 33 2E 00 0A 2E 1A 05 0F 00 16 2C 2A 0E 23 60 89 05 05 2B 8C 75 7E 6A 1D 18 3F FF	＊「はい。あくつ・ひでお じむしょです。\n[F1:$02]ええ。わたくし ひしょの ものですが……。\n[F1:$0A][FE][F9]＊「はあ けいさつ？ さつじんはんの\n[F1:$02]いりゅうひん の てちょうに\n[F1:$02]あくつセンセイの なまえが？\n[F1:$0A][FE][F9]＊「うーん そんなこと いわれても\n[F1:$02]とくに こころあたりは ありませんねえ。	＊「はい。あくつ・ひでお じむしょです。\n[F1:$02]ええ。わたくし ひしょの ものですが……。\n[F1:$0A][FE][F9]＊「はあ けいさつ？ さつじんはんの\n[F1:$02]いりゅうひん の てちょうに\n[F1:$02]あくつセンセイの なまえが？\n[F1:$0A][FE][F9]＊「うーん そんなこと いわれても\n[F1:$02]とくに こころあたりは ありませんねえ。
1244	1244	B468	C	B468	108	plain	YES		0	0			66 C5 39 11 4E 19 00 47 21 07 32 6C 3F 60 15 15 3E 05 1E 15 16 4B 76 90 76 01 0B 36 60 18 18 3F 05 05 2B 8C 75 45 46 16 6A 6C 1D 18 3F 62 66 23 0F 23 0F 00 09 16 47 01 75 84 01 0F 00 17 27 20 2D 60 01 17 00 05 0F 23 00 19 19 16 00 07 32 17 50 16 00 6C 01 27 60 16 0C 16 0C 0A 2E 1A 05 0F 00 02 1B 07 0E 16 27 2A 6A 07 3F FF	＊「あくつ・ひでお じむしょです。\n[F1:$02]ああ、このあいだの けいさつの かた？\n[F1:$02]ええ。こころあたりは ございませんですねえ。\n[F1:$0A][FE][F9]＊「もともと せいじかは なにかと うらみを\n[F1:$02]かう ことも おおい しょうばい ですから\n[F1:$02]いちいちそんなこと きにしていられませんし。	＊「あくつ・ひでお じむしょです。\n[F1:$02]ああ、このあいだの けいさつの かた？\n[F1:$02]ええ。こころあたりは ございませんですねえ。\n[F1:$0A][FE][F9]＊「もともと せいじかは なにかと うらみを\n[F1:$02]かう ことも おおい しょうばい ですから\n[F1:$02]いちいちそんなこと きにしていられませんし。
1245	1245	B4D4	C	B4D4	55	plain	YES		0	0			66 C5 39 11 4E 19 00 47 21 07 32 6C 3F 60 90 36 00 15 15 3E 1F 0B 00 15 2E 0B 6C 01 3F 62 66 0F 1B 01 03 00 07 27 7F 00 23 1E 75 07 28 6A 3F 60 7A 07 0D 2A 16 3F FF	＊「あくつ・ひでお じむしょです。\n[F1:$02]けいさつ？ ああ、また あんたですか。\n[F1:$0A][FE][F9]＊「とにかく しらない ものは しりません。\n[F1:$02]では しつれい。	＊「あくつ・ひでお じむしょです。\n[F1:$02]けいさつ？ ああ、また あんたですか。\n[F1:$0A][FE][F9]＊「とにかく しらない ものは しりません。\n[F1:$02]では しつれい。
1246	1246	B50B	C	B50B	63	plain	YES		0	0			66 C5 39 11 4E 19 00 47 21 07 32 6C 3F 60 E4 09 2E 09 16 75 15 16 1B 03 00 12 46 16 00 6C 41 72 62 66 90 36 00 1F 0B 00 15 1A 0B 6C 01 3F 60 80 00 16 16 01 44 2E 73 07 0E 03 4B 06 16 6F FF	＊「あくつ・ひでお じむしょです。\n[F1:$02]センセイは あいにく ふざい ですが……。\n[F1:$0A][FE][F9]＊「けいさつ？ また あなたですか。\n[F1:$02]もう いいかげんに してくださいよ。	＊「あくつ・ひでお じむしょです。\n[F1:$02]センセイは あいにく ふざい ですが……。\n[F1:$0A][FE][F9]＊「けいさつ？ また あなたですか。\n[F1:$02]もう いいかげんに してくださいよ。
1247	1247	B54A	C	B54A	67	controlled	YES		0	4	ED82,ED86,ED82,ED86	F2,F2,F2,F2	F2 82 ED 01 2E 45 12 73 02 16 0E 00 20 0B 0F 05 2B 72 F2 86 ED 62 F2 82 ED AB 93 75 15 16 01 2C 27 48 60 22 2E 01 16 00 07 30 49 0D 76 47 32 17 0B 16 41 60 0D 4D 16 0E 00 16 29 0A 17 6C 3F F2 86 ED FF	[F2:$ED82]かんごふに きいて みたところ……。[F2:$ED86]\n[F1:$0A][FE][F9][F2:$ED82]まきこさんは あいかわらず\n[F1:$02]めんかい しゃぜつの じょうたいが\n[F1:$02]つづいて いるそうです。[F2:$ED86]	シュン「[F0:$A1]かんごふに きいて みたところ……。[F0:$A2]\n[F1:$0A][FE][F9]シュン「[F0:$A1]まきこさんは あいかわらず\n[F1:$02]めんかい しゃぜつの じょうたいが\n[F1:$02]つづいて いるそうです。[F0:$A2]
1248	1248	B58D	C	B58D	45	controlled	YES		0	2	ED82,ED86	F2,F2	F2 82 ED 63 3F AB 93 75 0D 16 1B 60 16 07 02 74 01 16 12 03 07 0B 0A 17 6C 35 60 16 24 15 00 14 2E 0F 17 73 26 01 2F 0B 3F F2 86 ED FF	[F2:$ED82]ボス。まきこさんは ついに\n[F1:$02]いしきを かいふくしたそうです！\n[F1:$02]いやあ ほんとうに よかった。[F2:$ED86]	シュン「[F0:$A1]ボス。まきこさんは ついに\n[F1:$02]いしきを かいふくしたそうです！\n[F1:$02]いやあ ほんとうに よかった。[F0:$A2]
1249	1249	B5BA	C	B5BA	60	controlled	YES		0	4	ED82,ED86,ED82,ED86	F2,F2,F2,F2	F2 82 ED 63 3F AB 93 75 90 76 94 1B 60 97 0B 16 05 0F 41 15 29 00 0F 00 16 2F 0E 60 16 29 0A 17 6C 3F F2 86 ED 62 F2 82 ED 07 02 31 17 00 90 00 C1 13 00 60 16 02 6B 3F F2 86 ED FF	[F2:$ED82]ボス。まきこさんは けいさつの ひとに\n[F1:$02]はなしたいことがある と いって\n[F1:$02]いるそうです。[F2:$ED86]\n[F1:$0A][FE][F9][F2:$ED82]しきゅう けいさつ びょういんへ \n[F1:$02]いきましょう。[F2:$ED86]	シュン「[F0:$A1]ボス。まきこさんは けいさつの ひとに\n[F1:$02]はなしたいことがある と いって\n[F1:$02]いるそうです。[F0:$A2]\n[F1:$0A][FE][F9]シュン「[F0:$A1]しきゅう けいさつ びょういんへ \n[F1:$02]いきましょう。[F0:$A2]
1250	1250	B84E	C	B84E	30	plain	YES		0	0			65 63 00 16 1F 75 16 2F 05 03 74 15 27 0A 17 1E 6C 3F 60 41 1F 2E 07 0E 03 4B 06 16 3F FF	シュン「ボス いまは いっこくを あらそうのです。\n[F1:$02]がまんしてください。	シュン「ボス いまは いっこくを あらそうのです。\n[F1:$02]がまんしてください。
1251	1251	B86C	C	B86C	36	plain	YES		0	0			65 0C 0F 09 00 03 17 05 17 00 01 27 76 0F 2F 02 31 17 60 2A 2F 07 30 78 0F 17 0C 30 03 07 0E 00 16 68 3F FF	シュン「ちとせ くうこう からの とっきゅう\n[F1:$02]れっしゃが とうちゃくして います。	シュン「ちとせ くうこう からの とっきゅう\n[F1:$02]れっしゃが とうちゃくして います。
1252	1252	B890	C	B890	61	plain	YES		0	0			65 C5 39 11 4E 19 76 05 17 18 2E 01 16 1E 60 94 51 0F 78 4E 21 01 18 73 02 0E 16 68 3F 62 65 24 10 28 00 C5 39 11 4E 19 75 05 1E 60 0F 2F 02 31 17 4E 00 B9 16 28 00 07 0B 86 6C 3F FF	シュン「あくつ・ひでおの こうえんかいの\n[F1:$02]ひとびとが でむかえに きています。\n[F1:$0A][FE][F9]シュン「やはり あくつ・ひでおは この\n[F1:$02]とっきゅうで さっぽろいり したようです。	シュン「あくつ・ひでおの こうえんかいの\n[F1:$02]ひとびとが でむかえに きています。\n[F1:$0A][FE][F9]シュン「やはり あくつ・ひでおは この\n[F1:$02]とっきゅうで さっぽろいり したようです。
1253	1253	B8CD	C	B8CD	67	plain	YES		0	0			65 0A 1E 13 2E 76 94 73 02 16 0E 20 69 41 60 0B 07 01 73 05 76 0F 2F 02 31 17 10 3D 3D 3E 62 65 16 1F 00 0C 0F 09 03 17 05 17 00 14 17 22 2E 01 27 60 0F 17 0C 30 03 07 0B 00 50 01 28 4B 0A 17 6C 3F FF	シュン「そのへんの ひとに きいてみましたが\n[F1:$02]たしかに この とっきゅうは……、\n[F1:$0A][FE][F9]シュン「いま ちとせくうこう ほうめんから\n[F1:$02]とうちゃくした ばかりだそうです。	シュン「そのへんの ひとに きいてみましたが\n[F1:$02]たしかに この とっきゅうは……、\n[F1:$0A][FE][F9]シュン「いま ちとせくうこう ほうめんから\n[F1:$02]とうちゃくした ばかりだそうです。
1254	1254	C5A9	D	85A9	28	controlled	YES		0	2	ED82,ED86	F2,F2	F2 82 ED 05 1E 8C 1B 75 07 27 53 29 00 86 1A 60 94 75 16 7F 86 6C 41 3F F2 86 ED FF	[F2:$ED82]このあたりには しらべる ような\n[F1:$02]ひとは いないようですが。[F2:$ED86]	シュン「[F0:$A1]このあたりには しらべる ような\n[F1:$02]ひとは いないようですが。[F0:$A2]
1255	1255	B910	C	B910	47	plain	YES		0	0			65 E3 14 33 21 1B 75 16 7F 86 6C 3F 60 15 76 2A 2F 07 30 73 1E 2F 0E 00 16 29 0F 07 0B 27 60 0A 2B 0A 2B 00 19 28 0E 03 29 00 10 48 6C 70 FF	シュン「ホームには いないようです。\n[F1:$02]あの れっしゃに のって いるとしたら\n[F1:$02]そろそろ おりてくる はずですね。	シュン「ホームには いないようです。\n[F1:$02]あの れっしゃに のって いるとしたら\n[F1:$02]そろそろ おりてくる はずですね。
1256	1256	B93F	C	B93F	43	plain	YES		0	0			65 84 07 2B 00 4B 16 42 07 E4 09 2E 09 16 00 6C 01 27 60 E4 43 28 33 2E 07 30 01 27 00 19 28 0E 00 03 29 79 10 60 7F 6E 01 3F FF	シュン「なにしろ だいぎしセンセイ ですから\n[F1:$02]グリーンしゃから おりて くるのでは\n[F1:$02]ないでしょうか。	シュン「なにしろ だいぎしセンセイ ですから\n[F1:$02]グリーンしゃから おりて くるのでは\n[F1:$02]ないでしょうか。
1257	1257	B96A	C	B96A	26	plain	YES		0	0			65 05 1E 8C 1B 75 20 8C 6A 3F 60 82 01 73 01 03 2A 0E 00 16 29 1E 6E 01 3F FF	シュン「このあたりには みあたりません。\n[F1:$02]どこかに かくれて いるのでしょうか。	シュン「このあたりには みあたりません。\n[F1:$02]どこかに かくれて いるのでしょうか。
1258	1258	B984	C	B984	79	plain	YES		0	0			65 06 16 07 2E 18 16 00 E2 02 10 D1 D8 D3 04 16 1E 02 4F 17 07 30 60 0F 2F 02 31 17 00 19 19 4A 27 00 6C 3F 62 65 46 16 27 16 09 2E 00 7A 10 47 22 0E 1E 60 E5 10 16 4E 2F 02 76 45 17 01 1A E4 43 28 33 2E 07 30 41 60 17 28 23 76 6C 3F FF	シュン「さいしんえい キハ[GLYPH:$D1][GLYPH:$D8][GLYPH:$D3]けいのきどうしゃ\n[F1:$02]とっきゅう おおぞら です。\n[F1:$0A][FE][F9]シュン「ざいらいせん では はじめての\n[F1:$02]ハイデッキの ごうかなグリーンしゃが\n[F1:$02]うりもの です。	シュン「さいしんえい キハ[GLYPH:$D1][GLYPH:$D8][GLYPH:$D3]けいのきどうしゃ\n[F1:$02]とっきゅう おおぞら です。\n[F1:$0A][FE][F9]シュン「ざいらいせん では はじめての\n[F1:$02]ハイデッキの ごうかなグリーンしゃが\n[F1:$02]うりもの です。
1259	1259	B9D3	C	B9D3	17	plain	YES		0	0			65 E6 05 2E 03 28 33 0F 4E 00 4E 02 0E 16 68 3F FF	シュン「コンクリートで できています。	シュン「コンクリートで できています。
1260	1260	B9E4	C	B9E4	1	plain	YES		0	0			FF		
1261	1261	B9E5	C	B9E5	23	plain	YES		0	0			65 84 74 1E 2E 51 28 07 0B 00 05 0F 2D 60 16 2F 0E 29 2E 6C 01 3F FF	シュン「なにを のんびりした ことを\n[F1:$02]いってるんですか。	シュン「なにを のんびりした ことを\n[F1:$02]いってるんですか。
1262	1262	B9FC	C	B9FC	30	plain	YES		1	0			65 19 17 18 2E 76 04 16 01 2E 1A 27 60 08 4E 73 C1 01 27 00 9D 4E 60 26 2E 4E 7E 68 3F FF	シュン「おうえんの けいかんなら\n[F1:$02]すでに びょういんから でんわで\n[F1:$02]よんであります。	シュン「おうえんの けいかんなら\n[F1:$02]すでに びょういんから でんわで\n[F1:$02]よんであります。
1263	1263	BA1A	C	BA1A	26	controlled	YES		0	1	B9FC	F2	F2 FC B9 62 65 0A 2A 26 28 00 10 24 03 00 C5 00 0F 60 A7 74 06 41 07 6B 3F FF	[F2:$B9FC]\n[F1:$0A][FE][F9]シュン「それより はやく あくつ と\n[F1:$02]ゲンさんを さがしましょう。	シュン「おうえんの けいかんなら\n[F1:$02]すでに びょういんから でんわで\n[F1:$02]よんであります。\n[F1:$0A][FE][F9]シュン「それより はやく あくつ と\n[F1:$02]ゲンさんを さがしましょう。
1264	1264	BA34	C	BA34	46	plain	YES		0	0			65 E4 43 28 33 2E 07 30 76 1F 18 73 02 69 3F 60 0C 32 17 4F 00 C5 39 11 4E 19 41 60 19 28 0E 00 02 0B 0F 05 2B 6C 3F 62 65 15 2F 35 62 FF	シュン「グリーンしゃの まえに きました。\n[F1:$02]ちょうど あくつ・ひでおが\n[F1:$02]おりて きたところです。\n[F1:$0A][FE][F9]シュン「あっ！\n[F1:$0A][FE][F9]	シュン「グリーンしゃの まえに きました。\n[F1:$02]ちょうど あくつ・ひでおが\n[F1:$02]おりて きたところです。\n[F1:$0A][FE][F9]シュン「あっ！\n[F1:$0A][FE][F9]
1265	1265	BA62	C	BA62	137	plain	YES		0	0			65 A7 6C 35 00 24 10 28 00 A7 10 60 E3 14 33 21 76 01 44 4E 00 1F 0C 52 09 0E 16 0B 1E 6C 3F 62 44 2E 47 3A C5 35 00 0C 0C 74 3D 3D 0A 07 0E 00 21 08 22 2D 60 05 2B 06 2A 0B 00 17 27 20 3F 60 7C 16 07 2A 35 62 C5 3A 1E 21 27 00 01 3F 0F 2E 4E 11 1B 16 29 00 1A 0D 1E 21 07 60 0F 75 19 1F 18 76 05 0F 4B 3F 62 C5 3A 14 03 28 31 17 01 16 76 20 1A 93 3F 60 26 2B 07 03 19 1D 41 16 07 68 6F 62 66 19 17 2F 3F 62 FF	シュン「ゲンさんです！ やはり ゲンさんは\n[F1:$02]ホームの かげで まちぶせていたのです。\n[F1:$0A][FE][F9]げんじ「あくつ！ ちちを ……そして むすめを\n[F1:$02]ころされた うらみ。\n[F1:$02]おもいしれ！\n[F1:$0A][FE][F9]あくつ「のむら か。とんでひにいる なつのむし\n[F1:$02]とは おまえの ことだ。\n[F1:$0A][FE][F9]あくつ「ほくりゅうかいの みなさん。\n[F1:$02]よろしくおねがいしますよ。\n[F1:$0A][FE][F9]＊「おうっ。\n[F1:$0A][FE][F9]	シュン「ゲンさんです！ やはり ゲンさんは\n[F1:$02]ホームの かげで まちぶせていたのです。\n[F1:$0A][FE][F9]げんじ「あくつ！ ちちを ……そして むすめを\n[F1:$02]ころされた うらみ。\n[F1:$02]おもいしれ！\n[F1:$0A][FE][F9]あくつ「のむら か。とんでひにいる なつのむし\n[F1:$02]とは おまえの ことだ。\n[F1:$0A][FE][F9]あくつ「ほくりゅうかいの みなさん。\n[F1:$02]よろしくおねがいしますよ。\n[F1:$0A][FE][F9]＊「おうっ。\n[F1:$0A][FE][F9]
1266	1266	BAEB	C	BAEB	59	plain	YES		0	0			65 15 52 7F 35 00 C5 76 05 17 18 2E 01 16 1E 60 94 51 0F 74 26 0A 19 2F 0B 00 B0 41 60 A7 74 0F 28 01 05 20 69 3F 62 65 05 1E 1F 1F 7A A7 75 05 2B 06 2A 0E 60 07 1F 16 68 3F FF	シュン「あぶない！ あくつの こうえんかいの\n[F1:$02]ひとびとを よそおった やくざが\n[F1:$02]ゲンさんを とりかこみました。\n[F1:$0A][FE][F9]シュン「このままでは ゲンさんは ころされて\n[F1:$02]しまいます。	シュン「あぶない！ あくつの こうえんかいの\n[F1:$02]ひとびとを よそおった やくざが\n[F1:$02]ゲンさんを とりかこみました。\n[F1:$0A][FE][F9]シュン「このままでは ゲンさんは ころされて\n[F1:$02]しまいます。
1267	1267	BB26	C	BB26	11	plain	YES		0	0			65 63 00 14 2E 02 6C 01 2F 36 FF	シュン「ボス ほんきですかっ？	シュン「ボス ほんきですかっ？
1268	1268	BB31	C	BB31	79	plain	YES		0	0		F8	65 19 16 00 19 1F 18 0B 0C 00 49 2E 16 2E 00 0B 16 14 08 29 35 F8 66 E3 24 50 16 2F 00 C5 09 2E 09 16 00 90 6C 49 3F 62 C5 3A 1A 00 1A 2E 4B 0F 33 35 62 66 19 17 3F 15 16 0E 75 0B 2F 0B 12 0B 28 4B 3F 60 0D 16 4E 73 24 2F 0C 1F 18 35 FF	シュン「おい おまえたち ぜんいん たいほする！\n＊「ヤバイっ あくつせんせい けいさつですぜ。\n[F1:$0A][FE][F9]あくつ「な なんだとー！\n[F1:$0A][FE][F9]＊「おう。あいては たったふたりだ。\n[F1:$02]ついでに やっちまえ！	シュン「おい おまえたち ぜんいん たいほする！\n＊「ヤバイっ あくつせんせい けいさつですぜ。\n[F1:$0A][FE][F9]あくつ「な なんだとー！\n[F1:$0A][FE][F9]＊「おう。あいては たったふたりだ。\n[F1:$02]ついでに やっちまえ！
1269	1269	BB80	C	BB80	50	plain	YES		0	0		F8	65 01 2E 1D 2E 07 0E 00 19 1A 2C 74 0C 32 17 4B 16 07 2B 35 F8 66 17 29 09 18 3F 19 1F 18 0B 0C 3E 60 84 54 2E 24 28 07 0E 29 3F 24 2F 0C 1F 18 35 FF	シュン「かんねんして おなわを ちょうだいしろ！\n＊「うるせえ。おまえたち、\n[F1:$02]なにぼんやりしてる。やっちまえ！	シュン「かんねんして おなわを ちょうだいしろ！\n＊「うるせえ。おまえたち、\n[F1:$02]なにぼんやりしてる。やっちまえ！
1270	1270	BBB2	C	BBB2	14	plain	YES		0	0			65 63 E1 2F 3F 54 03 75 1A 06 04 7F 72 FF	シュン「ボスッ。ぼくは なさけない……。	シュン「ボスッ。ぼくは なさけない……。
1271	1271	BBC0	C	BBC0	30	plain	YES		0	0			65 63 3F 84 74 01 2E 41 18 0E 16 29 2E 6C 01 3F 60 11 43 1F 47 30 00 15 29 1F 16 07 72 FF	シュン「ボス。なにを かんがえているんですか。\n[F1:$02]ひぐまじゃ あるまいし……。	シュン「ボス。なにを かんがえているんですか。\n[F1:$02]ひぐまじゃ あるまいし……。
1272	1272	BBDE	C	BBDE	118	plain	YES		0	0		F8,F8,F8	65 EC 15 0B 2F 00 15 0B 0B 0B 0B 0B 33 2F 35 F8 66 17 2C 33 2F 00 43 07 30 35 62 66 1A 2E 54 1E 23 2E 47 30 33 2F 35 F8 00 E2 20 08 35 00 E3 07 31 2E 75 08 50 24 03 60 20 74 01 2C 07 0B 35 62 65 EB 15 0C 32 00 41 08 2F 00 51 07 31 F8 66 17 72 62 65 E7 48 50 50 50 50 33 2E 35 60 01 16 07 2E 76 16 0C 44 02 35 60 24 03 46 0B 0C 74 24 2F 0D 04 0B 35 62 FF	シュン「アタッ アタタタタターッ！\n＊「うわーっ ぐしゃ！\n[F1:$0A][FE][F9]＊「なんぼのもんじゃーっ！\n ミス！ シュンは すばやく\n[F1:$02]みを かわした！\n[F1:$0A][FE][F9]シュン「アチョ ガスッ ビシュ\n＊「う……。\n[F1:$0A][FE][F9]シュン「ズババババーン！\n[F1:$02]かいしんの いちげき！\n[F1:$02]やくざたちを やっつけた！\n[F1:$0A][FE][F9]	シュン「アタッ アタタタタターッ！\n＊「うわーっ ぐしゃ！\n[F1:$0A][FE][F9]＊「なんぼのもんじゃーっ！\n ミス！ シュンは すばやく\n[F1:$02]みを かわした！\n[F1:$0A][FE][F9]シュン「アチョ ガスッ ビシュ\n＊「う……。\n[F1:$0A][FE][F9]シュン「ズババババーン！\n[F1:$02]かいしんの いちげき！\n[F1:$02]やくざたちを やっつけた！\n[F1:$0A][FE][F9]
1273	1273	BC54	C	BC54	78	plain	YES		0	0			65 14 03 28 31 17 01 16 76 B0 4F 23 35 62 65 02 32 17 02 47 31 2E 51 00 07 31 17 45 17 46 16 60 05 17 21 00 07 2F 05 17 00 54 17 41 16 1E 60 44 2E 05 17 10 2E 4E 00 0B 16 14 08 29 35 62 66 19 0A 2A 16 28 24 07 0E 00 45 46 16 68 3F FF	シュン「ほくりゅうかいの やくざども！\n[F1:$0A][FE][F9]シュン「きょうきじゅんび しゅうごうざい\n[F1:$02]こうむ しっこう ぼうがいの\n[F1:$02]げんこうはんで たいほする！\n[F1:$0A][FE][F9]＊「おそれいりやして ございます。	シュン「ほくりゅうかいの やくざども！\n[F1:$0A][FE][F9]シュン「きょうきじゅんび しゅうごうざい\n[F1:$02]こうむ しっこう ぼうがいの\n[F1:$02]げんこうはんで たいほする！\n[F1:$0A][FE][F9]＊「おそれいりやして ございます。
1274	1274	BCA2	C	BCA2	138	plain	YES		0	0		F8	65 C5 39 11 4E 19 93 00 15 1A 0B 23 60 14 2E 07 32 1F 4E 00 4F 17 05 17 00 1D 41 16 68 3F 62 65 0B 2F 57 28 00 47 47 32 17 74 02 01 09 0E 60 16 0B 4B 02 68 6F F8 C5 3A 3D 3D 3D 72 62 65 05 17 18 2E 01 16 74 26 0A 19 2F 0E 00 B0 2D 60 24 0F 17 0F 10 3E 05 2F 01 16 42 16 2E 78 24 29 60 05 0F 0F 75 7C 18 6A 70 62 C5 3A 19 07 1F 16 4B 72 60 15 15 00 2C 07 76 09 16 47 01 09 16 22 16 10 60 80 00 19 07 1F 16 4B 72 FF	シュン「あくつ・ひでおさん あなたも\n[F1:$02]ほんしょまで どうこう ねがいます。\n[F1:$0A][FE][F9]シュン「たっぷり じじょうを きかせて\n[F1:$02]いただきますよ。\nあくつ「……………。\n[F1:$0A][FE][F9]シュン「こうえんかいを よそおって やくざを\n[F1:$02]やとうとは、こっかいぎいんが やる\n[F1:$02]こととは おもえませんね。\n[F1:$0A][FE][F9]あくつ「おしまいだ……。\n[F1:$02]ああ わしの せいじかせいめいは\n[F1:$02]もう おしまいだ……。	シュン「あくつ・ひでおさん あなたも\n[F1:$02]ほんしょまで どうこう ねがいます。\n[F1:$0A][FE][F9]シュン「たっぷり じじょうを きかせて\n[F1:$02]いただきますよ。\nあくつ「……………。\n[F1:$0A][FE][F9]シュン「こうえんかいを よそおって やくざを\n[F1:$02]やとうとは、こっかいぎいんが やる\n[F1:$02]こととは おもえませんね。\n[F1:$0A][FE][F9]あくつ「おしまいだ……。\n[F1:$02]ああ わしの せいじかせいめいは\n[F1:$02]もう おしまいだ……。
1275	1275	BD2C	C	BD2C	161	controlled	YES		0	0		F3	65 A7 00 16 24 00 1E 21 27 44 2E 47 35 60 06 0D 47 2E 20 08 16 76 44 2E 05 17 10 2E 4E 60 0B 16 14 07 68 3F 62 44 2E 47 3A 8F 93 3F AB 2D 72 60 21 08 22 76 AB 74 06 41 07 0E 03 4B 06 16 72 62 65 AB 93 1A 27 00 F3 04 16 52 0F 00 2C 0B 07 41 60 C3 76 0B 2E 05 17 01 27 00 0B 08 04 4B 07 0E 3E 62 65 06 2F 02 00 90 00 C1 4E 60 16 07 02 74 0F 28 23 4F 07 0B 00 0F 05 2B 6C 6F 62 44 2E 47 3A 18 2F 3D 3D 0A 17 4B 2F 0B 1E 6C 01 72 60 26 01 2F 0B 3D 3D 14 2E 0F 17 73 26 01 2F 0B 72 62 FF	シュン「ゲンさん いや のむらげんじ！\n[F1:$02]さつじんみすいの げんこうはんで\n[F1:$02]たいほします。\n[F1:$0A][FE][F9]げんじ「けいじさん。まきこを……。\n[F1:$02]むすめの まきこを さがしてください……。\n[F1:$0A][FE][F9]シュン「まきこさんなら [F3]けいぶと わたしが\n[F1:$02]ゆうばりの たんこうから たすけだして、\n[F1:$0A][FE][F9]シュン「さっき けいさつ びょういんで\n[F1:$02]いしきを とりもどした ところですよ。\n[F1:$0A][FE][F9]げんじ「えっ……そうだったのですか……。\n[F1:$02]よかった……ほんとうに よかった……。\n[F1:$0A][FE][F9]	シュン「ゲンさん いや のむらげんじ！\n[F1:$02]さつじんみすいの げんこうはんで\n[F1:$02]たいほします。\n[F1:$0A][FE][F9]げんじ「けいじさん。まきこを……。\n[F1:$02]むすめの まきこを さがしてください……。\n[F1:$0A][FE][F9]シュン「まきこさんなら [F3]けいぶと わたしが\n[F1:$02]ゆうばりの たんこうから たすけだして、\n[F1:$0A][FE][F9]シュン「さっき けいさつ びょういんで\n[F1:$02]いしきを とりもどした ところですよ。\n[F1:$0A][FE][F9]げんじ「えっ……そうだったのですか……。\n[F1:$02]よかった……ほんとうに よかった……。\n[F1:$0A][FE][F9]
1276	1276	C000	D	8000	717	controlled	YES		0	36	ED82,ED86,ED82,ED86,ED82,ED86,ED82,ED86,ED82,ED86,ED82,ED86,ED82,ED86,ED82,ED86,ED82,ED86,ED82,ED86,ED82,ED86,ED82,ED86,ED82,ED86,ED82,ED86,ED82,ED86,ED82,ED86,ED82,ED86,ED82,ED86	F2,F2,F2,F2,F2,F2,F2,F2,F2,F2,F2,F2,F2,F2,F2,F2,F2,F2,F2,F2,F2,F2,F2,F2,F2,F2,F2,F2,F2,F2,F2,F2,F2,F2,F2,F2	F2 82 ED 24 2A 24 2A 3D 3D 63 3F 05 2A 4E 00 86 24 03 60 16 2F 04 2E 00 27 03 0C 30 03 00 6C 70 60 45 03 2B 17 06 1F 6D 3F F2 86 ED 62 F2 82 ED A7 75 4F 17 24 27 00 AB 93 41 60 14 03 28 31 17 01 16 76 94 47 0C 1B 1A 2F 0B 05 0F 2D 3E F2 86 ED 62 F2 82 ED 2C 0B 07 0B 0C 26 28 00 94 15 07 60 19 0A 03 00 07 2F 0B 86 6C 3F F2 86 ED 62 F2 82 ED 0A 1E 15 0F 00 C3 73 01 04 0D 04 0E 60 20 0B 23 1E 1E 3E AB 93 76 07 32 17 0A 03 10 60 0D 01 22 7F 3F F2 86 ED 62 F2 82 ED 2C 0B 07 0B 0C 78 20 0D 04 0B 00 15 0F 60 4B 2F 0B 1E 6C 01 27 00 0F 17 49 2E 6C 3F F2 86 ED 62 F2 82 ED AB 93 75 14 03 28 31 17 01 16 1E 60 B0 4F 23 73 05 2B 06 2A 0B 23 76 0F 60 10 2E 52 2E 00 15 02 27 22 0E 00 16 0B 86 6C 3F F2 86 ED 62 F2 82 ED 4B 01 27 00 C5 2D 19 0A 2F 0B 0F 02 00 A7 10 3E F2 86 ED 62 F2 82 ED AE 93 0F 00 AB 93 00 12 0B 28 1E 60 21 08 22 76 0F 21 27 16 00 41 2F 09 2E 76 02 23 0C 4E 60 16 0B 2E 6C 70 F2 86 ED 62 F2 82 ED 0F 05 2B 4E 00 14 03 28 31 17 01 16 76 B0 0B 0C 10 60 A7 76 21 08 22 00 25 01 28 93 2D 3E F2 86 ED 62 F2 82 ED 05 17 0D 17 47 05 73 B3 01 04 0E 00 05 2B 07 0B 60 05 0F 23 00 10 03 47 32 17 00 07 69 3F F2 86 ED 62 F2 82 ED A4 74 A7 0F 00 20 1F 0C 41 18 0B 1F 1F 60 05 2B 07 0E 07 1F 16 3E 03 0C 12 17 47 1E 0B 22 1B 3E F2 86 ED 62 F2 82 ED 12 0B 28 1E 21 08 22 23 00 05 2B 0A 17 0F 10 01 2F 0B 72 60 0A 2A 78 47 04 2E 76 14 2F 0B 2E 00 4B 2F 0B 1E 6C 3F F2 86 ED 62 F2 82 ED 05 2B 06 1A 04 2A 50 00 47 52 2E 23 00 0A 07 0E 60 80 94 28 76 21 08 22 00 AB 93 23 60 05 2B 06 2A 29 72 F2 86 ED 62 F2 82 ED A7 75 0A 2E 1A 60 09 2F 55 0D 1F 2F 0B 00 02 23 0C 4E 00 12 0B 0D 1E 60 06 0D 47 2E 47 04 2E 74 19 05 07 0B 2C 04 6C 3F F2 86 ED 62 F2 82 ED 0A 17 16 18 50 00 A7 75 E2 41 2E 1B 60 19 01 06 2A 0E 16 0E 3E 15 0F 00 2C 48 01 1E 60 16 1E 0C 00 1A 1E 4B 0F 01 72 F2 86 ED 62 F2 82 ED 47 52 2E 76 16 1E 0C 0F 60 11 02 01 18 1B 4E 23 00 AB 93 2D 60 1F 23 28 0B 01 2F 0B 3D 3D 0A 2A 78 01 1A 2F 0E 3E F2 86 ED 62 F2 82 ED 80 00 7C 16 1E 05 08 00 05 0F 75 7F 72 60 A7 75 0F 28 07 27 53 07 0D 00 4E 60 0A 2E 1A 12 17 73 16 2F 0E 69 3F F2 86 ED 62 F2 82 ED 63 3F 4F 17 24 27 00 11 05 17 02 76 47 01 2E 6C 3F 60 7A 19 02 2D 0D 04 0E 3F F2 86 ED 62 FF	[F2:$ED82]やれやれ……ボス。これで ようやく\n[F1:$02]いっけん らくちゃく ですね。\n[F1:$02]ごくろうさまでした。[F2:$ED86]\n[F1:$0A][FE][F9][F2:$ED82]ゲンさんは どうやら まきこさんが\n[F1:$02]ほくりゅうかいの ひとじちになったことを、[F2:$ED86]\n[F1:$0A][FE][F9][F2:$ED82]わたしたちより ひとあし\n[F1:$02]おそく しったようです。[F2:$ED86]\n[F1:$0A][FE][F9][F2:$ED82]そのあと ゆうばりに かけつけて\n[F1:$02]みたものの、まきこさんの しょうそくは\n[F1:$02]つかめない。[F2:$ED86]\n[F1:$0A][FE][F9][F2:$ED82]わたしたちが みつけた あと\n[F1:$02]だったのですから とうぜんです。[F2:$ED86]\n[F1:$0A][FE][F9][F2:$ED82]まきこさんは ほくりゅうかいの\n[F1:$02]やくざどもに ころされたもの と\n[F1:$02]はんぶん あきらめて いたようです。[F2:$ED86]\n[F1:$0A][FE][F9][F2:$ED82]だから あくつをおそったとき ゲンさんは、[F2:$ED86]\n[F1:$0A][FE][F9][F2:$ED82]ゆかりさんと まきこさん ふたりの\n[F1:$02]むすめの とむらい がっせんの きもちで\n[F1:$02]いたんですね。[F2:$ED86]\n[F1:$0A][FE][F9][F2:$ED82]ところで ほくりゅうかいの やくざたちは\n[F1:$02]ゲンさんの むすめ ゆかりさんを、[F2:$ED86]\n[F1:$0A][FE][F9][F2:$ED82]こうつうじこに みせかけて ころした\n[F1:$02]ことも はくじょう しました。[F2:$ED86]\n[F1:$0A][FE][F9][F2:$ED82]ますだを ゲンさんと みまちがえたまま\n[F1:$02]ころしてしまい、くちふうじのために、[F2:$ED86]\n[F1:$0A][FE][F9][F2:$ED82]ふたりのむすめも ころそうとはかった……。\n[F1:$02]それが じけんの ほったん だったのです。[F2:$ED86]\n[F1:$0A][FE][F9][F2:$ED82]ころさなければ じぶんも そして\n[F1:$02]もうひとりの むすめ まきこさんも\n[F1:$02]ころされる……。[F2:$ED86]\n[F1:$0A][FE][F9][F2:$ED82]ゲンさんは そんな\n[F1:$02]せっぱつまった きもちで ふたつの\n[F1:$02]さつじんじけんを おこしたわけです。[F2:$ED86]\n[F1:$0A][FE][F9][F2:$ED82]そういえば ゲンさんは ガンに\n[F1:$02]おかされていて、あと わずかの\n[F1:$02]いのち なのだとか……。[F2:$ED86]\n[F1:$0A][FE][F9][F2:$ED82]じぶんの いのちと\n[F1:$02]ひきかえにでも まきこさんを\n[F1:$02]まもりたかった……それが かなって、[F2:$ED86]\n[F1:$0A][FE][F9][F2:$ED82]もう おもいのこす ことは ない……。\n[F1:$02]ゲンさんは とりしらべしつ で\n[F1:$02]そんなふうに いってました。[F2:$ED86]\n[F1:$0A][FE][F9][F2:$ED82]ボス。どうやら ひこうきの じかんです。\n[F1:$02]では おきをつけて。[F2:$ED86]\n[F1:$0A][FE][F9]	シュン「[F0:$A1]やれやれ……ボス。これで ようやく\n[F1:$02]いっけん らくちゃく ですね。\n[F1:$02]ごくろうさまでした。[F0:$A2]\n[F1:$0A][FE][F9]シュン「[F0:$A1]ゲンさんは どうやら まきこさんが\n[F1:$02]ほくりゅうかいの ひとじちになったことを、[F0:$A2]\n[F1:$0A][FE][F9]シュン「[F0:$A1]わたしたちより ひとあし\n[F1:$02]おそく しったようです。[F0:$A2]\n[F1:$0A][FE][F9]シュン「[F0:$A1]そのあと ゆうばりに かけつけて\n[F1:$02]みたものの、まきこさんの しょうそくは\n[F1:$02]つかめない。[F0:$A2]\n[F1:$0A][FE][F9]シュン「[F0:$A1]わたしたちが みつけた あと\n[F1:$02]だったのですから とうぜんです。[F0:$A2]\n[F1:$0A][FE][F9]シュン「[F0:$A1]まきこさんは ほくりゅうかいの\n[F1:$02]やくざどもに ころされたもの と\n[F1:$02]はんぶん あきらめて いたようです。[F0:$A2]\n[F1:$0A][FE][F9]シュン「[F0:$A1]だから あくつをおそったとき ゲンさんは、[F0:$A2]\n[F1:$0A][FE][F9]シュン「[F0:$A1]ゆかりさんと まきこさん ふたりの\n[F1:$02]むすめの とむらい がっせんの きもちで\n[F1:$02]いたんですね。[F0:$A2]\n[F1:$0A][FE][F9]シュン「[F0:$A1]ところで ほくりゅうかいの やくざたちは\n[F1:$02]ゲンさんの むすめ ゆかりさんを、[F0:$A2]\n[F1:$0A][FE][F9]シュン「[F0:$A1]こうつうじこに みせかけて ころした\n[F1:$02]ことも はくじょう しました。[F0:$A2]\n[F1:$0A][FE][F9]シュン「[F0:$A1]ますだを ゲンさんと みまちがえたまま\n[F1:$02]ころしてしまい、くちふうじのために、[F0:$A2]\n[F1:$0A][FE][F9]シュン「[F0:$A1]ふたりのむすめも ころそうとはかった……。\n[F1:$02]それが じけんの ほったん だったのです。[F0:$A2]\n[F1:$0A][FE][F9]シュン「[F0:$A1]ころさなければ じぶんも そして\n[F1:$02]もうひとりの むすめ まきこさんも\n[F1:$02]ころされる……。[F0:$A2]\n[F1:$0A][FE][F9]シュン「[F0:$A1]ゲンさんは そんな\n[F1:$02]せっぱつまった きもちで ふたつの\n[F1:$02]さつじんじけんを おこしたわけです。[F0:$A2]\n[F1:$0A][FE][F9]シュン「[F0:$A1]そういえば ゲンさんは ガンに\n[F1:$02]おかされていて、あと わずかの\n[F1:$02]いのち なのだとか……。[F0:$A2]\n[F1:$0A][FE][F9]シュン「[F0:$A1]じぶんの いのちと\n[F1:$02]ひきかえにでも まきこさんを\n[F1:$02]まもりたかった……それが かなって、[F0:$A2]\n[F1:$0A][FE][F9]シュン「[F0:$A1]もう おもいのこす ことは ない……。\n[F1:$02]ゲンさんは とりしらべしつ で\n[F1:$02]そんなふうに いってました。[F0:$A2]\n[F1:$0A][FE][F9]シュン「[F0:$A1]ボス。どうやら ひこうきの じかんです。\n[F1:$02]では おきをつけて。[F0:$A2]\n[F1:$0A][FE][F9]
1277	1277	C2CD	D	82CD	29	plain	YES		0	0			64 63 78 14 2F 01 16 4F 17 01 27 00 23 4F 27 2A 0E 60 80 00 94 0D 02 73 1A 28 68 70 FF	くろき「ボスが ほっかいどうから もどられて\n[F1:$02]もう ひとつきに なりますね。	くろき「ボスが ほっかいどうから もどられて\n[F1:$02]もう ひとつきに なりますね。
1278	1278	C2EA	D	82EA	18	plain	YES		0	0			64 63 3F 82 13 00 16 05 17 2F 0E 16 17 2E 6C 01 3F FF	くろき「ボス。どこへ いこうっていうんですか。	くろき「ボス。どこへ いこうっていうんですか。
1279	1279	C2FC	D	82FC	28	plain	YES		0	0			64 0A 2B 0A 2B 00 E4 27 33 22 2E 76 4E 1F 18 41 60 0F 4F 03 0F 00 16 17 1E 1B 72 FF	くろき「そろそろ ラーメンの でまえが\n[F1:$02]とどくと いうのに……。	くろき「そろそろ ラーメンの でまえが\n[F1:$02]とどくと いうのに……。
1280	1280	C318	D	8318	36	controlled	YES		0	1	E88D	F2	64 63 3F F2 8D E8 4F 17 07 0B 0F 00 16 17 2E 6C 01 3F 60 05 05 75 20 1A 2A 0B 00 E2 4E 01 53 24 00 6C 3F FF	くろき「ボス。[F2:$E88D]どうしたと いうんですか。\n[F1:$02]ここは みなれた デカべや です。	くろき「ボス。いったい どうしたと いうんですか。\n[F1:$02]ここは みなれた デカべや です。
1281	1281	C33C	D	833C	47	plain	YES		0	0			64 14 2E 0F 73 14 2F 01 16 4F 17 7A 60 19 0D 01 2A 06 1F 6D 3F 62 64 07 32 7F 4E 76 63 76 11 32 17 50 2E 23 60 15 41 29 16 2F 59 17 6C 6F FF	くろき「ほんとに ほっかいどうでは \n[F1:$02]おつかれさまでした。\n[F1:$0A][FE][F9]くろき「しょないでの ボスの ひょうばんも\n[F1:$02]あがるいっぽうですよ。	くろき「ほんとに ほっかいどうでは \n[F1:$02]おつかれさまでした。\n[F1:$0A][FE][F9]くろき「しょないでの ボスの ひょうばんも\n[F1:$02]あがるいっぽうですよ。
1282	1282	C36B	D	836B	37	plain	YES		0	0			64 07 27 53 2B 2F 0E 16 2F 0B 2F 0E 60 05 05 73 16 29 1E 75 63 1E 07 2E 27 16 4E 02 29 60 52 01 0B 0C 6C 6F FF	くろき「しらべろっていったって\n[F1:$02]ここに いるのは ボスのしんらいできる\n[F1:$02]ぶかたちですよ。	くろき「しらべろっていったって\n[F1:$02]ここに いるのは ボスのしんらいできる\n[F1:$02]ぶかたちですよ。
1283	1283	C390	D	8390	50	plain	YES		0	0			64 18 18 00 7D 2F 0E 16 68 6F 02 1E 17 00 19 02 0B 60 07 2E 47 31 03 76 05 2B 07 76 04 2E 4E 07 32 3F 60 16 1F 00 07 27 53 0E 29 00 0F 05 2B 6C 3F FF	くろき「ええ わかっていますよ。きのう おきた\n[F1:$02]しんじゅくの ころしの けんでしょ。\n[F1:$02]いま しらべてる ところです。	くろき「ええ わかっていますよ。きのう おきた\n[F1:$02]しんじゅくの ころしの けんでしょ。\n[F1:$02]いま しらべてる ところです。
1284	1284	C3C2	D	83C2	31	plain	YES		0	0			64 18 33 2F 0F 3D 3D 19 24 00 17 27 41 2C 75 99 1E 60 18 10 41 02 73 1A 2F 0E 68 1D 18 3F FF	くろき「えーっと……おや うらがわは しゃしんの\n[F1:$02]えはがきに なってますねえ。	くろき「えーっと……おや うらがわは しゃしんの\n[F1:$02]えはがきに なってますねえ。
1285	1285	C3E1	D	83E1	25	plain	YES		0	0			64 04 2F 05 2E 07 69 35 00 3D 3D 0F 60 19 19 02 03 00 01 16 0E 7E 68 3F FF	くろき「けっこんしました！ ……と\n[F1:$02]おおきく かいてあります。	くろき「けっこんしました！ ……と\n[F1:$02]おおきく かいてあります。
1286	1286	C3FA	D	83FA	28	plain	YES		0	0			64 10 16 3F 16 0D 23 76 1F 2E 57 03 04 2E 1E 60 E4 27 33 22 2E 4E 00 16 16 6C 70 FF	くろき「はい。いつもの まんぷくけんの\n[F1:$02]ラーメンで いいですね。	くろき「はい。いつもの まんぷくけんの\n[F1:$02]ラーメンで いいですね。
1287	1287	C416	D	8416	39	plain	YES		0	0			64 1F 2E 57 03 04 2E 76 E4 27 33 22 2E 1A 27 60 80 00 9D 4E 00 0B 1E 20 69 6F 47 02 1B 60 4E 1F 18 78 03 29 6E 3F FF	くろき「まんぷくけんの ラーメンなら\n[F1:$02]もう でんわで たのみましたよ。じきに\n[F1:$02]でまえが くるでしょう。	くろき「まんぷくけんの ラーメンなら\n[F1:$02]もう でんわで たのみましたよ。じきに\n[F1:$02]でまえが くるでしょう。
1288	1288	C43D	D	843D	17	plain	YES		0	0			64 10 15 36 00 99 78 4F 17 01 60 07 0B 2E 6C 71 FF	くろき「はあ？ しゃしんが どうか\n[F1:$02]したんですか？	くろき「はあ？ しゃしんが どうか\n[F1:$02]したんですか？
1289	1289	C44E	D	844E	20	plain	YES		0	0			64 18 18 00 16 1F 00 0E 1B 0F 2F 0E 00 20 0E 16 68 41 36 FF	くろき「ええ いま てにとって みていますが？	くろき「ええ いま てにとって みていますが？
1290	1290	C462	D	8462	50	plain	YES		0	0			64 15 15 00 0A 17 0A 17 3F 14 2F 01 16 4F 17 04 16 1E 60 06 29 2C 0B 28 00 E5 07 31 2E 08 04 00 03 2E 01 27 60 E3 10 41 02 78 0F 4F 16 0E 16 68 6F FF	くろき「ああ そうそう。ほっかいどうけいの\n[F1:$02]さるわたり シュンスケ くんから\n[F1:$02]ハガキが とどいていますよ。	くろき「ああ そうそう。ほっかいどうけいの\n[F1:$02]さるわたり シュンスケ くんから\n[F1:$02]ハガキが とどいていますよ。
1291	1291	C494	D	8494	151	plain	YES		0	0			64 06 29 2C 0B 28 03 2E 00 0F 3D 3D 0F 1A 28 73 16 29 1E 41 60 63 78 16 0D 77 97 0E 03 2A 0B 60 AB 93 6C 70 62 64 47 0D 73 07 15 2C 09 0A 17 1A 00 12 0B 28 6C 3F 60 15 28 30 00 63 3E 4F 17 01 07 0B 2E 6C 01 3F 60 07 2E 20 28 07 0C 30 2F 0E 33 3F 62 64 1F 3E 1F 06 77 63 3D 3D 3F 63 23 00 47 0D 10 60 AB 93 76 05 0F 2D 3D 3D 36 62 64 1D 18 33 00 1A 2E 0F 01 00 16 2F 0E 03 4B 06 16 26 19 3F 60 1D 18 00 0C 32 2F 0F 19 3F 60 63 2F 0E 50 33 3D 3D 3F 62 FF	くろき「さるわたりくん と……となりに いるのが\n[F1:$02]ボスが いつか はなしてくれた\n[F1:$02]まきこさんですね。\n[F1:$0A][FE][F9]くろき「じつに しあわせそうな ふたりです。\n[F1:$02]ありゃ ボス、どうかしたんですか。\n[F1:$02]しんみりしちゃってー。\n[F1:$0A][FE][F9]くろき「ま、まさか ボス……。ボスも じつは\n[F1:$02]まきこさんの ことを……？\n[F1:$0A][FE][F9]くろき「ねえー なんとか いってくださいよお。\n[F1:$02]ねえ ちょっとお。\n[F1:$02]ボスってばー……。\n[F1:$0A][FE][F9]	くろき「さるわたりくん と……となりに いるのが\n[F1:$02]ボスが いつか はなしてくれた\n[F1:$02]まきこさんですね。\n[F1:$0A][FE][F9]くろき「じつに しあわせそうな ふたりです。\n[F1:$02]ありゃ ボス、どうかしたんですか。\n[F1:$02]しんみりしちゃってー。\n[F1:$0A][FE][F9]くろき「ま、まさか ボス……。ボスも じつは\n[F1:$02]まきこさんの ことを……？\n[F1:$0A][FE][F9]くろき「ねえー なんとか いってくださいよお。\n[F1:$02]ねえ ちょっとお。\n[F1:$02]ボスってばー……。\n[F1:$0A][FE][F9]
1292	1292	C52B	D	852B	12	controlled	YES		0	1	E838	F2	64 84 74 B3 2B 00 0F 00 F2 38 E8 FF	くろき「なにを みせろ と [F2:$E838]	くろき「なにを みせろ と いうのですか？
1293	1293	C537	D	8537	49	controlled	YES		0	1	E838	F2	64 10 15 36 00 05 76 10 41 02 74 01 2E 07 02 1B 60 1F 2C 09 0F 4E 23 00 F2 38 E8 62 64 4F 17 23 00 63 76 22 16 2A 16 10 60 7D 28 1B 03 03 0E 72 FF	くろき「はあ？ この はがきを かんしきに\n[F1:$02]まわせとでも [F2:$E838]\n[F1:$0A][FE][F9]くろき「どうも ボスの めいれいは\n[F1:$02]わかりにくくて……。	くろき「はあ？ この はがきを かんしきに\n[F1:$02]まわせとでも いうのですか？\n[F1:$0A][FE][F9]くろき「どうも ボスの めいれいは\n[F1:$02]わかりにくくて……。
1294	1294	C568	D	8568	34	plain	YES		0	0			64 7D 28 69 3F 1F 2E 57 03 04 2E 1B 60 9D 07 0E 00 E4 27 33 22 2E 1E 60 4E 1F 18 74 26 52 2E 6C 70 FF	くろき「わかりました。まんぷくけんに\n[F1:$02]でんわして ラーメンの\n[F1:$02]でまえを よぶんですね。	くろき「わかりました。まんぷくけんに\n[F1:$02]でんわして ラーメンの\n[F1:$02]でまえを よぶんですね。
1295	1295	B7F2	C	B7F2	8	controlled	YES		0	2	6B84,7103	F2,F2	F2 84 6B 62 F2 03 71 FF	[F2:$6B84]\n[F1:$0A][FE][F9][F2:$7103]	シュン「だれに みせろと いうのですか？\n[F1:$0A][FE][F9]シュン「ボス。もう どこか ほかの\n[F1:$02]ところへ いきましょうよ。
1296	1296	B7FA	C	B7FA	8	controlled	YES		0	2	B631,7103	F2,F2	F2 31 B6 62 F2 03 71 FF	[F2:$B631]\n[F1:$0A][FE][F9][F2:$7103]	シュン「えーと。このあたりには でんわは\n[F1:$02]ありません。\n[F1:$0A][FE][F9]シュン「ボス。もう どこか ほかの\n[F1:$02]ところへ いきましょうよ。
1297	1297	B802	C	B802	22	plain	YES		0	0			01 2E 28 1B 2E 3A 19 24 00 05 1E 15 16 4B 76 19 12 0B 28 93 3F FF	かんりにん「おや このあいだの おふたりさん。	かんりにん「おや このあいだの おふたりさん。
1298	1298	B818	C	B818	10	plain	YES		0	0			65 C0 76 18 02 1F 18 6C 3F FF	シュン「もんべつの えきまえです。	シュン「もんべつの えきまえです。
1299	1299	B822	C	B822	27	plain	YES		0	0			65 B8 00 C2 76 1F 18 6C 3F 60 50 2E 41 16 0C 39 0A 03 50 16 07 32 78 7E 68 3F FF	シュン「あばしり けいむしょの まえです。\n[F1:$02]ばんがいち・そくばいしょが あります。	シュン「あばしり けいむしょの まえです。\n[F1:$02]ばんがいち・そくばいしょが あります。
1300	1300	C5C5	D	85C5	8	plain	YES		0	0			65 B9 00 18 02 6C 3F FF	シュン「さっぽろ えきです。	シュン「さっぽろ えきです。
1301	1301	B83D	C	B83D	7	controlled	YES		0	2	E94F,EC26	F2,F2	F2 4F E9 F2 26 EC FF	[F2:$E94F][F2:$EC26]	シュン「[F0:$A1]ちょっと これをみてくれますか？[F0:$A2]\n[F1:$0A][FE][F9]おばば「[F0:$81]それが どうかしただか？[F0:$82]
1302	1302	B844	C	B844	10	controlled	YES		0	3	E94F,EC26,DADB	F2,F2,F2	F2 4F E9 F2 26 EC F2 DB DA FF	[F2:$E94F][F2:$EC26][F2:$DADB]	シュン「[F0:$A1]ちょっと これをみてくれますか？[F0:$A2]\n[F1:$0A][FE][F9]おばば「[F0:$81]それが どうかしただか？[F0:$82]\n[F1:$0A][FE][F9][F5:$11,$03]
1303	1303	275C	A	A75C	30	plain	YES		0	0			64 B6 0F 16 17 1A 1F 18 4B 04 47 30 60 82 73 16 2F 0E 16 16 1E 01 60 7D 28 6A 6F 63 3F FF	くろき「ルブランというなまえだけじゃ\n[F1:$02]どこに いっていいのか\n[F1:$02]わかりませんよ。ボス。	くろき「ルブランというなまえだけじゃ\n[F1:$02]どこに いっていいのか\n[F1:$02]わかりませんよ。ボス。
1304	1304	277A	A	A77A	19	plain	YES		0	0			64 7D 28 69 3F 60 16 0C 19 17 00 23 2F 0E 19 02 68 3F FF	くろき「わかりました。\n[F1:$02]いちおう もっておきます。	くろき「わかりました。\n[F1:$02]いちおう もっておきます。
1305	1305	278D	A	A78D	34	plain	YES		0	0			64 E5 02 30 50 2A 33 00 B6 76 98 6C 3F 60 9D 50 2E 45 17 75 D0 D3 33 D4 D0 D6 33 D7 D1 D6 D6 6C 3F FF	くろき「キャバレー ルブランの チラシです。\n[F1:$02]でんわばんごうは [GLYPH:$D0][GLYPH:$D3]ー[GLYPH:$D4][GLYPH:$D0][GLYPH:$D6]ー[GLYPH:$D7][GLYPH:$D1][GLYPH:$D6][GLYPH:$D6]です。	くろき「キャバレー ルブランの チラシです。\n[F1:$02]でんわばんごうは [GLYPH:$D0][GLYPH:$D3]ー[GLYPH:$D4][GLYPH:$D0][GLYPH:$D6]ー[GLYPH:$D7][GLYPH:$D1][GLYPH:$D6][GLYPH:$D6]です。
1306	1306	27AF	A	A7AF	10	plain	YES		0	0			64 B6 76 0A 0F 73 4E 69 3F FF	くろき「ルブランの そとに でました。	くろき「ルブランの そとに でました。
1307	1307	27B9	A	A7B9	13	plain	YES		0	0			64 E3 10 41 02 78 19 0C 0E 16 68 3F FF	くろき「ハガキが おちています。	くろき「ハガキが おちています。
1308	1308	27C6	A	A7C6	16	plain	YES		0	0			64 E3 10 41 02 75 80 00 23 2F 0E 16 68 41 72 FF	くろき「ハガキは もう もっていますが……。	くろき「ハガキは もう もっていますが……。
1309	1309	56AF	B	96AF	30	plain	YES		0	0			65 16 01 1B 23 00 25 16 07 32 76 7E 0A 17 1A 60 BF 6C 3F 89 8A 0F 05 2B 10 60 7E 6A 3F FF	シュン「いかにも ゆいしょの ありそうな\n[F1:$02]りょかんです。とくに かわったところは\n[F1:$02]ありません。	シュン「いかにも ゆいしょの ありそうな\n[F1:$02]りょかんです。とくに かわったところは\n[F1:$02]ありません。
1310	1310	5677	B	9677	8	plain	YES		2	0			65 01 41 24 BF 6C 3F FF	シュン「かがやりょかんです。	シュン「かがやりょかんです。
1311	1311	6C34	B	AC34	21	plain	YES		0	0			65 4B 2A 23 00 16 7F 1E 73 06 41 09 0F 60 16 2C 2A 0E 23 72 FF	シュン「だれも いないのに さがせと\n[F1:$02]いわれても……。	シュン「だれも いないのに さがせと\n[F1:$02]いわれても……。
1312	1312	6C49	B	AC49	48	controlled	YES		0	1	EA34	F2	F2 34 EA 15 15 00 7C 16 4B 07 0B 35 60 06 16 02 2E 00 15 0B 27 07 03 4E 02 0B 00 0C 16 06 1A 60 BF 78 0B 07 77 C6 2F 0E 00 16 2F 0B 2F 04 3F FF	[F2:$EA34]ああ おもいだした！\n[F1:$02]さいきん あたらしくできた ちいさな\n[F1:$02]りょかんが たしか まりもやって いったっけ。	しゃしんや「[F0:$09,$11,$19,$80]ああ おもいだした！\n[F1:$02]さいきん あたらしくできた ちいさな\n[F1:$02]りょかんが たしか まりもやって いったっけ。
1313	1313	6C79	B	AC79	38	controlled	YES		0	1	EA3D	F2	F2 3D EA 65 4F 2F 01 76 BF 76 09 2E 4E 2E 86 60 E4 27 16 0B 33 85 6C 70 60 53 0D 73 8A 0F 05 2B 75 7E 6A 41 3F FF	[F2:$EA3D]シュン「どっかの りょかんの せんでんよう\n[F1:$02]ライターみたいですね。\n[F1:$02]べつに かわったところは ありませんが。	しゃしんや「[F0:$09,$11,$19,$80]え ちょっと ライターを\n[F1:$02]かしてくれって？ いいですよ。\n[F1:$0A][FE][F9]シュン「どっかの りょかんの せんでんよう\n[F1:$02]ライターみたいですね。\n[F1:$02]べつに かわったところは ありませんが。
1314	1314	6C9F	B	AC9F	26	plain	YES		0	0			65 63 35 00 0A 2E 1A 05 0F 2D 60 07 0E 16 29 50 15 16 47 30 00 7E 6A 26 35 FF	シュン「ボス！ そんなことを\n[F1:$02]しているばあいじゃ ありませんよ！	シュン「ボス！ そんなことを\n[F1:$02]しているばあいじゃ ありませんよ！
1315	1315	C5CD	D	85CD	219	controlled	YES		0	12	ED82,ED86,ED82,ED86,ED82,ED86,ED82,ED86,ED82,ED86,ED82,ED86	F2,F2,F2,F2,F2,F2,F2,F2,F2,F2,F2,F2	F2 82 ED 51 32 17 07 0D 74 4E 69 3F 60 63 3F 0F 03 05 76 16 17 05 0F 10 60 14 2E 0F 17 6E 3F F2 86 ED 62 F2 82 ED 14 01 76 44 2E 50 75 08 53 0E 00 17 20 1A 1E 1B 60 05 76 47 04 2E 4B 04 00 20 48 17 20 4B 2F 0B 05 0F 3F F2 86 ED 62 F2 82 ED 44 2E 50 73 0E 41 01 28 76 9C 78 60 1E 05 06 2A 0E 16 0B 05 0F 72 F2 86 ED 62 F2 82 ED 16 2B 16 2B 00 01 2E 41 18 29 0F 00 4F 17 23 60 45 05 76 47 04 2E 75 01 2E 0B 2E 08 42 69 3F F2 86 ED 62 F2 82 ED 07 01 07 00 63 3F 14 01 1E D3 1B 2E 2D 24 2F 0B 1E 10 60 4B 2A 1A 2E 6E 3F F2 86 ED 62 F2 82 ED 15 29 16 75 45 05 76 47 04 2E 0F 00 19 1A 47 86 1B 60 94 28 48 0D 00 53 0D 76 91 41 60 16 29 1E 6E 01 72 F2 86 ED 62 FF	[F2:$ED82]びょうしつを でました。\n[F1:$02]ボス。とくこの いうことは\n[F1:$02]ほんとうでしょう。[F2:$ED86]\n[F1:$0A][FE][F9][F2:$ED82]ほかの げんばは すべて うみなのに\n[F1:$02]この じけんだけ みずうみだったこと。[F2:$ED86]\n[F1:$0A][FE][F9][F2:$ED82]げんばに てがかりの ストッキングが \n[F1:$02]のこされていたこと……。[F2:$ED86]\n[F1:$0A][FE][F9][F2:$ED82]いろいろ かんがえると どうも\n[F1:$02]ごこの じけんは かんたんすぎました。[F2:$ED86]\n[F1:$0A][FE][F9][F2:$ED82]しかし ボス。ほかの[GLYPH:$D3]にんをやったのは\n[F1:$02]だれなんでしょう。[F2:$ED86]\n[F1:$0A][FE][F9][F2:$ED82]あるいは ごこの じけんと おなじように\n[F1:$02]ひとりずつ べつの はんにんが\n[F1:$02]いるのでしょうか……。[F2:$ED86]\n[F1:$0A][FE][F9]	シュン「[F0:$A1]びょうしつを でました。\n[F1:$02]ボス。とくこの いうことは\n[F1:$02]ほんとうでしょう。[F0:$A2]\n[F1:$0A][FE][F9]シュン「[F0:$A1]ほかの げんばは すべて うみなのに\n[F1:$02]この じけんだけ みずうみだったこと。[F0:$A2]\n[F1:$0A][FE][F9]シュン「[F0:$A1]げんばに てがかりの ストッキングが \n[F1:$02]のこされていたこと……。[F0:$A2]\n[F1:$0A][FE][F9]シュン「[F0:$A1]いろいろ かんがえると どうも\n[F1:$02]ごこの じけんは かんたんすぎました。[F0:$A2]\n[F1:$0A][FE][F9]シュン「[F0:$A1]しかし ボス。ほかの[GLYPH:$D3]にんをやったのは\n[F1:$02]だれなんでしょう。[F0:$A2]\n[F1:$0A][FE][F9]シュン「[F0:$A1]あるいは ごこの じけんと おなじように\n[F1:$02]ひとりずつ べつの はんにんが\n[F1:$02]いるのでしょうか……。[F0:$A2]\n[F1:$0A][FE][F9]
1316	1316	C6A8	D	86A8	7	plain	YES		0	0			65 B4 76 A4 3F 62 FF	シュン「とうきょうの ますだ。\n[F1:$0A][FE][F9]	シュン「とうきょうの ますだ。\n[F1:$0A][FE][F9]
1317	1317	C6AF	D	86AF	34	controlled	YES		0	1	DADB	F2	65 B7 4E 00 05 2B 06 2A 0B 00 A5 3F 60 01 2A 75 A4 73 19 4F 06 2A 0E 60 16 0B 27 07 16 72 F2 DB DA FF	シュン「きたはまで ころされた いいじま。\n[F1:$02]かれは ますだに おどされて\n[F1:$02]いたらしい……。[F2:$DADB]	シュン「きたはまで ころされた いいじま。\n[F1:$02]かれは ますだに おどされて\n[F1:$02]いたらしい……。\n[F1:$0A][FE][F9][F5:$11,$03]
1318	1318	C6D1	D	86D1	63	plain	YES		0	0			64 14 2E 0F 3F 63 23 0A 2B 0A 2B 60 16 16 94 74 06 41 07 0E 00 10 24 03 60 20 2D 01 0B 22 0B 14 17 78 16 16 08 70 62 64 16 0D 1F 4E 23 00 4F 03 07 2E 2F 0E 2C 04 1B 23 60 16 01 7F 6E 3F FF	くろき「ほんと。ボスもそろそろ\n[F1:$02]いいひとを さがして はやく\n[F1:$02]みをかためたほうが いいすね。\n[F1:$0A][FE][F9]くろき「いつまでも どくしんってわけにも\n[F1:$02]いかないでしょう。	くろき「ほんと。ボスもそろそろ\n[F1:$02]いいひとを さがして はやく\n[F1:$02]みをかためたほうが いいすね。\n[F1:$0A][FE][F9]くろき「いつまでも どくしんってわけにも\n[F1:$02]いかないでしょう。
1319	1319	C710	D	8710	24	controlled	YES		0	2	EE0C,EE13	F2,F2	F2 0C EE 14 2E 1B 1F 15 00 18 18 00 19 11 26 28 6C 1E 17 3F F2 13 EE FF	[F2:$EE0C]ほんにまあ ええ おひよりですのう。[F2:$EE13]	おばば「[F0:$81]ほんにまあ ええ おひよりですのう。[F0:$82]
1320	1320	C728	D	8728	12	controlled	YES		0	2	EE0C,EE13	F2,F2	F2 0C EE 12 41 12 41 3F F2 13 EE FF	[F2:$EE0C]ふがふが。[F2:$EE13]	おばば「[F0:$81]ふがふが。[F0:$82]
1321	1321	C734	D	8734	41	controlled	YES		0	2	ED82,ED86	F2,F2	F2 82 ED 63 35 00 0A 17 06 0C 31 17 73 E4 0F 27 2E 57 1A 2E 01 60 07 0E 00 16 16 0F 00 7C 2F 0E 16 29 1E 6C 71 F2 86 ED FF	[F2:$ED82]ボス！ そうさちゅうに トランプなんか\n[F1:$02]して いいと おもっているのですか？[F2:$ED86]	シュン「[F0:$A1]ボス！ そうさちゅうに トランプなんか\n[F1:$02]して いいと おもっているのですか？[F0:$A2]
1322	1322	C75D	D	875D	15	controlled	YES		0	2	ED82,ED86	F2,F2	F2 82 ED 7B E4 0F 27 2E 57 6C 71 F2 86 ED FF	[F2:$ED82]え？ トランプですか？[F2:$ED86]	シュン「[F0:$A1]え？ トランプですか？[F0:$A2]
1323	1323	C76C	D	876C	14	controlled	YES		0	2	ED82,ED86	F2,F2	F2 82 ED 63 3F 14 2E 02 6C 71 F2 86 ED FF	[F2:$ED82]ボス。ほんきですか？[F2:$ED86]	シュン「[F0:$A1]ボス。ほんきですか？[F0:$A2]
1324	1324	C77A	D	877A	26	controlled	YES		0	2	ED82,ED86	F2,F2	F2 82 ED 1A 2E 0F 38 00 63 75 0A 17 16 17 94 60 4B 2F 0B 2E 6C 71 F2 86 ED FF	[F2:$ED82]なんと[GLYPH:$38] ボスは そういうひと\n[F1:$02]だったんですか？[F2:$ED86]	シュン「[F0:$A1]なんと[GLYPH:$38] ボスは そういうひと\n[F1:$02]だったんですか？[F0:$A2]
1325	1325	C794	D	8794	44	controlled	YES		0	2	ED82,ED86	F2,F2	F2 82 ED 7D 28 69 3F 60 0A 05 1F 4E 16 17 1A 27 00 54 03 23 00 02 27 16 1A 60 14 17 47 30 7F 07 00 0D 02 15 16 6B 35 F2 86 ED 62 FF	[F2:$ED82]わかりました。\n[F1:$02]そこまでいうなら ぼくも きらいな\n[F1:$02]ほうじゃないし つきあいましょう！[F2:$ED86]\n[F1:$0A][FE][F9]	シュン「[F0:$A1]わかりました。\n[F1:$02]そこまでいうなら ぼくも きらいな\n[F1:$02]ほうじゃないし つきあいましょう！[F0:$A2]\n[F1:$0A][FE][F9]
1326	1326	C7C0	D	87C0	38	controlled	YES		0	2	ED82,ED86	F2,F2	F2 82 ED 26 01 2F 0B 3F 7C 16 1A 19 07 0E 00 03 2A 69 01 3F 60 7A 0A 17 06 74 4A 2F 05 17 00 07 68 35 F2 86 ED FF	[F2:$ED82]よかった。おもいなおして くれましたか。\n[F1:$02]では そうさを ぞっこう します！[F2:$ED86]	シュン「[F0:$A1]よかった。おもいなおして くれましたか。\n[F1:$02]では そうさを ぞっこう します！[F0:$A2]
1327	1327	C7E6	D	87E6	32	controlled	YES		0	2	ED82,ED86	F2,F2	F2 82 ED 05 2E 1A 0F 05 2B 4E 00 47 32 17 4B 2E 10 60 26 07 0E 03 4B 06 16 6F 63 35 F2 86 ED FF	[F2:$ED82]こんなところで じょうだんは\n[F1:$02]よしてくださいよ。ボス！[F2:$ED86]	シュン「[F0:$A1]こんなところで じょうだんは\n[F1:$02]よしてくださいよ。ボス！[F0:$A2]
1328	1328	C806	D	8806	54	plain	YES		0	0			65 7A E8 52 27 2F 03 47 30 2F 03 2D 60 10 47 22 6B 3F 62 65 E3 0C 2F 57 75 D1 D5 1F 16 48 0D 3F 60 16 0C 4F 73 01 04 27 2A 29 1E 10 60 D5 1F 16 1F 4E 6C 3F 62 FF	シュン「では ブラックジャックを\n[F1:$02]はじめましょう。\n[F1:$0A][FE][F9]シュン「チップは [GLYPH:$D1][GLYPH:$D5]まいずつ。\n[F1:$02]いちどに かけられるのは\n[F1:$02][GLYPH:$D5]まいまでです。\n[F1:$0A][FE][F9]	シュン「では ブラックジャックを\n[F1:$02]はじめましょう。\n[F1:$0A][FE][F9]シュン「チップは [GLYPH:$D1][GLYPH:$D5]まいずつ。\n[F1:$02]いちどに かけられるのは\n[F1:$02][GLYPH:$D5]まいまでです。\n[F1:$0A][FE][F9]
1329	1329	C83C	D	883C	18	plain	YES		0	0			65 63 3F D1 1F 16 22 74 11 16 0E 03 4B 06 16 3F 62 FF	シュン「ボス。[GLYPH:$D1]まいめを ひいてください。\n[F1:$0A][FE][F9]	シュン「ボス。[GLYPH:$D1]まいめを ひいてください。\n[F1:$0A][FE][F9]
1330	1330	C84E	D	884E	25	plain	YES		0	0			65 06 15 00 63 00 01 04 0E 03 4B 06 16 3F 60 1A 2E 1F 16 00 01 04 68 71 FF	シュン「さあ ボス かけてください。\n[F1:$02]なんまい かけますか？	シュン「さあ ボス かけてください。\n[F1:$02]なんまい かけますか？
1331	1331	C867	D	8867	41	plain	YES		0	0			65 19 24 36 00 80 1F 16 2F 0B 6C 71 60 16 24 33 00 63 75 26 2C 16 1A 15 3F 60 7A 0A 17 06 74 4A 2F 05 17 00 07 68 3F 62 FF	シュン「おや？ もうまいったですか？\n[F1:$02]いやー ボスは よわいなあ。\n[F1:$02]では そうさを ぞっこう します。\n[F1:$0A][FE][F9]	シュン「おや？ もうまいったですか？\n[F1:$02]いやー ボスは よわいなあ。\n[F1:$02]では そうさを ぞっこう します。\n[F1:$0A][FE][F9]
1332	1332	C890	D	8890	6	controlled	YES		0	1	EC37	F2	65 D1 F2 37 EC FF	シュン「[GLYPH:$D1][F2:$EC37]	シュン「[GLYPH:$D1]まい ですね。\n[F1:$02]では ぼくから ひきます。\n[F1:$0A][FE][F9]
1333	1333	C896	D	8896	6	controlled	YES		0	1	EC37	F2	65 D2 F2 37 EC FF	シュン「[GLYPH:$D2][F2:$EC37]	シュン「[GLYPH:$D2]まい ですね。\n[F1:$02]では ぼくから ひきます。\n[F1:$0A][FE][F9]
1334	1334	C89C	D	889C	6	controlled	YES		0	1	EC37	F2	65 D3 F2 37 EC FF	シュン「[GLYPH:$D3][F2:$EC37]	シュン「[GLYPH:$D3]まい ですね。\n[F1:$02]では ぼくから ひきます。\n[F1:$0A][FE][F9]
1335	1335	C8A2	D	88A2	6	controlled	YES		0	1	EC37	F2	65 D4 F2 37 EC FF	シュン「[GLYPH:$D4][F2:$EC37]	シュン「[GLYPH:$D4]まい ですね。\n[F1:$02]では ぼくから ひきます。\n[F1:$0A][FE][F9]
1336	1336	C8A8	D	88A8	6	controlled	YES		0	1	EC37	F2	65 D5 F2 37 EC FF	シュン「[GLYPH:$D5][F2:$EC37]	シュン「[GLYPH:$D5]まい ですね。\n[F1:$02]では ぼくから ひきます。\n[F1:$0A][FE][F9]
1337	1337	C8AE	D	88AE	7	controlled	YES		0	2	ECFF,ED1A	F2,F2	F2 FF EC F2 1A ED FF	[F2:$ECFF][F2:$ED1A]	シュン「うわっ！ まいっちゃったな。\n[F1:$0A][FE][F9]シュン「えーい、もういちまい！\n[F1:$0A][FE][F9]
1338	1338	C8B5	D	88B5	7	controlled	YES		0	2	ECF0,ED1A	F2,F2	F2 F0 EC F2 1A ED FF	[F2:$ECF0][F2:$ED1A]	シュン「うーん、どうしようかなあ。\n[F1:$0A][FE][F9]シュン「えーい、もういちまい！\n[F1:$0A][FE][F9]
1339	1339	C8BC	D	88BC	16	controlled	YES		0	1	EC49	F2	F2 49 EC 65 19 24 36 00 11 02 2C 04 6C 70 62 FF	[F2:$EC49]シュン「おや？ ひきわけですね。\n[F1:$0A][FE][F9]	シュン「ぼくは [FD:$00]です。\n[F1:$0A][FE][F9]シュン「おや？ ひきわけですね。\n[F1:$0A][FE][F9]
1340	1340	C8CC	D	88CC	4	controlled	YES		0	1	ED1A	F2	F2 1A ED FF	[F2:$ED1A]	シュン「えーい、もういちまい！\n[F1:$0A][FE][F9]
1341	1341	C8D0	D	88D0	19	plain	YES		0	0			65 1F 16 2F 0C 30 2F 0B 1A 3F E4 19 33 50 33 6C 3F 62 FF	シュン「まいっちゃったな。オーバーです。\n[F1:$0A][FE][F9]	シュン「まいっちゃったな。オーバーです。\n[F1:$0A][FE][F9]
1342	1342	C8E3	D	88E3	12	plain	YES		0	0			65 7A 63 78 11 03 50 2E 6C 3F 62 FF	シュン「では ボスが ひくばんです。\n[F1:$0A][FE][F9]	シュン「では ボスが ひくばんです。\n[F1:$0A][FE][F9]
1343	1343	C8EF	D	88EF	13	plain	YES		0	0			65 80 00 16 0C 1F 16 00 11 02 68 71 FF	シュン「もう いちまい ひきますか？	シュン「もう いちまい ひきますか？
1344	1344	C8FC	D	88FC	20	plain	YES		0	0			65 19 24 00 E4 19 33 50 33 6C 71 60 46 2E 1D 2E 6D 70 62 FF	シュン「おや オーバーですか？\n[F1:$02]ざんねんでしたね。\n[F1:$0A][FE][F9]	シュン「おや オーバーですか？\n[F1:$02]ざんねんでしたね。\n[F1:$0A][FE][F9]
1345	1345	C910	D	8910	14	plain	YES		0	0			65 7A 07 32 17 52 74 0D 4D 04 6B 3F 62 FF	シュン「では しょうぶを つづけましょう。\n[F1:$0A][FE][F9]	シュン「では しょうぶを つづけましょう。\n[F1:$0A][FE][F9]
1346	1346	C91E	D	891E	12	plain	YES		0	0			65 06 15 00 07 32 17 52 6C 35 62 FF	シュン「さあ しょうぶです！\n[F1:$0A][FE][F9]	シュン「さあ しょうぶです！\n[F1:$0A][FE][F9]
1347	1347	C92A	D	892A	19	controlled	YES		0	1	EC49	F2	F2 49 EC 65 4F 17 24 27 00 54 03 76 01 0C 85 6C 70 62 FF	[F2:$EC49]シュン「どうやら ぼくの かちみたいですね。\n[F1:$0A][FE][F9]	シュン「ぼくは [FD:$00]です。\n[F1:$0A][FE][F9]シュン「どうやら ぼくの かちみたいですね。\n[F1:$0A][FE][F9]
1348	1348	C93D	D	893D	27	controlled	YES		0	1	EC49	F2,FD	F2 49 EC 65 15 2A 36 00 63 75 FD 01 6C 71 60 2C 29 16 1A 15 3F 15 10 10 3F 62 FF	[F2:$EC49]シュン「あれ？ ボスは [FD:$01]ですか？\n[F1:$02]わるいなあ。あはは。\n[F1:$0A][FE][F9]	シュン「ぼくは [FD:$00]です。\n[F1:$0A][FE][F9]シュン「あれ？ ボスは [FD:$01]ですか？\n[F1:$02]わるいなあ。あはは。\n[F1:$0A][FE][F9]
1349	1349	C958	D	8958	13	controlled	YES		0	1	EC49	F2	F2 49 EC 65 54 03 76 01 0C 6C 70 62 FF	[F2:$EC49]シュン「ぼくの かちですね。\n[F1:$0A][FE][F9]	シュン「ぼくは [FD:$00]です。\n[F1:$0A][FE][F9]シュン「ぼくの かちですね。\n[F1:$0A][FE][F9]
1350	1350	C965	D	8965	24	controlled	YES		0	1	EC49	F2,FD	F2 49 EC 65 63 10 72 60 FD 01 6C 71 00 1F 16 2F 0C 30 2F 0B 1A 3F 62 FF	[F2:$EC49]シュン「ボスは……。\n[F1:$02][FD:$01]ですか？ まいっちゃったな。\n[F1:$0A][FE][F9]	シュン「ぼくは [FD:$00]です。\n[F1:$0A][FE][F9]シュン「ボスは……。\n[F1:$02][FD:$01]ですか？ まいっちゃったな。\n[F1:$0A][FE][F9]
1351	1351	C97D	D	897D	17	controlled	YES		0	1	EC49	F2	F2 49 EC 65 17 03 03 00 54 03 76 1F 04 01 72 62 FF	[F2:$EC49]シュン「うくく ぼくの まけか……。\n[F1:$0A][FE][F9]	シュン「ぼくは [FD:$00]です。\n[F1:$0A][FE][F9]シュン「うくく ぼくの まけか……。\n[F1:$0A][FE][F9]
1352	1352	C98E	D	898E	18	controlled	YES		0	1	EC49	F2	F2 49 EC 65 16 24 33 00 63 75 0D 26 16 1A 15 3F 62 FF	[F2:$EC49]シュン「いやー ボスは つよいなあ。\n[F1:$0A][FE][F9]	シュン「ぼくは [FD:$00]です。\n[F1:$0A][FE][F9]シュン「いやー ボスは つよいなあ。\n[F1:$0A][FE][F9]
1353	1353	C9A0	D	89A0	77	controlled	YES		0	1	EC53	FD,FD,F2	65 19 24 36 00 63 75 80 E3 0C 2F 57 41 60 1A 03 1A 2F 0E 07 1F 2F 0B 85 6C 70 62 65 05 76 07 32 17 52 00 54 03 76 01 0C 35 60 02 32 17 76 09 16 09 02 10 3E 60 05 2A 4E 00 54 03 76 FD 00 07 32 17 00 FD 01 10 16 6C 70 62 F2 53 EC FF	シュン「おや？ ボスは もうチップが\n[F1:$02]なくなってしまったみたいですね。\n[F1:$0A][FE][F9]シュン「この しょうぶ ぼくの かち！\n[F1:$02]きょうの せいせきは、\n[F1:$02]これで ぼくの [FD:$00]しょう [FD:$01]はいですね。\n[F1:$0A][FE][F9][F2:$EC53]	シュン「おや？ ボスは もうチップが\n[F1:$02]なくなってしまったみたいですね。\n[F1:$0A][FE][F9]シュン「この しょうぶ ぼくの かち！\n[F1:$02]きょうの せいせきは、\n[F1:$02]これで ぼくの [FD:$00]しょう [FD:$01]はいですね。\n[F1:$0A][FE][F9]シュン「さあ そうさを ぞっこうしましょう！\n[F1:$0A][FE][F9]
1354	1354	C9ED	D	89ED	56	controlled	YES		0	0		FD,FD	65 15 2A 2A 36 00 80 E3 0C 2F 57 41 60 1A 03 1A 2F 0C 30 2F 0B 16 2F 3F 62 65 02 32 17 76 09 16 09 02 10 3E 60 05 2A 4E 63 76 FD 01 07 32 17 00 FD 00 10 16 6C 70 62 FF	シュン「あれれ？ もうチップが\n[F1:$02]なくなっちゃったいっ。\n[F1:$0A][FE][F9]シュン「きょうの せいせきは、\n[F1:$02]これでボスの [FD:$01]しょう [FD:$00]はいですね。\n[F1:$0A][FE][F9]	シュン「あれれ？ もうチップが\n[F1:$02]なくなっちゃったいっ。\n[F1:$0A][FE][F9]シュン「きょうの せいせきは、\n[F1:$02]これでボスの [FD:$01]しょう [FD:$00]はいですね。\n[F1:$0A][FE][F9]
1355	1355	CA25	D	8A25	13	plain	YES		0	0			65 7A 54 03 01 27 00 11 02 68 3F 62 FF	シュン「では ぼくから ひきます。\n[F1:$0A][FE][F9]	シュン「では ぼくから ひきます。\n[F1:$0A][FE][F9]
1356	1356	CA32	D	8A32	4	controlled	YES		0	1	EC53	F2	F2 53 EC FF	[F2:$EC53]	シュン「さあ そうさを ぞっこうしましょう！\n[F1:$0A][FE][F9]
1357	1357	CA36	D	8A36	48	controlled	YES		0	1	EC64	F2	F2 64 EC 65 63 75 84 77 95 76 20 23 0F 41 60 7D 29 86 1A 23 1E 74 23 2F 0E 02 0B 2E 47 30 36 60 0F 28 15 18 48 00 0A 2A 74 20 0E 20 6B 6F 62 FF	[F2:$EC64]シュン「ボスは なにか ひがいしゃの みもとが\n[F1:$02]わかるようなものを もってきたんじゃ？\n[F1:$02]とりあえず それを みてみましょうよ。\n[F1:$0A][FE][F9]	シュン「さあ そうさを ぞっこうしましょう！\n[F1:$0A][FE][F9]シュン「ところで ボス。\n[F1:$02]ぼくは おもうんですがね……。\n[F1:$0A][FE][F9]シュン「ボスは なにか ひがいしゃの みもとが\n[F1:$02]わかるようなものを もってきたんじゃ？\n[F1:$02]とりあえず それを みてみましょうよ。\n[F1:$0A][FE][F9]
1358	1358	CA66	D	8A66	25	controlled	YES		0	1	EC64	F2	F2 64 EC 65 0F 28 15 18 48 00 CF 1B 60 16 2F 0E 20 0E 10 4F 17 6E 71 62 FF	[F2:$EC64]シュン「とりあえず みどりがおかに\n[F1:$02]いってみてはどうでしょうか？\n[F1:$0A][FE][F9]	シュン「さあ そうさを ぞっこうしましょう！\n[F1:$0A][FE][F9]シュン「ところで ボス。\n[F1:$02]ぼくは おもうんですがね……。\n[F1:$0A][FE][F9]シュン「とりあえず みどりがおかに\n[F1:$02]いってみてはどうでしょうか？\n[F1:$0A][FE][F9]
1359	1359	CA7F	D	8A7F	25	controlled	YES		0	1	EC64	F2	F2 64 EC 65 0F 28 15 18 48 00 B7 1B 60 16 2F 0E 20 0E 10 4F 17 6E 71 62 FF	[F2:$EC64]シュン「とりあえず きたはまに\n[F1:$02]いってみてはどうでしょうか？\n[F1:$0A][FE][F9]	シュン「さあ そうさを ぞっこうしましょう！\n[F1:$0A][FE][F9]シュン「ところで ボス。\n[F1:$02]ぼくは おもうんですがね……。\n[F1:$0A][FE][F9]シュン「とりあえず きたはまに\n[F1:$02]いってみてはどうでしょうか？\n[F1:$0A][FE][F9]
1360	1360	CA98	D	8A98	27	controlled	YES		0	1	EC64	F2	F2 64 EC 65 A5 1B 75 01 4A 03 78 16 29 79 10 36 60 88 07 27 53 0E 20 6A 71 62 FF	[F2:$EC64]シュン「いいじまには かぞくが いるのでは？\n[F1:$02]ちょっと しらべてみませんか？\n[F1:$0A][FE][F9]	シュン「さあ そうさを ぞっこうしましょう！\n[F1:$0A][FE][F9]シュン「ところで ボス。\n[F1:$02]ぼくは おもうんですがね……。\n[F1:$0A][FE][F9]シュン「いいじまには かぞくが いるのでは？\n[F1:$02]ちょっと しらべてみませんか？\n[F1:$0A][FE][F9]
1361	1361	CAB3	D	8AB3	26	controlled	YES		0	1	EC64	F2	F2 64 EC 65 A5 1E 21 08 05 00 A6 1B 60 80 16 0C 4F 00 15 2F 0E 20 6A 71 62 FF	[F2:$EC64]シュン「いいじまのむすこ しんじに\n[F1:$02]もういちど あってみませんか？\n[F1:$0A][FE][F9]	シュン「さあ そうさを ぞっこうしましょう！\n[F1:$0A][FE][F9]シュン「ところで ボス。\n[F1:$02]ぼくは おもうんですがね……。\n[F1:$0A][FE][F9]シュン「いいじまのむすこ しんじに\n[F1:$02]もういちど あってみませんか？\n[F1:$0A][FE][F9]
1362	1362	CACD	D	8ACD	35	controlled	YES		0	1	EC64	F2	F2 64 EC 65 84 24 27 00 B8 1E 14 17 4E 60 47 04 2E 1E 1B 19 16 78 07 68 3F 60 63 75 1B 19 16 6A 71 62 FF	[F2:$EC64]シュン「なにやら あばしりのほうで\n[F1:$02]じけんのにおいが します。\n[F1:$02]ボスは においませんか？\n[F1:$0A][FE][F9]	シュン「さあ そうさを ぞっこうしましょう！\n[F1:$0A][FE][F9]シュン「ところで ボス。\n[F1:$02]ぼくは おもうんですがね……。\n[F1:$0A][FE][F9]シュン「なにやら あばしりのほうで\n[F1:$02]じけんのにおいが します。\n[F1:$02]ボスは においませんか？\n[F1:$0A][FE][F9]
1363	1363	CAF0	D	8AF0	12	controlled	YES		0	2	E96C,EC7C	F2,F2	F2 6C E9 B8 05 17 1B 60 F2 7C EC FF	[F2:$E96C]あばしりこうに\n[F1:$02][F2:$EC7C]	シュン「さあ そうさを ぞっこうしましょう！\n[F1:$0A][FE][F9]シュン「ところで ボス。\n[F1:$02]ぼくは おもうんですがね……。\n[F1:$0A][FE][F9]シュン「もういちど あばしりこうに\n[F1:$02]いってみてはどうでしょうか？\n[F1:$0A][FE][F9]
1364	1364	CAFC	D	8AFC	24	controlled	YES		0	1	EC64	F2	F2 64 EC 65 0A 17 16 18 50 00 BC 1B 75 81 60 16 2F 0E 6A 6D 26 70 62 FF	[F2:$EC64]シュン「そういえば ましゅうこには まだ\n[F1:$02]いってませんでしたよね。\n[F1:$0A][FE][F9]	シュン「さあ そうさを ぞっこうしましょう！\n[F1:$0A][FE][F9]シュン「ところで ボス。\n[F1:$02]ぼくは おもうんですがね……。\n[F1:$0A][FE][F9]シュン「そういえば ましゅうこには まだ\n[F1:$02]いってませんでしたよね。\n[F1:$0A][FE][F9]
1365	1365	CB14	D	8B14	20	controlled	YES		0	1	EC64	F2	F2 64 EC 65 80 16 0C 4F 00 BC 1B 60 16 2F 0E 20 6A 71 62 FF	[F2:$EC64]シュン「もういちど ましゅうこに\n[F1:$02]いってみませんか？\n[F1:$0A][FE][F9]	シュン「さあ そうさを ぞっこうしましょう！\n[F1:$0A][FE][F9]シュン「ところで ボス。\n[F1:$02]ぼくは おもうんですがね……。\n[F1:$0A][FE][F9]シュン「もういちど ましゅうこに\n[F1:$02]いってみませんか？\n[F1:$0A][FE][F9]
1366	1366	CB28	D	8B28	35	controlled	YES		0	1	EC64	F2	F2 64 EC 65 16 0C 4F 00 14 2F 01 16 4F 17 04 16 1B 60 2A 2E 27 03 74 0F 2F 0E 20 0E 10 4F 17 6E 71 62 FF	[F2:$EC64]シュン「いちど ほっかいどうけいに\n[F1:$02]れんらくを とってみてはどうでしょうか？\n[F1:$0A][FE][F9]	シュン「さあ そうさを ぞっこうしましょう！\n[F1:$0A][FE][F9]シュン「ところで ボス。\n[F1:$02]ぼくは おもうんですがね……。\n[F1:$0A][FE][F9]シュン「いちど ほっかいどうけいに\n[F1:$02]れんらくを とってみてはどうでしょうか？\n[F1:$0A][FE][F9]
1367	1367	CB4B	D	8B4B	28	controlled	YES		0	1	EC64	F2	F2 64 EC 65 0A 17 16 18 50 00 81 BD 1E 60 41 16 07 30 1E 99 74 0F 2F 0E 6A 6F 62 FF	[F2:$EC64]シュン「そういえば まだしれとこ ごこの\n[F1:$02]がいしゃのしゃしんを とってませんよ。\n[F1:$0A][FE][F9]	シュン「さあ そうさを ぞっこうしましょう！\n[F1:$0A][FE][F9]シュン「ところで ボス。\n[F1:$02]ぼくは おもうんですがね……。\n[F1:$0A][FE][F9]シュン「そういえば まだしれとこ ごこの\n[F1:$02]がいしゃのしゃしんを とってませんよ。\n[F1:$0A][FE][F9]
1368	1368	CB67	D	8B67	41	controlled	YES		0	1	EC64	F2	F2 64 EC 65 BD 73 23 4F 2F 0E 20 6A 71 60 50 16 0E 2E 76 19 50 93 01 27 60 81 00 84 77 02 04 29 01 23 00 07 2A 6A 6F 62 FF	[F2:$EC64]シュン「しれとこ ごこに もどってみませんか？\n[F1:$02]ばいてんの おばさんから\n[F1:$02]まだ なにか きけるかも しれませんよ。\n[F1:$0A][FE][F9]	シュン「さあ そうさを ぞっこうしましょう！\n[F1:$0A][FE][F9]シュン「ところで ボス。\n[F1:$02]ぼくは おもうんですがね……。\n[F1:$0A][FE][F9]シュン「しれとこ ごこに もどってみませんか？\n[F1:$02]ばいてんの おばさんから\n[F1:$02]まだ なにか きけるかも しれませんよ。\n[F1:$0A][FE][F9]
1369	1369	CB90	D	8B90	27	controlled	YES		0	1	EC64	F2	F2 64 EC 65 9F 24 76 8D 73 80 08 05 07 60 15 0B 2F 0E 20 0E 10 4F 17 6E 71 62 FF	[F2:$EC64]シュン「おみやげやの おとこに もうすこし\n[F1:$02]あたってみてはどうでしょうか？\n[F1:$0A][FE][F9]	シュン「さあ そうさを ぞっこうしましょう！\n[F1:$0A][FE][F9]シュン「ところで ボス。\n[F1:$02]ぼくは おもうんですがね……。\n[F1:$0A][FE][F9]シュン「おみやげやの おとこに もうすこし\n[F1:$02]あたってみてはどうでしょうか？\n[F1:$0A][FE][F9]
1370	1370	CBAB	D	8BAB	20	controlled	YES		0	2	EC64,EC7C	F2,F2	F2 64 EC 65 80 16 2F 01 16 00 01 41 24 BF 1B 60 F2 7C EC FF	[F2:$EC64]シュン「もういっかい かがやりょかんに\n[F1:$02][F2:$EC7C]	シュン「さあ そうさを ぞっこうしましょう！\n[F1:$0A][FE][F9]シュン「ところで ボス。\n[F1:$02]ぼくは おもうんですがね……。\n[F1:$0A][FE][F9]シュン「もういっかい かがやりょかんに\n[F1:$02]いってみてはどうでしょうか？\n[F1:$0A][FE][F9]
1371	1371	CBBF	D	8BBF	37	controlled	YES		0	1	EC64	F2	F2 64 EC 65 C6 2F 0E 1E 78 82 1A 1E 01 2D 60 0D 02 0F 22 0B 16 6C 70 60 CB 1E 14 17 73 16 2F 0E 20 6A 71 62 FF	[F2:$EC64]シュン「まりもやってのが どこなのかを\n[F1:$02]つきとめたいですね。\n[F1:$02]あかんこのほうに いってみませんか？\n[F1:$0A][FE][F9]	シュン「さあ そうさを ぞっこうしましょう！\n[F1:$0A][FE][F9]シュン「ところで ボス。\n[F1:$02]ぼくは おもうんですがね……。\n[F1:$0A][FE][F9]シュン「まりもやってのが どこなのかを\n[F1:$02]つきとめたいですね。\n[F1:$02]あかんこのほうに いってみませんか？\n[F1:$0A][FE][F9]
1372	1372	CBE4	D	8BE4	45	controlled	YES		0	1	EC64	F2	F2 64 EC 65 01 41 24 BF 76 24 4F 0C 32 17 1B 10 60 CD 00 14 0B 29 C8 0F 00 01 01 2A 0E 16 69 3F 60 16 2F 0E 20 0E 10 4F 17 6E 71 62 FF	[F2:$EC64]シュン「かがやりょかんの やどちょうには\n[F1:$02]はこだて ほたるまちと かかれていました。\n[F1:$02]いってみてはどうでしょうか？\n[F1:$0A][FE][F9]	シュン「さあ そうさを ぞっこうしましょう！\n[F1:$0A][FE][F9]シュン「ところで ボス。\n[F1:$02]ぼくは おもうんですがね……。\n[F1:$0A][FE][F9]シュン「かがやりょかんの やどちょうには\n[F1:$02]はこだて ほたるまちと かかれていました。\n[F1:$02]いってみてはどうでしょうか？\n[F1:$0A][FE][F9]
1373	1373	CC11	D	8C11	28	controlled	YES		0	1	EC64	F2	F2 64 EC 65 BC 76 14 17 4E 60 4B 2A 01 78 54 03 74 26 2E 4E 29 02 41 07 68 72 62 FF	[F2:$EC64]シュン「ましゅうこの ほうで\n[F1:$02]だれかが ぼくを よんでるきがします……。\n[F1:$0A][FE][F9]	シュン「さあ そうさを ぞっこうしましょう！\n[F1:$0A][FE][F9]シュン「ところで ボス。\n[F1:$02]ぼくは おもうんですがね……。\n[F1:$0A][FE][F9]シュン「ましゅうこの ほうで\n[F1:$02]だれかが ぼくを よんでるきがします……。\n[F1:$0A][FE][F9]
1374	1374	CC2D	D	8C2D	28	controlled	YES		0	1	EC64	F2	F2 64 EC 65 C4 4E 00 84 77 0E 41 01 28 85 1A 60 23 1E 75 20 0D 01 27 7F 6E 71 62 FF	[F2:$EC64]シュン「くっしゃろこで なにか てがかりみたいな\n[F1:$02]ものは みつからないでしょうか？\n[F1:$0A][FE][F9]	シュン「さあ そうさを ぞっこうしましょう！\n[F1:$0A][FE][F9]シュン「ところで ボス。\n[F1:$02]ぼくは おもうんですがね……。\n[F1:$0A][FE][F9]シュン「くっしゃろこで なにか てがかりみたいな\n[F1:$02]ものは みつからないでしょうか？\n[F1:$0A][FE][F9]
1375	1375	CC49	D	8C49	35	controlled	YES		0	1	EC64	F2	F2 64 EC 65 CE 1E C8 4E 00 84 77 47 04 2E 1B 60 01 2E 04 16 15 29 86 1A 05 0F 10 60 02 04 7F 6E 71 62 FF	[F2:$EC64]シュン「ウトロのまちで なにか じけんに\n[F1:$02]かんけいあるようなことは\n[F1:$02]きけないでしょうか？\n[F1:$0A][FE][F9]	シュン「さあ そうさを ぞっこうしましょう！\n[F1:$0A][FE][F9]シュン「ところで ボス。\n[F1:$02]ぼくは おもうんですがね……。\n[F1:$0A][FE][F9]シュン「ウトロのまちで なにか じけんに\n[F1:$02]かんけいあるようなことは\n[F1:$02]きけないでしょうか？\n[F1:$0A][FE][F9]
1376	1376	CC6C	D	8C6C	24	controlled	YES		0	1	EC64	F2	F2 64 EC 65 80 16 0C 4F 00 C6 1B 60 16 2F 0E 20 0E 10 4F 17 6E 71 62 FF	[F2:$EC64]シュン「もういちど まりもやに\n[F1:$02]いってみてはどうでしょうか？\n[F1:$0A][FE][F9]	シュン「さあ そうさを ぞっこうしましょう！\n[F1:$0A][FE][F9]シュン「ところで ボス。\n[F1:$02]ぼくは おもうんですがね……。\n[F1:$0A][FE][F9]シュン「もういちど まりもやに\n[F1:$02]いってみてはどうでしょうか？\n[F1:$0A][FE][F9]
1377	1377	CC84	D	8C84	44	controlled	YES		0	1	EC64	F2	F2 64 EC 65 05 17 1A 2F 0B 27 00 0E 1B 16 2A 0B 00 47 32 09 16 1E 60 99 D2 74 16 2B 2E 1A 94 74 B3 0E 60 02 03 07 01 7E 6A 6F 62 FF	[F2:$EC64]シュン「こうなったら てにいれた じょせいの\n[F1:$02]しゃしん[GLYPH:$D2]を いろんなひとを みせて\n[F1:$02]きくしかありませんよ。\n[F1:$0A][FE][F9]	シュン「さあ そうさを ぞっこうしましょう！\n[F1:$0A][FE][F9]シュン「ところで ボス。\n[F1:$02]ぼくは おもうんですがね……。\n[F1:$0A][FE][F9]シュン「こうなったら てにいれた じょせいの\n[F1:$02]しゃしん[GLYPH:$D2]を いろんなひとを みせて\n[F1:$02]きくしかありませんよ。\n[F1:$0A][FE][F9]
1378	1378	CCB0	D	8CB0	25	controlled	YES		0	1	EC64	F2	F2 64 EC 65 0F 28 15 18 48 00 C4 1B 60 16 2F 0E 20 0E 10 4F 17 6E 71 62 FF	[F2:$EC64]シュン「とりあえず くっしゃろこに\n[F1:$02]いってみてはどうでしょうか？\n[F1:$0A][FE][F9]	シュン「さあ そうさを ぞっこうしましょう！\n[F1:$0A][FE][F9]シュン「ところで ボス。\n[F1:$02]ぼくは おもうんですがね……。\n[F1:$0A][FE][F9]シュン「とりあえず くっしゃろこに\n[F1:$02]いってみてはどうでしょうか？\n[F1:$0A][FE][F9]
1379	1379	CCC9	D	8CC9	24	controlled	YES		0	1	EC64	F2	F2 64 EC 65 C7 73 16 02 6A 71 60 84 77 7D 29 01 23 00 07 2A 6A 6F 62 FF	[F2:$EC64]シュン「わごと おんせんに いきませんか？\n[F1:$02]なにか わかるかも しれませんよ。\n[F1:$0A][FE][F9]	シュン「さあ そうさを ぞっこうしましょう！\n[F1:$0A][FE][F9]シュン「ところで ボス。\n[F1:$02]ぼくは おもうんですがね……。\n[F1:$0A][FE][F9]シュン「わごと おんせんに いきませんか？\n[F1:$02]なにか わかるかも しれませんよ。\n[F1:$0A][FE][F9]
1380	1380	CCE1	D	8CE1	28	controlled	YES		0	1	EC64	F2	F2 64 EC 65 80 08 05 07 00 AB 93 76 13 24 1E 1A 01 2D 60 07 27 53 0E 20 6A 71 62 FF	[F2:$EC64]シュン「もうすこし まきこさんの へやのなかを\n[F1:$02]しらべてみませんか？\n[F1:$0A][FE][F9]	シュン「さあ そうさを ぞっこうしましょう！\n[F1:$0A][FE][F9]シュン「ところで ボス。\n[F1:$02]ぼくは おもうんですがね……。\n[F1:$0A][FE][F9]シュン「もうすこし まきこさんの へやのなかを\n[F1:$02]しらべてみませんか？\n[F1:$0A][FE][F9]
1381	1381	CCFD	D	8CFD	25	controlled	YES		0	1	EC64	F2	F2 64 EC 65 0F 28 15 18 48 00 C0 1B 60 16 2F 0E 20 0E 10 4F 17 6E 71 62 FF	[F2:$EC64]シュン「とりあえず もんべつに\n[F1:$02]いってみてはどうでしょうか？\n[F1:$0A][FE][F9]	シュン「さあ そうさを ぞっこうしましょう！\n[F1:$0A][FE][F9]シュン「ところで ボス。\n[F1:$02]ぼくは おもうんですがね……。\n[F1:$0A][FE][F9]シュン「とりあえず もんべつに\n[F1:$02]いってみてはどうでしょうか？\n[F1:$0A][FE][F9]
1382	1382	CD16	D	8D16	22	controlled	YES		0	1	EC64	F2	F2 64 EC 65 C0 76 0E 2E 54 17 4B 16 1B 60 16 2F 0E 20 6A 71 62 FF	[F2:$EC64]シュン「もんべつの てんぼうだいに\n[F1:$02]いってみませんか？\n[F1:$0A][FE][F9]	シュン「さあ そうさを ぞっこうしましょう！\n[F1:$0A][FE][F9]シュン「ところで ボス。\n[F1:$02]ぼくは おもうんですがね……。\n[F1:$0A][FE][F9]シュン「もんべつの てんぼうだいに\n[F1:$02]いってみませんか？\n[F1:$0A][FE][F9]
1383	1383	CD2C	D	8D2C	31	controlled	YES		0	1	EC64	F2	F2 64 EC 65 C0 05 17 76 01 2E 28 47 21 07 32 73 16 04 50 60 84 77 7D 29 1E 7A 7F 6E 71 62 FF	[F2:$EC64]シュン「もんべつこうの かんりじむしょに いけば\n[F1:$02]なにか わかるのでは ないでしょうか？\n[F1:$0A][FE][F9]	シュン「さあ そうさを ぞっこうしましょう！\n[F1:$0A][FE][F9]シュン「ところで ボス。\n[F1:$02]ぼくは おもうんですがね……。\n[F1:$0A][FE][F9]シュン「もんべつこうの かんりじむしょに いけば\n[F1:$02]なにか わかるのでは ないでしょうか？\n[F1:$0A][FE][F9]
1384	1384	CD4B	D	8D4B	31	controlled	YES		0	1	EC64	F2	F2 64 EC 65 0F 28 15 18 48 00 A9 02 08 04 76 17 0C 1B 60 16 2F 0E 20 0E 10 4F 17 6E 71 62 FF	[F2:$EC64]シュン「とりあえず おくむらきすけの うちに\n[F1:$02]いってみてはどうでしょうか？\n[F1:$0A][FE][F9]	シュン「さあ そうさを ぞっこうしましょう！\n[F1:$0A][FE][F9]シュン「ところで ボス。\n[F1:$02]ぼくは おもうんですがね……。\n[F1:$0A][FE][F9]シュン「とりあえず おくむらきすけの うちに\n[F1:$02]いってみてはどうでしょうか？\n[F1:$0A][FE][F9]
1385	1385	CD6A	D	8D6A	34	controlled	YES		0	1	EC64	F2	F2 64 EC 65 05 1E E3 1B 59 59 1B 2E 42 32 17 2D 60 16 2B 2E 1A 94 73 B3 0E 20 0E 10 4F 17 6E 71 62 FF	[F2:$EC64]シュン「このニポポにんぎょうを\n[F1:$02]いろんなひとに みせてみてはどうでしょうか？\n[F1:$0A][FE][F9]	シュン「さあ そうさを ぞっこうしましょう！\n[F1:$0A][FE][F9]シュン「ところで ボス。\n[F1:$02]ぼくは おもうんですがね……。\n[F1:$0A][FE][F9]シュン「このニポポにんぎょうを\n[F1:$02]いろんなひとに みせてみてはどうでしょうか？\n[F1:$0A][FE][F9]
1386	1386	CD8C	D	8D8C	47	controlled	YES		0	1	EC64	F2	F2 64 EC 65 80 16 2F 01 16 00 AC 93 1B 60 15 2F 0E 85 86 1A 02 78 07 68 70 60 02 02 23 27 07 0E 16 29 05 0F 78 15 29 01 23 07 2A 6A 3F 62 FF	[F2:$EC64]シュン「もういっかい めぐみさんに\n[F1:$02]あってみたいようなきが しますね。\n[F1:$02]ききもらしていることが あるかもしれません。\n[F1:$0A][FE][F9]	シュン「さあ そうさを ぞっこうしましょう！\n[F1:$0A][FE][F9]シュン「ところで ボス。\n[F1:$02]ぼくは おもうんですがね……。\n[F1:$0A][FE][F9]シュン「もういっかい めぐみさんに\n[F1:$02]あってみたいようなきが しますね。\n[F1:$02]ききもらしていることが あるかもしれません。\n[F1:$0A][FE][F9]
1387	1387	CDBB	D	8DBB	25	controlled	YES		0	1	EC64	F2	F2 64 EC 65 0F 28 15 18 48 00 BB 1B 60 16 2F 0E 20 0E 10 4F 17 6E 71 62 FF	[F2:$EC64]シュン「とりあえず コロポックリに\n[F1:$02]いってみてはどうでしょうか？\n[F1:$0A][FE][F9]	シュン「さあ そうさを ぞっこうしましょう！\n[F1:$0A][FE][F9]シュン「ところで ボス。\n[F1:$02]ぼくは おもうんですがね……。\n[F1:$0A][FE][F9]シュン「とりあえず コロポックリに\n[F1:$02]いってみてはどうでしょうか？\n[F1:$0A][FE][F9]
1388	1388	CDD4	D	8DD4	36	controlled	YES		0	1	EC64	F2	F2 64 EC 65 C0 1E 18 02 1F 18 1B 60 16 2F 0E 20 0E 10 4F 17 6E 71 60 84 77 02 04 29 01 23 07 2A 6A 6F 62 FF	[F2:$EC64]シュン「もんべつのえきまえに\n[F1:$02]いってみてはどうでしょうか？\n[F1:$02]なにか きけるかもしれませんよ。\n[F1:$0A][FE][F9]	シュン「さあ そうさを ぞっこうしましょう！\n[F1:$0A][FE][F9]シュン「ところで ボス。\n[F1:$02]ぼくは おもうんですがね……。\n[F1:$0A][FE][F9]シュン「もんべつのえきまえに\n[F1:$02]いってみてはどうでしょうか？\n[F1:$02]なにか きけるかもしれませんよ。\n[F1:$0A][FE][F9]
1389	1389	CDF8	D	8DF8	31	controlled	YES		0	1	EC64	F2	F2 64 EC 65 84 24 27 00 21 1A 06 2C 42 78 07 68 3F 60 AB 93 1E B1 73 16 2F 0E 20 6A 71 62 FF	[F2:$EC64]シュン「なにやら むなさわぎが します。\n[F1:$02]まきこさんのアパートに いってみませんか？\n[F1:$0A][FE][F9]	シュン「さあ そうさを ぞっこうしましょう！\n[F1:$0A][FE][F9]シュン「ところで ボス。\n[F1:$02]ぼくは おもうんですがね……。\n[F1:$0A][FE][F9]シュン「なにやら むなさわぎが します。\n[F1:$02]まきこさんのアパートに いってみませんか？\n[F1:$0A][FE][F9]
1390	1390	CE17	D	8E17	28	controlled	YES		0	1	EC64	F2	F2 64 EC 65 80 08 05 07 00 AB 93 76 13 24 1E 1A 01 2D 60 07 27 53 0E 20 6A 71 62 FF	[F2:$EC64]シュン「もうすこし まきこさんの へやのなかを\n[F1:$02]しらべてみませんか？\n[F1:$0A][FE][F9]	シュン「さあ そうさを ぞっこうしましょう！\n[F1:$0A][FE][F9]シュン「ところで ボス。\n[F1:$02]ぼくは おもうんですがね……。\n[F1:$0A][FE][F9]シュン「もうすこし まきこさんの へやのなかを\n[F1:$02]しらべてみませんか？\n[F1:$0A][FE][F9]
1391	1391	CE33	D	8E33	31	controlled	YES		0	1	EC64	F2	F2 64 EC 65 63 35 00 05 2E 1A 0F 02 1B 60 47 32 17 4B 2E 75 26 07 0E 03 4B 06 16 26 35 62 FF	[F2:$EC64]シュン「ボス！ こんなときに\n[F1:$02]じょうだんは よしてくださいよ！\n[F1:$0A][FE][F9]	シュン「さあ そうさを ぞっこうしましょう！\n[F1:$0A][FE][F9]シュン「ところで ボス。\n[F1:$02]ぼくは おもうんですがね……。\n[F1:$0A][FE][F9]シュン「ボス！ こんなときに\n[F1:$02]じょうだんは よしてくださいよ！\n[F1:$0A][FE][F9]
1392	1392	CE52	D	8E52	30	controlled	YES		0	1	EC64	F2	F2 64 EC 65 24 10 28 00 AD 47 2E 45 2B 17 41 60 84 77 07 2F 0E 16 29 79 10 7F 6E 71 62 FF	[F2:$EC64]シュン「やはり うらたじんごろうが\n[F1:$02]なにか しっているのではないでしょうか？\n[F1:$0A][FE][F9]	シュン「さあ そうさを ぞっこうしましょう！\n[F1:$0A][FE][F9]シュン「ところで ボス。\n[F1:$02]ぼくは おもうんですがね……。\n[F1:$0A][FE][F9]シュン「やはり うらたじんごろうが\n[F1:$02]なにか しっているのではないでしょうか？\n[F1:$0A][FE][F9]
1393	1393	CE70	D	8E70	24	controlled	YES		0	1	EC64	F2	F2 64 EC 65 24 10 28 00 AB 93 76 86 0B 16 41 60 02 1B 1A 28 68 70 62 FF	[F2:$EC64]シュン「やはり まきこさんの ようたいが\n[F1:$02]きになりますね。\n[F1:$0A][FE][F9]	シュン「さあ そうさを ぞっこうしましょう！\n[F1:$0A][FE][F9]シュン「ところで ボス。\n[F1:$02]ぼくは おもうんですがね……。\n[F1:$0A][FE][F9]シュン「やはり まきこさんの ようたいが\n[F1:$02]きになりますね。\n[F1:$0A][FE][F9]
1394	1394	CE88	D	8E88	10	plain	YES		0	0			65 06 15 00 4F 17 07 68 71 FF	シュン「さあ どうしますか？	シュン「さあ どうしますか？
1395	1395	CE92	D	8E92	10	plain	YES		0	0			65 1F 18 73 08 08 20 69 3F FF	シュン「まえに すすみました。	シュン「まえに すすみました。
1396	1396	CE9C	D	8E9C	9	plain	YES		0	0			65 20 42 74 21 02 69 3F FF	シュン「みぎを むきました。	シュン「みぎを むきました。
1397	1397	CEA5	D	8EA5	10	plain	YES		0	0			65 11 4B 28 74 21 02 69 3F FF	シュン「ひだりを むきました。	シュン「ひだりを むきました。
1398	1398	CEAF	D	8EAF	34	plain	YES		0	0			65 1F 2C 28 75 45 0D 45 0D 07 0B 00 16 2C 50 68 3F 60 0F 0E 23 00 03 48 2A 0A 17 1B 75 7E 6A 41 3F FF	シュン「まわりは ごつごつした いわばます。\n[F1:$02]とても くずれそうには ありませんが。	シュン「まわりは ごつごつした いわばます。\n[F1:$02]とても くずれそうには ありませんが。
1399	1399	CED1	D	8ED1	26	plain	YES		0	0			65 05 2E 1A 0F 05 2B 4E 00 07 27 53 0B 2F 0E 60 21 4B 0F 16 17 23 1E 6E 3F FF	シュン「こんなところで しらべたって\n[F1:$02]むだというものでしょう。	シュン「こんなところで しらべたって\n[F1:$02]むだというものでしょう。
1400	1400	CEEB	D	8EEB	54	plain	YES		0	0			65 63 35 00 15 09 27 7F 4E 00 02 2D 07 2F 01 28 60 23 2F 0E 03 4B 06 16 35 00 21 24 20 73 07 27 53 0E 23 60 0B 16 28 32 03 74 07 32 17 23 17 08 29 4B 04 6C 3F FF	シュン「ボス！ あせらないで きをしっかり\n[F1:$02]もってください！ むやみに しらべても\n[F1:$02]たいりょくを しょうもうするだけです。	シュン「ボス！ あせらないで きをしっかり\n[F1:$02]もってください！ むやみに しらべても\n[F1:$02]たいりょくを しょうもうするだけです。
1401	1401	CF21	D	8F21	23	plain	YES		0	0			65 63 35 00 20 0E 1E 0F 19 28 00 1F 18 1B 10 60 08 08 22 6A 2F 3F FF	シュン「ボス！ みてのとおり まえには\n[F1:$02]すすめませんっ。	シュン「ボス！ みてのとおり まえには\n[F1:$02]すすめませんっ。
1402	1402	CF38	D	8F38	39	plain	YES		0	0			65 11 30 33 00 63 35 60 0E 2E 47 32 17 01 27 00 08 16 0E 02 78 0B 2A 0E 02 69 3F 60 51 2F 03 28 06 09 29 1A 15 3F FF	シュン「ひゃー ボス！\n[F1:$02]てんじょうから すいてきが たれてきました。\n[F1:$02]びっくりさせるなあ。	シュン「ひゃー ボス！\n[F1:$02]てんじょうから すいてきが たれてきました。\n[F1:$02]びっくりさせるなあ。
1403	1403	CF5F	D	8F5F	80	plain	NO	PTR_INTERIOR	0	0			65 4F 17 24 27 00 05 1E 8C 76 0E 2E 47 32 17 10 60 19 19 03 76 48 16 52 2E 74 12 03 2E 4E 16 29 86 6C 70 62 65 0F 16 17 05 0F 10 3D 3E 27 03 50 2E 76 02 04 2E 41 60 7E 68 3F 63 35 00 10 24 03 00 53 0D 1E 0F 05 2B 1B 60 16 4F 17 07 6B 3F FF	シュン「どうやら このあたりの てんじょうは\n[F1:$02]おおくの ずいぶんを ふくんでいるようですね。\n[F1:$0A][FE][F9]シュン「ということは…、らくばんの きけんが\n[F1:$02]あります。ボス！ はやく べつのところに\n[F1:$02]いどうしましょう。	シュン「どうやら このあたりの てんじょうは\n[F1:$02]おおくの ずいぶんを ふくんでいるようですね。\n[F1:$0A][FE][F9]シュン「ということは…、らくばんの きけんが\n[F1:$02]あります。ボス！ はやく べつのところに\n[F1:$02]いどうしましょう。
1404	1404	CF83	D	8F83	44	plain	YES		0	0			65 0F 16 17 05 0F 10 3D 3E 27 03 50 2E 76 02 04 2E 41 60 7E 68 3F 63 35 00 10 24 03 00 53 0D 1E 0F 05 2B 1B 60 16 4F 17 07 6B 3F FF	シュン「ということは…、らくばんの きけんが\n[F1:$02]あります。ボス！ はやく べつのところに\n[F1:$02]いどうしましょう。	シュン「ということは…、らくばんの きけんが\n[F1:$02]あります。ボス！ はやく べつのところに\n[F1:$02]いどうしましょう。
1405	1405	CFAF	D	8FAF	49	plain	YES		0	0			65 20 0E 03 4B 06 16 35 00 05 2A 75 AB 93 1E 60 80 16 2F 59 17 1E E5 10 16 11 33 29 6C 35 60 24 2F 55 28 00 01 1E 47 32 75 05 1E 1A 01 1B 2F 35 FF	シュン「みてください！ これは まきこさんの\n[F1:$02]もういっぽうのハイヒールです！\n[F1:$02]やっぱり かのじょは このなかにっ！	シュン「みてください！ これは まきこさんの\n[F1:$02]もういっぽうのハイヒールです！\n[F1:$02]やっぱり かのじょは このなかにっ！
1406	1406	CFE0	D	8FE0	41	plain	YES		0	0			65 17 2E 36 00 E5 10 16 11 33 29 6C 3F 60 4F 17 24 27 00 12 0B 0B 51 00 05 1E 0C 0E 2E 1B 60 23 4F 2F 0E 02 0B 85 6C 70 FF	シュン「うん？ ハイヒールです。\n[F1:$02]どうやら ふたたび このちてんに\n[F1:$02]もどってきたみたいですね。	シュン「うん？ ハイヒールです。\n[F1:$02]どうやら ふたたび このちてんに\n[F1:$02]もどってきたみたいですね。
1407	1407	D009	D	9009	75	plain	YES		0	0			65 24 2F 55 28 00 01 1E 47 32 1E E5 10 16 11 33 29 1B 60 0C 41 16 7E 6A 3F 62 65 23 2F 0E 19 02 0B 16 0F 05 2B 6C 41 60 05 1E 1A 01 4E 00 1F 26 2C 7F 0B 22 1B 23 60 22 47 29 07 0F 07 0E 00 05 1E 1F 1F 1B 07 0E 19 02 6B 3F FF	シュン「やっぱり かのじょのハイヒールに\n[F1:$02]ちがいありません。\n[F1:$0A][FE][F9]シュン「もっておきたいところですが\n[F1:$02]このなかで まよわないためにも\n[F1:$02]めじるしとして このままにしておきましょう。	シュン「やっぱり かのじょのハイヒールに\n[F1:$02]ちがいありません。\n[F1:$0A][FE][F9]シュン「もっておきたいところですが\n[F1:$02]このなかで まよわないためにも\n[F1:$02]めじるしとして このままにしておきましょう。
1408	1408	D054	D	9054	49	plain	YES		0	0			65 63 35 00 0D 29 10 07 78 19 0C 0E 16 69 35 60 05 2A 4E 00 4B 2F 07 31 0D 4E 02 29 01 23 00 07 2A 7F 4A 35 62 65 05 2A 75 23 2F 0E 19 02 68 35 FF	シュン「ボス！ つるはしが おちていました！\n[F1:$02]これで だっしゅつできるかも しれないぞ！\n[F1:$0A][FE][F9]シュン「これは もっておきます！	シュン「ボス！ つるはしが おちていました！\n[F1:$02]これで だっしゅつできるかも しれないぞ！\n[F1:$0A][FE][F9]シュン「これは もっておきます！
1409	1409	D085	D	9085	14	plain	YES		0	0			65 05 05 1B 75 80 00 84 23 7F 85 6C 3F FF	シュン「ここには もう なにもないみたいです。	シュン「ここには もう なにもないみたいです。
1410	1410	D093	D	9093	8	plain	YES		0	0			65 1F 3E AB 93 35 62 FF	シュン「ま、まきこさん！\n[F1:$0A][FE][F9]	シュン「ま、まきこさん！\n[F1:$0A][FE][F9]
1411	1411	D09B	D	909B	79	controlled	YES		0	4	ED82,ED86,ED82,ED86	F2,F2,F2,F2	F2 82 ED 07 3E 07 2F 01 28 07 0E 03 4B 06 16 35 60 4B 22 4B 35 00 01 2E 49 2E 73 16 07 02 2D 1A 03 07 0E 16 68 3F F2 86 ED 62 F2 82 ED 63 35 00 0F 23 01 03 10 24 03 00 01 1E 47 32 2D 60 0A 0F 1B 0D 2A 4B 06 1A 04 2A 50 35 F2 86 ED 62 FF	[F2:$ED82]し、しっかりしてください！\n[F1:$02]だめだ！ かんぜんに いしきをなくしています。[F2:$ED86]\n[F1:$0A][FE][F9][F2:$ED82]ボス！ ともかくはやく かのじょを\n[F1:$02]そとにつれださなければ！[F2:$ED86]\n[F1:$0A][FE][F9]	シュン「[F0:$A1]し、しっかりしてください！\n[F1:$02]だめだ！ かんぜんに いしきをなくしています。[F0:$A2]\n[F1:$0A][FE][F9]シュン「[F0:$A1]ボス！ ともかくはやく かのじょを\n[F1:$02]そとにつれださなければ！[F0:$A2]\n[F1:$0A][FE][F9]
1412	1412	D0EA	D	90EA	72	plain	YES		0	0			01 2E 28 1B 2E 3A 1A 2E 6C 36 00 15 1A 0B 41 0B 10 36 60 AB 93 0F 75 19 07 28 15 16 6C 71 62 01 2E 28 1B 2E 3A 4E 23 00 14 2E 1B 2E 73 21 4B 2E 4E 60 E6 1F 08 0B 33 02 33 74 01 08 2C 04 1B 10 60 1F 16 28 6A 1A 3F FF	かんりにん「なんです？ あなたがたは？\n[F1:$02]まきこさんとは おしりあいですか？\n[F1:$0A][FE][F9]かんりにん「でも ほんにんに むだんで\n[F1:$02]マスターキーを かすわけには\n[F1:$02]まいりませんな。	かんりにん「なんです？ あなたがたは？\n[F1:$02]まきこさんとは おしりあいですか？\n[F1:$0A][FE][F9]かんりにん「でも ほんにんに むだんで\n[F1:$02]マスターキーを かすわけには\n[F1:$02]まいりませんな。
1413	1413	D132	D	9132	19	plain	YES		0	0			65 05 05 75 AB 93 78 07 50 27 2A 0E 16 0B 60 96 6C 3F FF	シュン「ここは まきこさんが しばられていた\n[F1:$02]ばしょです。	シュン「ここは まきこさんが しばられていた\n[F1:$02]ばしょです。
1414	1414	D145	D	9145	50	plain	YES		0	0			65 16 1F 75 0A 0F 1B 4E 29 05 0F 78 09 2E 04 0D 6C 35 60 05 2E 1A 0F 05 2B 4E 00 07 27 53 0B 2F 0E 60 47 01 2E 1E 21 4B 0F 00 16 17 23 1E 6C 26 35 FF	シュン「いまは そとにでることが せんけつです！\n[F1:$02]こんなところで しらべたって\n[F1:$02]じかんのむだと いうものですよ！	シュン「いまは そとにでることが せんけつです！\n[F1:$02]こんなところで しらべたって\n[F1:$02]じかんのむだと いうものですよ！
1415	1415	D177	D	9177	40	plain	YES		0	0			65 1A 3E 1A 2E 0E 05 0F 4B 35 60 05 2E 1A 0F 02 73 01 16 0C 31 17 4E 2E 0F 17 76 4E 2E 0C 41 60 02 2A 29 1A 2E 0E 35 FF	シュン「な、なんてことだ！\n[F1:$02]こんなときに かいちゅうでんとうの でんちが\n[F1:$02]きれるなんて！	シュン「な、なんてことだ！\n[F1:$02]こんなときに かいちゅうでんとうの でんちが\n[F1:$02]きれるなんて！
1416	1416	D19F	D	919F	17	plain	YES		1	0			65 1F 2F 03 27 4E 00 4F 17 07 86 23 00 7E 6A 3F FF	シュン「まっくらで どうしようも ありません。	シュン「まっくらで どうしようも ありません。
1417	1417	D1B0	D	91B0	54	plain	YES		0	0			65 63 3F 11 01 28 75 0E 2E 47 32 17 01 27 60 23 2A 0E 16 68 3F 05 1E 0D 29 10 07 4E 00 03 48 07 0E 60 4B 2F 07 31 0D 4E 02 0A 17 6C 1D 35 00 24 2F 0B 15 35 62 FF	シュン「ボス。ひかりは てんじょうから\n[F1:$02]もれています。このつるはしで くずして\n[F1:$02]だっしゅつできそうですね！ やったあ！\n[F1:$0A][FE][F9]	シュン「ボス。ひかりは てんじょうから\n[F1:$02]もれています。このつるはしで くずして\n[F1:$02]だっしゅつできそうですね！ やったあ！\n[F1:$0A][FE][F9]
1418	1418	D1E6	D	91E6	16	plain	YES		0	0			65 80 00 05 05 1B 75 84 23 60 7E 6A 6F 63 3F FF	シュン「もう ここには なにも\n[F1:$02]ありませんよ。ボス。	シュン「もう ここには なにも\n[F1:$02]ありませんよ。ボス。
1419	1419	D1F6	D	91F6	28	plain	YES		0	0			64 07 27 53 0E 20 69 78 24 2F 55 28 00 12 0D 17 1E 60 E6 20 27 33 54 33 29 6C 6F FF	くろき「しらべてみましたが やっぱり ふつうの\n[F1:$02]ミラーボールですよ。	くろき「しらべてみましたが やっぱり ふつうの\n[F1:$02]ミラーボールですよ。
1420	1420	D212	D	9212	42	plain	YES		0	0			64 7A 88 1E 2E 4E 20 68 70 60 45 03 28 00 45 03 28 72 60 17 33 21 00 04 2F 05 17 00 24 08 23 1E 1E E3 2C 16 2E 4B 1A 15 3F FF	くろき「では ちょっと のんでみますね。\n[F1:$02]ごくり ごくり……。\n[F1:$02]うーむ けっこう やすもののワインだなあ。	くろき「では ちょっと のんでみますね。\n[F1:$02]ごくり ごくり……。\n[F1:$02]うーむ けっこう やすもののワインだなあ。
1421	1421	D23C	D	923C	57	controlled	YES		0	4	ED62,ED6A,ED62,ED6A	F2,F8,F2,F2,F2	F2 62 ED 15 0B 07 00 05 2A 4E 23 00 E4 17 18 08 0F 1B 10 60 47 07 2E 00 15 29 1E 6F F8 F2 6A ED 64 0A 17 01 1A 15 72 62 F2 62 ED 1F 2F 35 00 07 0D 2A 16 1D 35 F2 6A ED FF	[F2:$ED62]あたし これでも ウエストには\n[F1:$02]じしん あるのよ。\n[F2:$ED6A]くろき「そうかなあ……。\n[F1:$0A][FE][F9][F2:$ED62]まっ！ しつれいね！[F2:$ED6A]	アケミ「[F0:$81]あたし これでも ウエストには\n[F1:$02]じしん あるのよ。\n[F0:$82]くろき「そうかなあ……。\n[F1:$0A][FE][F9]アケミ「[F0:$81]まっ！ しつれいね！[F0:$82]
1422	1422	D275	D	9275	48	controlled	YES		0	2	ED62,ED6A	F2,F2	F2 62 ED 17 12 2F 3F 15 0B 07 2F 0E 00 02 2A 16 1A 00 15 07 60 07 0E 16 29 4E 07 32 3F 60 4E 23 00 80 00 06 2C 2F 0C 30 00 16 24 6F F2 6A ED FF	[F2:$ED62]うふっ。あたしって きれいな あし\n[F1:$02]しているでしょ。\n[F1:$02]でも もう さわっちゃ いやよ。[F2:$ED6A]	アケミ「[F0:$81]うふっ。あたしって きれいな あし\n[F1:$02]しているでしょ。\n[F1:$02]でも もう さわっちゃ いやよ。[F0:$82]
1423	1423	D2A5	D	92A5	43	plain	YES		0	0			64 E7 45 14 2E 00 45 14 2E 3F 60 05 2E 1A 0F 05 2B 74 07 27 53 06 09 7F 4E 00 03 4B 06 16 3F 60 04 21 0B 16 47 30 7F 6C 01 3F FF	くろき「ゴホン ゴホン。\n[F1:$02]こんなところを しらべさせないで ください。\n[F1:$02]けむたいじゃないですか。	くろき「ゴホン ゴホン。\n[F1:$02]こんなところを しらべさせないで ください。\n[F1:$02]けむたいじゃないですか。
1424	1424	D2D0	D	92D0	91	controlled	YES		0	4	ED6D,ED74,ED6D,ED74	F8,F2,F2,F2,F2	64 25 51 2C 74 07 0E 16 68 3F 60 1D 18 00 0A 1E 25 51 2C 00 4B 2A 01 27 00 23 27 2F 0B 1E 36 F8 F2 6D ED 0A 2A 2F 0E 00 E3 16 24 20 1A 1E 01 07 27 36 F2 74 ED 62 F2 6D ED 4B 2A 23 00 01 2F 0E 03 2A 7F 01 27 60 47 52 2E 4E 00 01 2F 0B 1E 6F 01 1A 07 16 2C 1D 72 F2 74 ED FF	くろき「ゆびわを しています。\n[F1:$02]ねえ そのゆびわ だれから もらったの？\n[F2:$ED6D]それって イヤミなのかしら？[F2:$ED74]\n[F1:$0A][FE][F9][F2:$ED6D]だれも かってくれないから\n[F1:$02]じぶんで かったのよ。かなしいわね……。[F2:$ED74]	くろき「ゆびわを しています。\n[F1:$02]ねえ そのゆびわ だれから もらったの？\nルナ「[F0:$89]それって イヤミなのかしら？[F0:$8A]\n[F1:$0A][FE][F9]ルナ「[F0:$89]だれも かってくれないから\n[F1:$02]じぶんで かったのよ。かなしいわね……。[F0:$8A]
1425	1425	D32B	D	932B	34	plain	YES		0	0			64 02 0C 30 7F E4 08 28 2F 55 6C 70 60 05 2A 00 11 32 2F 0F 07 0E 00 E3 0F 16 2A 1E 47 30 7F 08 71 FF	くろき「きちゃないスリッパですね。\n[F1:$02]これ ひょっとして トイレのじゃないすか？	くろき「きちゃないスリッパですね。\n[F1:$02]これ ひょっとして トイレのじゃないすか？
1426	1426	D34D	D	934D	45	plain	YES		0	0			64 1F 4F 1E 0A 0F 75 08 43 00 0F 1A 28 1E 17 0C 1E E2 01 53 60 6C 3F 0F 0E 23 00 94 76 0F 19 2A 0A 17 1A 00 08 02 1F 10 60 7E 6A 70 FF	くろき「まどのそとは すぐ となりのうちのカベ\n[F1:$02]です。とても ひとの とおれそうな すきまは\n[F1:$02]ありませんね。	くろき「まどのそとは すぐ となりのうちのカベ\n[F1:$02]です。とても ひとの とおれそうな すきまは\n[F1:$02]ありませんね。
1427	1427	D37A	D	937A	34	plain	YES		0	0			64 12 0F 2E 2D 22 03 2F 0E 20 69 41 60 89 0E 41 01 28 1B 1A 29 86 1A 23 1E 10 60 20 0D 01 28 6A 6F FF	くろき「ふとんをめくってみましたが\n[F1:$02]とくに てがかりになるようなものは\n[F1:$02]みつかりませんよ。	くろき「ふとんをめくってみましたが\n[F1:$02]とくに てがかりになるようなものは\n[F1:$02]みつかりませんよ。
1428	1428	D39C	D	939C	25	plain	YES		0	0			65 16 18 1E 1A 01 74 1E 4A 16 0E 20 69 41 60 4B 2A 23 00 16 7F 85 6C 3F FF	シュン「いえのなかを のぞいてみましたが\n[F1:$02]だれも いないみたいです。	シュン「いえのなかを のぞいてみましたが\n[F1:$02]だれも いないみたいです。
1429	1429	D3B5	D	93B5	27	plain	YES		0	0			65 01 2A 75 01 2E 07 02 76 94 6C 3F 60 07 16 2E 1A 4F 74 07 27 53 29 94 6C 70 FF	シュン「かれは かんしきの ひとです。\n[F1:$02]しいんなどを しらべるひとですね。	シュン「かれは かんしきの ひとです。\n[F1:$02]しいんなどを しらべるひとですね。
1430	1430	D3D0	D	93D0	55	plain	YES		0	0			65 0C 01 03 73 08 2E 4E 16 29 00 94 4E 60 05 1E 01 2A 78 07 0B 16 74 10 2F 04 2E 07 69 3F 62 65 1A 2E 4E 23 00 06 2E 59 1E 0F 0C 31 17 4E 60 20 0D 04 0B 0F 01 3F FF	シュン「ちかくに すんでいる ひとで\n[F1:$02]このかれが したいを はっけんしました。\n[F1:$0A][FE][F9]シュン「なんでも さんぽのとちゅうで\n[F1:$02]みつけたとか。	シュン「ちかくに すんでいる ひとで\n[F1:$02]このかれが したいを はっけんしました。\n[F1:$0A][FE][F9]シュン「なんでも さんぽのとちゅうで\n[F1:$02]みつけたとか。
1431	1431	D407	D	9407	45	plain	YES		0	0			65 01 1A 28 00 0F 28 20 4B 07 0E 16 29 00 86 08 6C 3F 60 26 14 4F 00 05 1E 47 04 2E 78 E4 07 32 2F 03 4B 2F 0B 2E 4E 60 07 32 17 70 FF	シュン「かなり とりみだしている ようすです。\n[F1:$02]よほど このじけんが ショックだったんで\n[F1:$02]しょうね。	シュン「かなり とりみだしている ようすです。\n[F1:$02]よほど このじけんが ショックだったんで\n[F1:$02]しょうね。
1432	1432	D434	D	9434	33	plain	YES		0	0			65 24 2F 55 28 00 01 2E 49 2E 73 07 2E 4E 16 68 3F 60 07 2E 4B 12 28 1A 2E 01 47 30 00 7E 6A 6F FF	シュン「やっぱり かんぜんに しんでいます。\n[F1:$02]しんだふりなんかじゃ ありませんよ。	シュン「やっぱり かんぜんに しんでいます。\n[F1:$02]しんだふりなんかじゃ ありませんよ。
1433	1433	D455	D	9455	44	plain	YES		0	0			65 15 1E 07 1F 75 01 20 41 08 21 0F 16 17 60 E6 01 21 16 2F 07 31 1E 07 1F 6C 3F 60 4E 23 00 47 04 2E 0F 75 01 2E 04 16 7F 6E 3F FF	シュン「あのしまは かみがすむという\n[F1:$02]カムイッシュのしまです。\n[F1:$02]でも じけんとは かんけいないでしょう。	シュン「あのしまは かみがすむという\n[F1:$02]カムイッシュのしまです。\n[F1:$02]でも じけんとは かんけいないでしょう。
1434	1434	D481	D	9481	44	plain	YES		0	0			65 01 2E 05 17 0C 73 26 03 15 29 00 D1 D0 D0 18 2E 4E 60 20 27 2A 29 00 54 17 18 2E 02 32 17 6C 41 60 05 2A 78 4F 17 01 07 69 71 FF	シュン「かんこうちに よくある [GLYPH:$D1][GLYPH:$D0][GLYPH:$D0]えんで\n[F1:$02]みられる ぼうえんきょうですが\n[F1:$02]これが どうかしましたか？	シュン「かんこうちに よくある [GLYPH:$D1][GLYPH:$D0][GLYPH:$D0]えんで\n[F1:$02]みられる ぼうえんきょうですが\n[F1:$02]これが どうかしましたか？
1435	1435	D4AD	D	94AD	35	plain	YES		0	0			65 0F 07 75 D2 D0 03 27 16 6E 01 3F 60 4E 23 00 0A 1E 2C 28 1B 75 15 4F 04 7F 00 01 19 4B 0C 60 6C 70 FF	シュン「としは [GLYPH:$D2][GLYPH:$D0]くらいでしょうか。\n[F1:$02]でも そのわりには あどけない かおだち\n[F1:$02]ですね。	シュン「としは [GLYPH:$D2][GLYPH:$D0]くらいでしょうか。\n[F1:$02]でも そのわりには あどけない かおだち\n[F1:$02]ですね。
1436	1436	D4D0	D	94D0	50	plain	YES		0	0			65 17 0D 03 07 16 00 08 2E 4B 11 0F 20 74 07 0E 16 68 3F 60 2C 2F 00 63 3F 7C 2C 48 00 20 0D 22 15 2F 0E 07 1F 16 60 69 3F 0E 2A 0C 30 17 1A 15 3F FF	シュン「うつくしい すんだひとみを しています。\n[F1:$02]わっ ボス。おもわず みつめあってしまい\n[F1:$02]ました。てれちゃうなあ。	シュン「うつくしい すんだひとみを しています。\n[F1:$02]わっ ボス。おもわず みつめあってしまい\n[F1:$02]ました。てれちゃうなあ。
1437	1437	D502	D	9502	36	plain	YES		0	0			65 18 33 0F 00 20 0B 01 2E 47 D7 D8 2F 0E 0F 05 01 1A 36 60 0F 00 84 74 16 2C 09 29 2E 6C 01 35 00 63 35 FF	シュン「えーと みたかんじ[GLYPH:$D7][GLYPH:$D8]ってとこかな？\n[F1:$02]と なにを いわせるんですか！ ボス！	シュン「えーと みたかんじ[GLYPH:$D7][GLYPH:$D8]ってとこかな？\n[F1:$02]と なにを いわせるんですか！ ボス！
1438	1438	D526	D	9526	56	controlled	YES		0	2	EDB6,EDBB	F8,F2,F2	65 19 0F 1A 07 16 01 2E 47 76 12 03 0A 17 6C 41 60 01 2C 16 16 94 75 84 2D 02 0E 23 00 1B 15 17 1A 15 3F F8 F2 B6 ED 16 24 4B 3D 00 04 16 47 93 2F 0B 27 72 F2 BB ED FF	シュン「おとなしいかんじの ふくそうですが\n[F1:$02]かわいいひとは なにをきても にあうなあ。\n[F2:$EDB6]いやだ… けいじさんったら……。[F2:$EDBB]	シュン「おとなしいかんじの ふくそうですが\n[F1:$02]かわいいひとは なにをきても にあうなあ。\n[FC:$5C][F0:$A9]いやだ… けいじさんったら……。[F0:$AA]
1439	1439	D55E	D	955E	70	controlled	YES		0	2	EDAE,EDB3	F2,F8,F2	65 01 1E 47 32 1E 14 17 75 88 E2 10 4E 22 4E 60 0F 01 16 0E 02 1A 01 2E 47 6C 3F 60 63 75 4F 2F 0C 78 05 1E 20 6C 71 62 F2 AE ED 18 36 00 84 77 16 2F 0B 36 F8 F2 B3 ED 65 15 2C 2C 00 1A 2E 4E 23 00 7E 6A 6F FF	シュン「かのじょのほうは ちょっと ハデめで\n[F1:$02]とかいてきなかんじです。\n[F1:$02]ボスは どっちが このみですか？\n[F1:$0A][FE][F9][F2:$EDAE]え？ なにか いった？\n[F2:$EDB3]シュン「あわわ なんでも ありませんよ。	シュン「かのじょのほうは ちょっと ハデめで\n[F1:$02]とかいてきなかんじです。\n[F1:$02]ボスは どっちが このみですか？\n[F1:$0A][FE][F9][FC:$63][F0:$B1]え？ なにか いった？\n[F0:$B2]シュン「あわわ なんでも ありませんよ。
1440	1440	D5A4	D	95A4	46	plain	YES		0	0			65 63 3F 15 1F 28 00 21 1D 50 01 28 20 0E 16 29 0F 60 E4 13 2E 0B 16 4B 0F 00 7C 2C 2A 68 3F 60 05 05 75 43 2F 0F 00 E3 41 1F 2E 6C 6F FF	シュン「ボス。あまり むねばかりみていると\n[F1:$02]ヘンタイだと おもわれます。\n[F1:$02]ここは ぐっと ガマンですよ。	シュン「ボス。あまり むねばかりみていると\n[F1:$02]ヘンタイだと おもわれます。\n[F1:$02]ここは ぐっと ガマンですよ。
1441	1441	D5D2	D	95D2	41	plain	YES		0	0			65 E3 09 2E 08 1E 16 16 00 12 03 0A 17 6C 3F 60 16 01 1B 23 00 0F 01 16 1E 47 32 07 4B 16 09 16 2F 0E 60 01 2E 47 6C 70 FF	シュン「センスのいい ふくそうです。\n[F1:$02]いかにも とかいのじょしだいせいって\n[F1:$02]かんじですね。	シュン「センスのいい ふくそうです。\n[F1:$02]いかにも とかいのじょしだいせいって\n[F1:$02]かんじですね。
1442	1442	D5FB	D	95FB	43	plain	YES		0	0			65 4F 17 24 27 00 19 20 24 44 24 1E 86 6C 3F 60 4E 23 00 16 1F 10 E4 07 33 48 2E 47 30 7F 1E 01 60 07 1F 2F 0E 16 29 85 6C 70 FF	シュン「どうやら おみやげやのようです。\n[F1:$02]でも いまはシーズンじゃないのか\n[F1:$02]しまっているみたいですね。	シュン「どうやら おみやげやのようです。\n[F1:$02]でも いまはシーズンじゃないのか\n[F1:$02]しまっているみたいですね。
1443	1443	D626	D	9626	35	plain	YES		0	0			65 05 2A 75 2B 50 0B 24 02 2D 05 1E 17 18 1B 1E 09 0E 60 19 02 30 03 93 73 4B 08 0B 22 76 54 17 6C 6F FF	シュン「これは ろばたやきをこのうえにのせて\n[F1:$02]おきゃくさんに だすための ぼうですよ。	シュン「これは ろばたやきをこのうえにのせて\n[F1:$02]おきゃくさんに だすための ぼうですよ。
1444	1444	D649	D	9649	65	controlled	YES		0	0		F3	65 19 24 36 00 01 20 02 2A 78 19 0C 0E 16 68 3F 62 65 19 19 00 25 17 07 30 00 F3 26 35 60 05 2E 1A 0F 05 2B 2D 07 27 53 29 0F 75 84 45 0F 4B 35 60 0F 01 16 0E 7E 68 3F 1A 2E 4B 00 05 28 30 36 FF	シュン「おや？ かみきれが おちています。\n[F1:$0A][FE][F9]シュン「おお ゆうしゃ [F3]よ！\n[F1:$02]こんなところをしらべるとは なにごとだ！\n[F1:$02]とかいてあります。なんだ こりゃ？	シュン「おや？ かみきれが おちています。\n[F1:$0A][FE][F9]シュン「おお ゆうしゃ [F3]よ！\n[F1:$02]こんなところをしらべるとは なにごとだ！\n[F1:$02]とかいてあります。なんだ こりゃ？
1445	1445	D68A	D	968A	35	plain	YES		0	0			65 45 03 12 0D 17 76 12 17 04 16 41 6C 3F 60 41 03 52 0C 1E 17 27 74 07 27 53 29 1F 4E 23 60 7F 6E 3F FF	シュン「ごくふつうの ふうけいがです。\n[F1:$02]がくぶちのうらを しらべるまでも\n[F1:$02]ないでしょう。	シュン「ごくふつうの ふうけいがです。\n[F1:$02]がくぶちのうらを しらべるまでも\n[F1:$02]ないでしょう。
1446	1446	D6AD	D	96AD	34	plain	YES		0	0			65 05 1E 19 50 93 00 16 0D 1F 4E 00 15 0B 1F 2D 60 06 44 0E 29 2E 6E 70 60 0D 01 2A 7F 01 1A 15 3F FF	シュン「このおばさん いつまで あたまを\n[F1:$02]さげてるんでしょうね。\n[F1:$02]つかれないかなあ。	シュン「このおばさん いつまで あたまを\n[F1:$02]さげてるんでしょうね。\n[F1:$02]つかれないかなあ。
1447	1447	D6CF	D	96CF	31	plain	YES		0	0			65 1A 2E 4B 2B 17 00 05 2A 10 3D 36 60 15 15 00 63 35 00 01 06 0B 0E 6C 26 00 05 2A 10 35 FF	シュン「なんだろう これは…？\n[F1:$02]ああ ボス！ かさたてですよ これは！	シュン「なんだろう これは…？\n[F1:$02]ああ ボス！ かさたてですよ これは！
1448	1448	D6EE	D	96EE	49	plain	YES		0	0			65 19 24 36 00 15 0A 05 4E 00 0E 2D 12 2F 0E 29 94 41 60 16 68 3F 19 33 16 35 00 19 33 16 35 60 15 2A 36 00 16 2F 0C 30 16 69 3F 13 2E 1A 1E 72 FF	シュン「おや？ あそこで てをふってるひとが\n[F1:$02]います。おーい！ おーい！\n[F1:$02]あれ？ いっちゃいました。へんなの……。	シュン「おや？ あそこで てをふってるひとが\n[F1:$02]います。おーい！ おーい！\n[F1:$02]あれ？ いっちゃいました。へんなの……。
1449	1449	D71F	D	971F	16	plain	YES		0	0			65 CB 2D 1F 2C 29 00 25 17 27 2E 09 2E 6C 6F FF	シュン「あかんこをまわる ゆうらんせんですよ。	シュン「あかんこをまわる ゆうらんせんですよ。
1450	1450	D72F	D	972F	38	plain	YES		0	0			65 2C 46 2C 46 00 16 07 32 17 2D 01 28 0E 60 99 2D 0F 29 1A 2E 0E 00 04 2F 05 17 00 17 2A 07 41 28 60 85 6C 70 FF	シュン「わざわざ いしょうをかりて\n[F1:$02]しゃしんをとるなんて けっこう うれしがり\n[F1:$02]みたいですね。	シュン「わざわざ いしょうをかりて\n[F1:$02]しゃしんをとるなんて けっこう うれしがり\n[F1:$02]みたいですね。
1451	1451	D755	D	9755	31	plain	YES		0	0			65 01 2E 05 17 02 30 03 15 16 0E 76 99 24 93 4E 60 15 24 07 16 94 0F 23 00 7C 18 6A 41 3F FF	シュン「かんこうきゃくあいての しゃしんやさんで\n[F1:$02]あやしいひととも おもえませんが。	シュン「かんこうきゃくあいての しゃしんやさんで\n[F1:$02]あやしいひととも おもえませんが。
1452	1452	D774	D	9774	34	plain	YES		0	0			65 4F 2F 01 76 09 2E 4E 2E 86 1E 60 E4 27 16 0B 33 85 6C 70 60 53 0D 73 8A 0F 05 2B 75 7E 6A 41 3F FF	シュン「どっかの せんでんようの\n[F1:$02]ライターみたいですね。\n[F1:$02]べつに かわったところは ありませんが。	シュン「どっかの せんでんようの\n[F1:$02]ライターみたいですね。\n[F1:$02]べつに かわったところは ありませんが。
1453	1453	D796	D	9796	33	plain	YES		0	0			65 01 2E 50 2E 1E 17 27 23 00 20 0E 20 69 41 60 05 2A 16 47 32 17 1E 05 0F 75 01 16 0E 7E 6A 6F FF	シュン「かんばんのうらも みてみましたが\n[F1:$02]これいじょうのことは かいてありませんよ。	シュン「かんばんのうらも みてみましたが\n[F1:$02]これいじょうのことは かいてありませんよ。
1454	1454	D7B7	D	97B7	18	plain	YES		0	0			65 94 1A 0D 2F 05 0A 17 1A 00 50 2E 0F 17 93 6C 3F FF	シュン「ひとなつっこそうな ばんとうさんです。	シュン「ひとなつっこそうな ばんとうさんです。
1455	1455	D7C9	D	97C9	34	controlled	YES		0	2	ED82,ED86	F2,F2	F2 82 ED 18 13 13 00 63 3F 60 54 03 2F 0E 00 28 28 07 16 01 19 2D 07 0E 16 29 4E 07 32 3F F2 86 ED FF	[F2:$ED82]えへへ ボス。\n[F1:$02]ぼくって りりしいかおをしているでしょ。[F2:$ED86]	シュン「[F0:$A1]えへへ ボス。\n[F1:$02]ぼくって りりしいかおをしているでしょ。[F0:$A2]
1456	1456	D7EB	D	97EB	48	plain	YES		0	0			65 05 2E 1A 0F 05 2B 4E 00 15 2F 0B 1E 1B 60 10 48 01 07 41 2F 0E 16 29 86 08 75 7E 6A 3F 60 01 1E 47 32 00 04 2F 05 17 00 4B 16 0B 2E 6C 70 FF	シュン「こんなところで あったのに\n[F1:$02]はずかしがっているようすは ありません。\n[F1:$02]かのじょ けっこう だいたんですね。	シュン「こんなところで あったのに\n[F1:$02]はずかしがっているようすは ありません。\n[F1:$02]かのじょ けっこう だいたんですね。
1457	1457	D81B	D	981B	53	plain	YES		0	0			65 01 1E 47 32 00 02 24 09 08 29 E3 0B 16 57 1A 2E 6C 70 60 7C 2F 0B 26 28 00 21 1D 75 19 19 02 16 85 6C 3F 60 0F 3E 84 2D 16 2C 09 29 2E 6C 01 35 00 63 35 FF	シュン「かのじょ きやせするタイプなんですね。\n[F1:$02]おもったより むねは おおきいみたいです。\n[F1:$02]と、なにをいわせるんですか！ ボス！	シュン「かのじょ きやせするタイプなんですね。\n[F1:$02]おもったより むねは おおきいみたいです。\n[F1:$02]と、なにをいわせるんですか！ ボス！
1458	1458	D850	D	9850	85	controlled	YES		0	0		FC,FC,F8	FC 63 1D 18 00 4F 05 2D 20 0E 29 1E 36 60 8F 93 2F 0E 00 16 2F 0E 23 00 24 2F 55 28 00 8D 70 60 25 17 2C 03 07 0C 30 19 17 01 1A 3D 3F 1A 2E 0E 00 17 0A 6F 62 FC 63 4B 2F 0E 00 0A 2E 1A 05 0F 07 0B 27 00 AB 1B 60 07 01 27 2A 0A 17 4B 23 2E 70 F8 65 7B FF	[FC:$63]ねえ どこをみてるの？\n[F1:$02]けいじさんって いっても やっぱり おとこね。\n[F1:$02]ゆうわくしちゃおうかな…。なんて うそよ。\n[F1:$0A][FE][F9][FC:$63]だって そんなことしたら まきこに\n[F1:$02]しかられそうだもんね。\nシュン「え？ 	[FC:$63]ねえ どこをみてるの？\n[F1:$02]けいじさんって いっても やっぱり おとこね。\n[F1:$02]ゆうわくしちゃおうかな…。なんて うそよ。\n[F1:$0A][FE][F9][FC:$63]だって そんなことしたら まきこに\n[F1:$02]しかられそうだもんね。\nシュン「え？ 
1459	1459	D8A5	D	98A5	14	plain	YES		0	0			65 04 2F 05 17 00 15 0D 16 19 25 6C 6F FF	シュン「けっこう あついおゆですよ。	シュン「けっこう あついおゆですよ。
1460	1460	D8B3	D	98B3	21	plain	YES		0	0			65 05 1E 94 75 E4 15 55 33 0F 76 01 2E 28 1B 2E 93 60 6C 3F FF	シュン「このひとは アパートの かんりにんさん\n[F1:$02]です。	シュン「このひとは アパートの かんりにんさん\n[F1:$02]です。
1461	1461	D8C8	D	98C8	43	plain	YES		0	0			65 01 53 1B 10 2F 0E 15 29 1E 75 01 2C 16 16 E2 1D 05 1E 60 E4 16 27 08 0F 6C 70 60 16 24 33 00 01 1E 47 32 27 07 16 1A 15 72 FF	シュン「かべにはってあるのは かわいいネコの\n[F1:$02]イラストですね。\n[F1:$02]いやー かのじょらしいなあ……。	シュン「かべにはってあるのは かわいいネコの\n[F1:$02]イラストですね。\n[F1:$02]いやー かのじょらしいなあ……。
1462	1462	D8F3	D	98F3	42	plain	YES		0	0			65 E3 53 2F 0F 73 01 1E 47 32 76 0B 16 19 2E 10 60 1E 05 2F 0E 6A 3F 06 2F 02 1F 4E 16 0B 1A 2E 0E 05 0F 10 60 7F 85 6C 70 FF	シュン「ベットに かのじょの たいおんは\n[F1:$02]のこってません。さっきまでいたなんてことは\n[F1:$02]ないみたいですね。	シュン「ベットに かのじょの たいおんは\n[F1:$02]のこってません。さっきまでいたなんてことは\n[F1:$02]ないみたいですね。
1463	1463	D91D	D	991D	93	controlled	YES		0	1	7FA1	F2	65 05 3E 05 2A 78 AB 93 1E F2 A1 7F 72 62 65 4E 23 00 63 35 00 15 76 02 0C 32 17 22 2E 0A 17 1A 60 01 1E 47 32 78 1C 42 2F 55 1A 07 1E 1F 1F 60 4E 01 04 29 1A 2E 0E 00 19 01 07 03 7E 6A 71 62 65 26 2F 59 4F 00 15 2C 0E 0E 00 4E 01 04 29 00 28 25 17 4E 23 60 15 2F 0B 2E 6E 71 FF	シュン「こ、これが まきこさんの[F2:$7FA1]……。\n[F1:$0A][FE][F9]シュン「でも ボス！ あの きちょうめんそうな\n[F1:$02]かのじょが ぬぎっぱなしのまま\n[F1:$02]でかけるなんて おかしくありませんか？\n[F1:$0A][FE][F9]シュン「よっぽど あわてて でかける りゆうでも\n[F1:$02]あったんでしょうか？	シュン「こ、これが まきこさんのネグリジユ……。\n[F1:$0A][FE][F9]シュン「でも ボス！ あの きちょうめんそうな\n[F1:$02]かのじょが ぬぎっぱなしのまま\n[F1:$02]でかけるなんて おかしくありませんか？\n[F1:$0A][FE][F9]シュン「よっぽど あわてて でかける りゆうでも\n[F1:$02]あったんでしょうか？
1464	1464	D97A	D	997A	37	plain	YES		0	0			65 16 0D 23 00 01 1E 47 32 0F 16 2F 07 32 1A 2E 0E 60 16 24 33 00 17 27 24 1F 07 16 00 1C 16 43 29 20 6C 70 FF	シュン「いつも かのじょといっしょなんて\n[F1:$02]いやー うらやましい ぬいぐるみですね。	シュン「いつも かのじょといっしょなんて\n[F1:$02]いやー うらやましい ぬいぐるみですね。
1465	1465	D99F	D	999F	42	plain	YES		0	0			65 17 2E 36 00 05 2A 10 36 60 63 35 00 01 1E 47 32 76 01 20 1E 04 74 11 2B 16 69 3F 60 0F 03 07 0C 30 16 69 70 18 13 2F 3F FF	シュン「うん？ これは？\n[F1:$02]ボス！ かのじょの かみのけを ひろいました。\n[F1:$02]とくしちゃいましたね。えへっ。	シュン「うん？ これは？\n[F1:$02]ボス！ かのじょの かみのけを ひろいました。\n[F1:$02]とくしちゃいましたね。えへっ。
1466	1466	D9C9	D	99C9	16	plain	YES		0	0			65 05 2A 75 E3 1B 59 59 1B 2E 42 32 17 6C 3F FF	シュン「これは ニポポにんぎょうです。	シュン「これは ニポポにんぎょうです。
1467	1467	D9D9	D	99D9	39	plain	YES		0	0			65 04 16 21 07 32 76 16 28 43 0C 6C 3F 60 84 01 28 25 17 41 7F 0F 00 1A 01 1F 4E 75 B3 0E 60 23 27 18 7F 85 6C 70 FF	シュン「けいむしょの いりぐちです。\n[F1:$02]なにかりゆうがないと なかまでは みせて\n[F1:$02]もらえないみたいですね。	シュン「けいむしょの いりぐちです。\n[F1:$02]なにかりゆうがないと なかまでは みせて\n[F1:$02]もらえないみたいですね。
1468	1468	DA00	D	9A00	44	plain	YES		0	0			65 05 05 75 0B 2E 05 17 76 16 28 43 0C 6C 3F 60 0F 02 4F 02 00 16 07 05 2B 78 19 0C 0E 02 0B 28 07 0E 60 15 52 7F 01 2E 47 6C 70 FF	シュン「ここは たんこうの いりぐちです。\n[F1:$02]ときどき いしころが おちてきたりして\n[F1:$02]あぶないかんじですね。	シュン「ここは たんこうの いりぐちです。\n[F1:$02]ときどき いしころが おちてきたりして\n[F1:$02]あぶないかんじですね。
1469	1469	DA2C	D	9A2C	25	plain	YES		0	0			65 63 35 00 1A 2E 1B 2E 01 1E 60 20 4B 2A 0B 00 15 07 15 0F 78 7E 68 35 FF	シュン「ボス！ なんにんかの\n[F1:$02]みだれた あしあとが あります！	シュン「ボス！ なんにんかの\n[F1:$02]みだれた あしあとが あります！
1470	1470	DA45	D	9A45	10	controlled	YES		0	3	ED82,EC88,ED86	F2,F2,F2	F2 82 ED F2 88 EC F2 86 ED FF	[F2:$ED82][F2:$EC88][F2:$ED86]	シュン「[F0:$A1]ボス。しらべようとしましたが\n[F1:$02]てが とどきませんでした。[F0:$A2]
1471	1471	DA4F	D	9A4F	10	controlled	YES		0	3	ED82,EC9C,ED86	F2,F2,F2	F2 82 ED F2 9C EC F2 86 ED FF	[F2:$ED82][F2:$EC9C][F2:$ED86]	シュン「[F0:$A1]ボス。しらべるには\n[F1:$02]ちょっと とおすぎますよ。[F0:$A2]
1472	1472	DA59	D	9A59	10	controlled	YES		0	3	ED82,ECAD,ED86	F2,F2,F2	F2 82 ED F2 AD EC F2 86 ED FF	[F2:$ED82][F2:$ECAD][F2:$ED86]	シュン「[F0:$A1]え？ あんなところを\n[F1:$02]しらべろっていうんですか？\n[F1:$02]ボスも めちゃくちゃ いいますね。[F0:$A2]
1473	1473	DA63	D	9A63	32	plain	YES		0	0			65 07 27 53 0E 20 69 41 60 16 29 16 24 00 07 0B 42 29 16 75 1C 08 1F 2A 0E 60 16 7F 86 6C 35 FF	シュン「しらべてみましたが\n[F1:$02]いるいや したぎるいは ぬすまれて\n[F1:$02]いないようです！	シュン「しらべてみましたが\n[F1:$02]いるいや したぎるいは ぬすまれて\n[F1:$02]いないようです！
1474	1474	DC8E	D	9C8E	46	controlled	YES		0	2	E94F,DADB	F2,FC,F2	F2 4F E9 FC 63 15 2F 3E 05 2A 3E 07 2F 0E 29 6F 60 E3 1B 59 59 1B 2E 42 32 17 6E 3F 60 4E 23 3E 05 2A 78 4F 17 01 07 0B 1E 36 F2 DB DA FF	[F2:$E94F][FC:$63]あっ、これ、しってるよ。\n[F1:$02]ニポポにんぎょうでしょう。\n[F1:$02]でも、これが どうかしたの？[F2:$DADB]	シュン「[F0:$A1]ちょっと これをみてくれますか？[F0:$A2]\n[F1:$0A][FE][F9][FC:$63]あっ、これ、しってるよ。\n[F1:$02]ニポポにんぎょうでしょう。\n[F1:$02]でも、これが どうかしたの？\n[F1:$0A][FE][F9][F5:$11,$03]
1475	1475	DA83	D	9A83	73	controlled	YES		0	1	7FA1	F2	65 19 24 36 00 63 35 00 05 05 1B 15 2F 0B F2 A1 7F 41 60 1A 03 1A 2F 0E 16 68 3F 62 65 0F 00 7C 2F 0B 27 00 E3 53 2F 4F 76 07 0B 73 19 0C 0E 60 16 69 3F 16 2F 0B 16 00 AB 93 1E 20 1B 60 84 41 15 2F 0B 2E 6E 01 2F 38 FF	シュン「おや？ ボス！ ここにあった[F2:$7FA1]が\n[F1:$02]なくなっています。\n[F1:$0A][FE][F9]シュン「と おもったら ベッドの したに おちて\n[F1:$02]いました。いったい まきこさんのみに\n[F1:$02]なにがあったんでしょうかっ[GLYPH:$38]	シュン「おや？ ボス！ ここにあったネグリジユが\n[F1:$02]なくなっています。\n[F1:$0A][FE][F9]シュン「と おもったら ベッドの したに おちて\n[F1:$02]いました。いったい まきこさんのみに\n[F1:$02]なにがあったんでしょうかっ[GLYPH:$38]
1476	1476	490C	B	890C	36	plain	YES		0	0			65 16 1F 1E 0F 05 2B 00 1A 1F 18 78 7D 27 7F 1E 4E 60 99 D1 00 0F 00 19 54 18 0E 19 16 0E 03 4B 06 16 3F FF	シュン「いまのところ なまえが わからないので\n[F1:$02]しゃしん[GLYPH:$D1] と おぼえておいてください。	シュン「いまのところ なまえが わからないので\n[F1:$02]しゃしん[GLYPH:$D1] と おぼえておいてください。
1477	1477	1F76	A	9F76	25	controlled	NO	F2_INTERIOR|PTR_INTERIOR	0	3	E942,ED62,ED6A	F2,F2,F2	F2 42 E9 F2 62 ED 01 18 2F 0E 26 35 00 01 18 2F 0E 2F 0B 27 35 F2 6A ED FF	[F2:$E942][F2:$ED62]かえってよ！ かえってったら！[F2:$ED6A]	くろき「ちょっと これを みてくれますか？\n[F1:$0A][FE][F9]アケミ「[F0:$81]かえってよ！ かえってったら！[F0:$82]
1478	1478	DACC	D	9ACC	15	controlled	YES		0	2	ED82,ED86	F2,F2	F2 82 ED 4B 2A 1E 99 74 20 68 71 F2 86 ED FF	[F2:$ED82]だれのしゃしんを みますか？[F2:$ED86]	シュン「[F0:$A1]だれのしゃしんを みますか？[F0:$A2]
1479	1479	DADB	D	9ADB	5	controlled	YES		140	0		F5	62 F5 11 03 FF	\n[F1:$0A][FE][F9][F5:$11,$03]	\n[F1:$0A][FE][F9][F5:$11,$03]
1480	1480	DAE0	D	9AE0	10	controlled	YES		0	3	ED6D,E961,ED74	F2,F2,F2	F2 6D ED F2 61 E9 F2 74 ED FF	[F2:$ED6D][F2:$E961][F2:$ED74]	ルナ「[F0:$89]あら しゃしんは かんべんね。[F0:$8A]
1481	1481	DAEA	D	9AEA	11	plain	YES		0	0			65 4B 2A 74 0B 16 14 07 68 71 FF	シュン「だれを たいほしますか？	シュン「だれを たいほしますか？
1482	1482	3F73	A	BF73	4	controlled	YES		0	1	3F87	F2	F2 87 3F FF	[F2:$3F87]	[FC:$63][F0:$B1]わーい ありがとう。\n[F1:$02]しゃしんができたら あなたたちにも おくるね。[F0:$B2]
1483	1483	DAF5	D	9AF5	5	controlled	YES		0	1	E8BD	F2	65 F2 BD E8 FF	シュン「[F2:$E8BD]	シュン「もう このひとのしゃしんは\n[F1:$02]とってあります。
1484	1484	DAFA	D	9AFA	9	controlled	YES		0	1	DADB	F2	65 7D 28 69 3F F2 DB DA FF	シュン「わかりました。[F2:$DADB]	シュン「わかりました。\n[F1:$0A][FE][F9][F5:$11,$03]
1485	1485	2729	A	A729	4	controlled	YES		0	1	2352	F2	F2 52 23 FF	[F2:$2352]	おかみ「なんと ころされなさった[GLYPH:$38] あわわ……。\n[F1:$0A][FE][F9]
1486	1486	DB03	D	9B03	30	controlled	YES		0	2	E94F,DADB	F2,FC,F2	F2 4F E9 FC 4E 7B 05 2A 78 A5 93 71 60 01 19 2D 20 29 1E 75 10 47 22 0E 4B 3F F2 DB DA FF	[F2:$E94F][FC:$4E]え？ これが いいじまさんか？\n[F1:$02]かおをみるのは はじめてだ。[F2:$DADB]	シュン「[F0:$A1]ちょっと これをみてくれますか？[F0:$A2]\n[F1:$0A][FE][F9][FC:$4E]え？ これが いいじまさんか？\n[F1:$02]かおをみるのは はじめてだ。\n[F1:$0A][FE][F9][F5:$11,$03]
1487	1487	DB21	D	9B21	12	controlled	YES		0	3	E94F,EBBE,DADB	F2,FC,F2,F2	F2 4F E9 FC 4E F2 BE EB F2 DB DA FF	[F2:$E94F][FC:$4E][F2:$EBBE][F2:$DADB]	シュン「[F0:$A1]ちょっと これをみてくれますか？[F0:$A2]\n[F1:$0A][FE][F9][FC:$4E]さあ そういう なまえの ひとは\n[F1:$02]しらないね。\n[F1:$0A][FE][F9][F5:$11,$03]
1488	1488	2743	A	A743	4	controlled	YES		0	1	2502	F2	F2 02 25 FF	[F2:$2502]	くろき「おや かばんのしたに ハガキが\n[F1:$02]おちていました。
1489	1489	DB2D	D	9B2D	13	controlled	YES		0	4	E94F,EDA6,E9D5,EDAB	F2,F2,F2,F2	F2 4F E9 F2 A6 ED F2 D5 E9 F2 AB ED FF	[F2:$E94F][F2:$EDA6][F2:$E9D5][F2:$EDAB]	シュン「[F0:$A1]ちょっと これをみてくれますか？[F0:$A2]\n[F1:$0A][FE][F9][FC:$15][F0:$81]けいじさん いまさら そんなものを みせて\n[F1:$02]なんの おつもりですか？[F0:$82]
1490	1490	DB3A	D	9B3A	62	plain	YES		0	0			E2 29 1A 3A 10 16 00 B6 76 E2 29 1A 6C 41 72 60 15 27 00 05 1E 1F 18 76 8F 93 36 62 E2 29 1A 3A 16 1F 00 14 2F 01 16 4F 17 6C 2F 0E 36 60 0A 17 06 00 41 2E 50 2F 0E 00 03 4B 06 16 70 FF	ルナ「はい ルブランの ルナですが……。\n[F1:$02]あら このまえの けいじさん？\n[F1:$0A][FE][F9]ルナ「いま ほっかいどうですって？\n[F1:$02]そうさ がんばって くださいね。	ルナ「はい ルブランの ルナですが……。\n[F1:$02]あら このまえの けいじさん？\n[F1:$0A][FE][F9]ルナ「いま ほっかいどうですって？\n[F1:$02]そうさ がんばって くださいね。
1491	1491	DCBC	D	9CBC	49	controlled	YES		0	1	DADB	FC,F2	FC 63 15 2F 3E AB 70 48 16 52 2E 21 01 07 1E 60 99 4B 2C 3F 4E 23 3E 15 0F 1E 12 0B 28 10 60 07 27 7F 3F 18 2F 3E 25 01 28 93 1A 1E 36 F2 DB DA FF	[FC:$63]あっ、まきこね。ずいぶんむかしの\n[F1:$02]しゃしんだわ。でも、あとのふたりは\n[F1:$02]しらない。えっ、ゆかりさんなの？[F2:$DADB]	[FC:$63]あっ、まきこね。ずいぶんむかしの\n[F1:$02]しゃしんだわ。でも、あとのふたりは\n[F1:$02]しらない。えっ、ゆかりさんなの？\n[F1:$0A][FE][F9][F5:$11,$03]
1492	1492	DCED	D	9CED	27	plain	YES		0	0			65 E3 01 22 27 75 0C 32 17 07 78 2C 29 16 1E 4E 60 07 31 17 28 73 4B 07 69 3F FF	シュン「カメラは ちょうしが わるいので\n[F1:$02]しゅうりに だしました。	シュン「カメラは ちょうしが わるいので\n[F1:$02]しゅうりに だしました。
1493	1493	DD08	D	9D08	88	controlled	YES		0	0		FA,F8	65 0B 2E 05 17 7F 75 02 04 2E 6C 3F 60 10 16 29 1F 18 73 16 0C 4F 00 0A 17 06 E2 22 23 2D 60 0F 2F 0E 19 16 0B 14 17 78 16 16 0F 19 23 16 68 41 3F 62 FA F8 65 05 2A 78 16 1F 1F 4E 76 0A 17 06 E2 22 23 6C 3F 60 84 01 73 01 02 0F 22 0E 19 16 0E 03 4B 06 16 3F 62 FF	シュン「たんこうないは きけんです。\n[F1:$02]はいるまえに いちど そうさメモを\n[F1:$02]とっておいたほうが いいとおもいますが。\n[F1:$0A][FE][F9][FA]\nシュン「これが いままでの そうさメモです。\n[F1:$02]なにかに かきとめておいてください。\n[F1:$0A][FE][F9]	シュン「たんこうないは きけんです。\n[F1:$02]はいるまえに いちど そうさメモを\n[F1:$02]とっておいたほうが いいとおもいますが。\n[F1:$0A][FE][F9][FA]\nシュン「これが いままでの そうさメモです。\n[F1:$02]なにかに かきとめておいてください。\n[F1:$0A][FE][F9]
1494	1494	DD60	D	9D60	7	controlled	YES		0	2	3407,DADB	F2,F2	F2 07 34 F2 DB DA FF	[F2:$3407][F2:$DADB]	シュン「わかりました。\n[F1:$0A][FE][F9][F5:$11,$03]
1495	1495	DD67	D	9D67	8	controlled	YES		0	2	E94F,E985	F2,F2	F2 4F E9 66 F2 85 E9 FF	[F2:$E94F]＊「[F2:$E985]	シュン「[F0:$A1]ちょっと これをみてくれますか？[F0:$A2]\n[F1:$0A][FE][F9]＊「うーん。みたことが あるようなきもしますが \n[F1:$02]それが どこで いつだったかまでは……。\n[F1:$02]どうも すいません。\n[F1:$0A][FE][F9][F5:$11,$03]
1496	1496	DD6F	D	9D6F	8	controlled	YES		0	2	E94F,E9B5	F2,F2	F2 4F E9 66 F2 B5 E9 FF	[F2:$E94F]＊「[F2:$E9B5]	シュン「[F0:$A1]ちょっと これをみてくれますか？[F0:$A2]\n[F1:$0A][FE][F9]＊「なかなか かっぷくのいい ひと ですね。\n[F1:$02]いえ こころあたりが ありません。\n[F1:$0A][FE][F9][F5:$11,$03]
1497	1497	DD77	D	9D77	54	controlled	YES		0	0		FC	FC 63 D2 3E D3 01 16 00 01 19 2D 20 0B 05 0F 15 29 4B 04 4B 01 27 60 26 03 00 07 27 7F 2E 4B 04 4F 00 04 2F 05 17 60 41 2E 05 0A 17 1A 94 4B 2F 0B 01 1A 15 3F FF	[FC:$63][GLYPH:$D2]、[GLYPH:$D3]かい かおをみたことあるだけだから\n[F1:$02]よく しらないんだけど けっこう\n[F1:$02]がんこそうなひとだったかなあ。	[FC:$63][GLYPH:$D2]、[GLYPH:$D3]かい かおをみたことあるだけだから\n[F1:$02]よく しらないんだけど けっこう\n[F1:$02]がんこそうなひとだったかなあ。
1498	1498	DDAD	D	9DAD	34	controlled	YES		0	2	E94F,DADB	F2,F2	F2 4F E9 01 2E 28 1B 2E 3A 15 15 00 7C 16 4B 07 69 3F 60 1E 21 27 93 76 19 0F 17 93 6C 6F F2 DB DA FF	[F2:$E94F]かんりにん「ああ おもいだしました。\n[F1:$02]のむらさんの おとうさんですよ。[F2:$DADB]	シュン「[F0:$A1]ちょっと これをみてくれますか？[F0:$A2]\n[F1:$0A][FE][F9]かんりにん「ああ おもいだしました。\n[F1:$02]のむらさんの おとうさんですよ。\n[F1:$0A][FE][F9][F5:$11,$03]
1499	1499	DDCF	D	9DCF	82	plain	YES		0	0			65 7A 88 20 0E 02 68 3F 62 65 0C 01 03 76 42 2E 05 17 4E 00 0A 2A 87 94 41 60 1F 0F 1F 2F 0B 19 01 1D 74 19 2B 07 0E 16 0B 86 6C 3F 62 65 23 07 00 0A 1E 94 78 0A 17 4B 0F 08 29 0F 60 16 2F 0B 16 19 01 1D 2D 23 2F 0E 00 82 1B 16 2F 0B 2E 6E 3F FF	シュン「では ちょっと みてきます。\n[F1:$0A][FE][F9]シュン「ちかくの ぎんこうで それらしいひとが\n[F1:$02]まとまったおかねを おろしていたようです。\n[F1:$0A][FE][F9]シュン「もし そのひとが そうだとすると\n[F1:$02]いったいおかねをもって どこにいったんでしょう。	シュン「では ちょっと みてきます。\n[F1:$0A][FE][F9]シュン「ちかくの ぎんこうで それらしいひとが\n[F1:$02]まとまったおかねを おろしていたようです。\n[F1:$0A][FE][F9]シュン「もし そのひとが そうだとすると\n[F1:$02]いったいおかねをもって どこにいったんでしょう。
1500	1500	DE21	D	9E21	28	controlled	YES		0	2	ED82,ED86	F2,F2	F2 82 ED 16 1F 06 27 00 CF 1B 60 16 03 11 0D 86 75 7F 2E 7A 60 7F 6E 71 F2 86 ED FF	[F2:$ED82]いまさら みどりがおかに\n[F1:$02]いくひつようは ないんでは \n[F1:$02]ないでしょうか？[F2:$ED86]	シュン「[F0:$A1]いまさら みどりがおかに\n[F1:$02]いくひつようは ないんでは \n[F1:$02]ないでしょうか？[F0:$A2]
1501	1501	DE3D	D	9E3D	128	plain	YES		0	0			66 10 16 00 C5 39 11 4E 19 00 47 21 07 32 6C 41 3F 60 90 36 62 66 09 2E 09 16 1A 27 00 47 23 0F 4E 00 25 17 49 16 2D 08 29 0B 22 60 04 06 00 14 2F 01 16 4F 17 73 21 01 16 69 41 3F 62 66 16 1F 45 2B 75 0B 52 2E 00 B9 4B 0F 60 7C 16 68 6F 62 66 0D 16 06 2F 02 23 00 05 17 18 2E 01 16 4B 0F 16 17 60 8D 1E 94 01 27 00 9D 41 15 2F 0E 60 0A 1E 10 1A 07 74 07 0B 50 01 28 1A 2E 6C 41 70 FF	＊「はい あくつ・ひでお じむしょですが。\n[F1:$02]けいさつ？\n[F1:$0A][FE][F9]＊「せんせいなら じもとで ゆうぜいをするため\n[F1:$02]けさ ほっかいどうに むかいましたが。\n[F1:$0A][FE][F9]＊「いまごろは たぶん さっぽろだと\n[F1:$02]おもいますよ。\n[F1:$0A][FE][F9]＊「ついさっきも こうえんかいだという\n[F1:$02]おとこのひとから でんわがあって\n[F1:$02]そのはなしを したばかりなんですがね。	＊「はい あくつ・ひでお じむしょですが。\n[F1:$02]けいさつ？\n[F1:$0A][FE][F9]＊「せんせいなら じもとで ゆうぜいをするため\n[F1:$02]けさ ほっかいどうに むかいましたが。\n[F1:$0A][FE][F9]＊「いまごろは たぶん さっぽろだと\n[F1:$02]おもいますよ。\n[F1:$0A][FE][F9]＊「ついさっきも こうえんかいだという\n[F1:$02]おとこのひとから でんわがあって\n[F1:$02]そのはなしを したばかりなんですがね。
1502	1502	DEBD	D	9EBD	133	controlled	YES		0	6	ED5A,ED5F,ED5A,ED5F,ED5A,ED5F	F2,F2,F2,F2,F2,F2	F2 5A ED 8F 93 35 00 0C 32 17 4F 16 16 0F 05 2B 1B 35 60 0B 2F 0B 16 1F 00 A7 78 08 45 16 04 2F 0A 17 4E 60 0F 51 05 2E 4E 02 0E F2 5F ED 62 F2 5A ED 16 1F 1F 4E 00 19 09 2C 1B 1A 28 69 2F 0E 60 0A 2A 4B 04 16 17 0F 00 B3 76 E2 4E 50 54 17 0C 32 17 2D 60 23 2F 0E 00 B9 18 02 76 14 17 13 2F 35 F2 5F ED 62 F2 5A ED 16 2F 0B 16 00 4F 17 07 0B 1E 01 3E 60 80 00 2C 04 41 7D 27 1A 03 0E 72 F2 5F ED FF	[F2:$ED5A]けいじさん！ ちょうどいいところに！\n[F1:$02]たったいま ゲンさんが すごいけっそうで\n[F1:$02]とびこんできて[F2:$ED5F]\n[F1:$0A][FE][F9][F2:$ED5A]いままで おせわになりましたって\n[F1:$02]それだけいうと みせの デバぼうちょうを\n[F1:$02]もって さっぽろえきの ほうへっ！[F2:$ED5F]\n[F1:$0A][FE][F9][F2:$ED5A]いったい どうしたのか、\n[F1:$02]もう わけがわからなくて……。[F2:$ED5F]	おとこ「[F0:$81]けいじさん！ ちょうどいいところに！\n[F1:$02]たったいま ゲンさんが すごいけっそうで\n[F1:$02]とびこんできて[F0:$82]\n[F1:$0A][FE][F9]おとこ「[F0:$81]いままで おせわになりましたって\n[F1:$02]それだけいうと みせの デバぼうちょうを\n[F1:$02]もって さっぽろえきの ほうへっ！[F0:$82]\n[F1:$0A][FE][F9]おとこ「[F0:$81]いったい どうしたのか、\n[F1:$02]もう わけがわからなくて……。[F0:$82]
1503	1503	DF42	D	9F42	18	plain	YES		0	0			65 63 3F 0A 2A 26 28 00 10 24 03 00 B9 18 02 13 35 FF	シュン「ボス。それより はやく さっぽろえきへ！	シュン「ボス。それより はやく さっぽろえきへ！
1504	1504	DF54	D	9F54	25	controlled	YES		0	2	ED82,ED86	F2,F2	F2 82 ED 06 41 07 69 78 05 1E 15 0B 28 1B 10 60 16 7F 86 6C 3F F2 86 ED FF	[F2:$ED82]さがしましたが このあたりには\n[F1:$02]いないようです。[F2:$ED86]	シュン「[F0:$A1]さがしましたが このあたりには\n[F1:$02]いないようです。[F0:$A2]
1505	1505	DF6D	D	9F6D	32	controlled	YES		0	2	ED82,ED86	F2,F2	F2 82 ED 24 10 28 00 05 05 1B 75 16 6A 3F 60 16 2F 0B 16 00 82 1B 16 2F 0B 1E 6E 71 F2 86 ED FF	[F2:$ED82]やはり ここには いません。\n[F1:$02]いったい どこにいったのでしょうか？[F2:$ED86]	シュン「[F0:$A1]やはり ここには いません。\n[F1:$02]いったい どこにいったのでしょうか？[F0:$A2]
1506	1506	DF8D	D	9F8D	38	controlled	YES		0	4	ED82,ED86,ED82,ED86	F2,F2,F2,F2	F2 82 ED 7A 88 1F 2C 28 2D 00 20 0E 02 68 3F F2 86 ED 62 F2 82 ED 24 2F 55 28 00 20 0D 01 28 6A 6D 3F F2 86 ED FF	[F2:$ED82]では ちょっと まわりを みてきます。[F2:$ED86]\n[F1:$0A][FE][F9][F2:$ED82]やっぱり みつかりませんでした。[F2:$ED86]	シュン「[F0:$A1]では ちょっと まわりを みてきます。[F0:$A2]\n[F1:$0A][FE][F9]シュン「[F0:$A1]やっぱり みつかりませんでした。[F0:$A2]
1507	1507	DFB3	D	9FB3	52	plain	YES		0	0			65 23 07 01 08 29 0F 00 16 2A 16 11 73 10 1A 0B 50 2D 60 19 16 0E 16 2F 0B 0F 16 17 1E 78 0A 17 01 23 07 2A 6A 41 60 08 4E 73 05 05 1B 75 16 7F 86 6C 3F FF	シュン「もしかすると いれいひに はなたばを\n[F1:$02]おいていったというのが そうかもしれませんが\n[F1:$02]すでに ここには いないようです。	シュン「もしかすると いれいひに はなたばを\n[F1:$02]おいていったというのが そうかもしれませんが\n[F1:$02]すでに ここには いないようです。
1508	1508	DFE7	D	9FE7	89	controlled	YES		0	1	ECD1	F2	F2 D1 EC 65 63 35 00 20 0D 01 28 6A 6D 41 60 B8 18 02 76 18 02 16 2E 78 0A 2A 27 07 16 60 94 74 20 0E 16 69 3F 62 65 1A 2E 4E 23 00 D5 D0 03 27 16 76 8D 0F 60 D2 D0 03 27 16 76 47 32 09 16 76 12 0B 28 4D 2A 4E 60 03 07 2B 25 02 1E E3 02 2F 57 74 01 2F 0B 0F 01 72 FF	[F2:$ECD1]シュン「ボス！ みつかりませんでしたが\n[F1:$02]あばしりえきの えきいんが それらしい\n[F1:$02]ひとを みていました。\n[F1:$0A][FE][F9]シュン「なんでも [GLYPH:$D5][GLYPH:$D0]くらいの おとこと\n[F1:$02][GLYPH:$D2][GLYPH:$D0]くらいの じょせいの ふたりづれで\n[F1:$02]くしろゆきのキップを かったとか……。	シュン「[F0:$A1]では ちょっと みてきます。[F0:$A2]\n[F1:$0A][FE][F9]シュン「ボス！ みつかりませんでしたが\n[F1:$02]あばしりえきの えきいんが それらしい\n[F1:$02]ひとを みていました。\n[F1:$0A][FE][F9]シュン「なんでも [GLYPH:$D5][GLYPH:$D0]くらいの おとこと\n[F1:$02][GLYPH:$D2][GLYPH:$D0]くらいの じょせいの ふたりづれで\n[F1:$02]くしろゆきのキップを かったとか……。
1509	1509	E040	D	A040	93	controlled	YES		0	5	ECD1,ED82,ED86,ED82,ED86	F2,F2,F2,F2,F2	F2 D1 EC F2 82 ED 0C 01 03 1E 42 2E 05 17 4E 00 0A 2A 27 07 16 94 41 60 1F 0F 1F 2F 0B 19 01 1D 74 19 2B 07 0E 16 0B 86 6C 35 F2 86 ED 62 F2 82 ED 23 07 00 0A 1E 94 78 AB 93 0B 0C 60 4B 0F 08 29 0F 00 16 2F 0B 16 00 19 01 1D 2D 23 2F 0E 60 82 1B 00 16 2F 0B 2E 6E 71 F2 86 ED FF	[F2:$ECD1][F2:$ED82]ちかくのぎんこうで それらしいひとが\n[F1:$02]まとまったおかねを おろしていたようです！[F2:$ED86]\n[F1:$0A][FE][F9][F2:$ED82]もし そのひとが まきこさんたち\n[F1:$02]だとすると いったい おかねをもって\n[F1:$02]どこに いったんでしょうか？[F2:$ED86]	シュン「[F0:$A1]では ちょっと みてきます。[F0:$A2]\n[F1:$0A][FE][F9]シュン「[F0:$A1]ちかくのぎんこうで それらしいひとが\n[F1:$02]まとまったおかねを おろしていたようです！[F0:$A2]\n[F1:$0A][FE][F9]シュン「[F0:$A1]もし そのひとが まきこさんたち\n[F1:$02]だとすると いったい おかねをもって\n[F1:$02]どこに いったんでしょうか？[F0:$A2]
1510	1510	E09D	D	A09D	22	plain	YES		0	0			65 16 1F 06 27 00 CF 73 16 03 11 0D 86 10 60 7F 2E 7A 7F 6E 71 FF	シュン「いまさら みどりがおかに いくひつようは\n[F1:$02]ないんでは ないでしょうか？	シュン「いまさら みどりがおかに いくひつようは\n[F1:$02]ないんでは ないでしょうか？
1511	1511	E0B3	D	A0B3	107	plain	YES		0	0			65 20 0E 1E 0F 19 28 00 05 05 1B 75 16 6A 3F 60 15 2A 36 00 1F 2F 0E 03 4B 06 16 00 63 3F 62 65 25 01 1E 17 18 74 4B 2A 01 78 84 01 2D 60 06 41 07 0B 86 1A 15 0F 78 7E 68 3F 60 05 1E 1F 18 0F 00 86 08 78 0C 41 2F 0E 68 70 62 65 23 07 01 07 0E 00 0E 0C 32 17 1E 19 0F 07 1C 07 41 60 05 05 73 23 4F 2F 0E 02 0B 1E 6E 71 FF	シュン「みてのとおり ここには いません。\n[F1:$02]あれ？ まってください ボス。\n[F1:$0A][FE][F9]シュン「ゆかのうえを だれかが なにかを\n[F1:$02]さがしたようなあとが あります。\n[F1:$02]このまえと ようすが ちがってますね。\n[F1:$0A][FE][F9]シュン「もしかして てちょうのおとしぬしが\n[F1:$02]ここに もどってきたのでしょうか？	シュン「みてのとおり ここには いません。\n[F1:$02]あれ？ まってください ボス。\n[F1:$0A][FE][F9]シュン「ゆかのうえを だれかが なにかを\n[F1:$02]さがしたようなあとが あります。\n[F1:$02]このまえと ようすが ちがってますね。\n[F1:$0A][FE][F9]シュン「もしかして てちょうのおとしぬしが\n[F1:$02]ここに もどってきたのでしょうか？
1512	1512	E11E	D	A11E	147	controlled	NO	PTR_INTERIOR	0	4	ED89,ED8F,ED89,ED8F	F2,FC,FC,F2,F2,F2	F2 89 ED 1F 15 00 02 16 0E 03 4B 06 16 26 35 60 09 2E 47 0D 00 2C 01 16 8E 1E 94 41 60 24 2F 0E 02 0E 72 62 FC 4E 09 16 01 0D 76 0B 07 73 07 0E 03 4B 06 16 2F 0E 60 19 01 1D 74 19 16 0E 16 2F 0B 2E 6C 6F 62 FC 4E 15 0B 07 30 00 2C 04 78 7D 27 1A 03 0E 72 60 15 1E 05 00 17 0C 1E 0E 16 07 31 0F 00 84 01 60 15 2F 0B 2E 6E 71 F2 8F ED 62 F2 89 ED 18 36 00 17 0C 1E 94 0F 00 0A 2F 03 28 1A 94 36 60 16 18 00 0A 1E 05 75 94 28 6D 6F F2 8F ED FF	[F2:$ED89]まあ きいてくださいよ！\n[F1:$02]せんじつ わかいおんなのひとが\n[F1:$02]やってきて……。\n[F1:$0A][FE][F9][FC:$4E]せいかつの たしに してくださいって\n[F1:$02]おかねを おいていったんですよ。\n[F1:$0A][FE][F9][FC:$4E]あたしゃ わけが わからなくて……。\n[F1:$02]あのこ うちのていしゅと なにか\n[F1:$02]あったんでしょうか？[F2:$ED8F]\n[F1:$0A][FE][F9][F2:$ED89]え？ うちのひとと そっくりなひと？\n[F1:$02]いえ そのこは ひとりでしたよ。[F2:$ED8F]	[FC:$4E][F0:$00,$89]まあ きいてくださいよ！\n[F1:$02]せんじつ わかいおんなのひとが\n[F1:$02]やってきて……。\n[F1:$0A][FE][F9][FC:$4E]せいかつの たしに してくださいって\n[F1:$02]おかねを おいていったんですよ。\n[F1:$0A][FE][F9][FC:$4E]あたしゃ わけが わからなくて……。\n[F1:$02]あのこ うちのていしゅと なにか\n[F1:$02]あったんでしょうか？[F0:$08,$81]\n[F1:$0A][FE][F9][FC:$4E][F0:$00,$89]え？ うちのひとと そっくりなひと？\n[F1:$02]いえ そのこは ひとりでしたよ。[F0:$08,$81]
1513	1513	E1B1	D	A1B1	28	plain	YES		0	0			65 05 1E 94 73 16 2B 16 2B B3 0E 23 3E 60 80 00 07 01 0B 7F 0F 00 7C 16 68 41 3F FF	シュン「このひとに いろいろみせても、\n[F1:$02]もう しかたないと おもいますが。	シュン「このひとに いろいろみせても、\n[F1:$02]もう しかたないと おもいますが。
1514	1514	E1CD	D	A1CD	86	plain	YES		0	0			65 7A 88 16 2F 0E 00 07 27 53 0E 02 68 3F 62 65 63 35 00 06 2E 50 07 1E 0F 0C 31 17 1F 4E 00 E3 0B 16 24 1E 60 15 0F 41 7E 3E 84 24 27 00 7C 16 23 1E 2D 60 11 02 48 2F 0B 04 16 09 02 78 7E 69 3F 62 65 84 01 47 04 2E 0F 00 01 2E 04 16 60 15 29 1E 6E 01 3F FF	シュン「では ちょっと いって しらべてきます。\n[F1:$0A][FE][F9]シュン「ボス！ さんばしのとちゅうまで タイヤの\n[F1:$02]あとがあり、なにやら おもいものを\n[F1:$02]ひきずったけいせきが ありました。\n[F1:$0A][FE][F9]シュン「なにかじけんと かんけい\n[F1:$02]あるのでしょうか。	シュン「では ちょっと いって しらべてきます。\n[F1:$0A][FE][F9]シュン「ボス！ さんばしのとちゅうまで タイヤの\n[F1:$02]あとがあり、なにやら おもいものを\n[F1:$02]ひきずったけいせきが ありました。\n[F1:$0A][FE][F9]シュン「なにかじけんと かんけい\n[F1:$02]あるのでしょうか。
1515	1515	E223	D	A223	47	plain	YES		0	0			65 1A 2E 4E 23 47 23 0F 01 27 00 C5 0F 16 17 60 4B 16 47 2E 78 4E 29 27 07 16 6C 70 60 C8 75 0A 1E 11 32 17 50 2E 4E 00 23 0C 02 28 6C 3F FF	シュン「なんでもじもとから あくつという\n[F1:$02]だいじんが でるらしいですね。\n[F1:$02]まちは そのひょうばんで もちきりです。	シュン「なんでもじもとから あくつという\n[F1:$02]だいじんが でるらしいですね。\n[F1:$02]まちは そのひょうばんで もちきりです。
1516	1516	E252	D	A252	23	plain	YES		0	0			65 AB 93 0F 00 AC 93 10 60 80 00 01 18 2F 0C 30 2F 0B 00 85 6C 70 FF	シュン「まきこさんと めぐみさんは\n[F1:$02]もう かえっちゃった みたいですね。	シュン「まきこさんと めぐみさんは\n[F1:$02]もう かえっちゃった みたいですね。
1517	1517	E269	D	A269	123	plain	YES		0	0			65 19 24 36 00 01 20 02 2A 78 10 06 1F 2F 0E 16 68 6F 60 01 02 19 02 85 6C 70 62 65 47 32 09 16 76 23 47 4E 60 3D 3D 84 23 00 16 18 1A 03 0E 00 45 22 2E 1A 06 16 3D 3D 60 0F 3E 01 01 2A 0E 16 68 3F 62 65 05 3E 05 2A 10 3D 3D 36 00 23 3E 23 07 24 3D 3D 36 60 15 2F 35 62 65 01 49 4E 00 01 02 19 02 74 20 48 17 20 1B 60 19 0F 07 0E 07 1F 16 69 3F 60 08 16 6A 00 63 72 FF	シュン「おや？ かみきれが はさまっていますよ。\n[F1:$02]かきおきみたいですね。\n[F1:$0A][FE][F9]シュン「じょせいの もじで\n[F1:$02]……なにも いえなくて ごめんなさい……\n[F1:$02]と、かかれています。\n[F1:$0A][FE][F9]シュン「こ、これは……？ も、もしや……？\n[F1:$02]あっ！\n[F1:$0A][FE][F9]シュン「かぜで かきおきを みずうみに\n[F1:$02]おとしてしまいました。\n[F1:$02]すいません ボス……。	シュン「おや？ かみきれが はさまっていますよ。\n[F1:$02]かきおきみたいですね。\n[F1:$0A][FE][F9]シュン「じょせいの もじで\n[F1:$02]……なにも いえなくて ごめんなさい……\n[F1:$02]と、かかれています。\n[F1:$0A][FE][F9]シュン「こ、これは……？ も、もしや……？\n[F1:$02]あっ！\n[F1:$0A][FE][F9]シュン「かぜで かきおきを みずうみに\n[F1:$02]おとしてしまいました。\n[F1:$02]すいません ボス……。
1518	1518	E2E4	D	A2E4	19	plain	YES		0	0			65 01 02 19 02 78 10 06 1F 2F 0E 16 0B 0F 05 2B 6C 3F FF	シュン「かきおきが はさまっていたところです。	シュン「かきおきが はさまっていたところです。
1519	1519	E2F7	D	A2F7	7	controlled	YES		0	2	ECE0,ED10	F2,F2	F2 E0 EC F2 10 ED FF	[F2:$ECE0][F2:$ED10]	シュン「わあ！ いいのがきたなあ。\n[F1:$0A][FE][F9]シュン「これでいいや。\n[F1:$0A][FE][F9]
1520	1520	E2FE	D	A2FE	7	controlled	YES		0	2	ECF0,ED10	F2,F2	F2 F0 EC F2 10 ED FF	[F2:$ECF0][F2:$ED10]	シュン「うーん、どうしようかなあ。\n[F1:$0A][FE][F9]シュン「これでいいや。\n[F1:$0A][FE][F9]
1521	1521	E305	D	A305	7	controlled	YES		0	2	ECFF,ED10	F2,F2	F2 FF EC F2 10 ED FF	[F2:$ECFF][F2:$ED10]	シュン「うわっ！ まいっちゃったな。\n[F1:$0A][FE][F9]シュン「これでいいや。\n[F1:$0A][FE][F9]
1522	1522	E30C	D	A30C	4	controlled	YES		0	1	ED10	F2	F2 10 ED FF	[F2:$ED10]	シュン「これでいいや。\n[F1:$0A][FE][F9]
1523	1523	E310	D	A310	4	controlled	YES		0	1	ED27	F2	F2 27 ED FF	[F2:$ED27]	シュン「こりゃあ かったな。\n[F1:$0A][FE][F9]
1524	1524	E314	D	A314	4	controlled	YES		0	1	ED34	F2	F2 34 ED FF	[F2:$ED34]	シュン「やった。ばっちりだぜっ！\n[F1:$0A][FE][F9]
1525	1525	E318	D	A318	6	plain	YES		0	0			C5 3A 3D 3D 72 FF	あくつ「…………。	あくつ「…………。
1526	1526	E31E	D	A31E	54	plain	YES		0	0			65 11 02 4B 07 74 15 04 29 2E 6C 71 60 1A 1B 77 02 41 0F 41 22 29 1A 15 72 62 65 19 24 00 05 2A 75 1A 2E 4B 2B 17 3F 60 63 3F 0E 41 20 78 10 16 2F 0E 16 69 3F FF	シュン「ひきだしを あけるんですか？\n[F1:$02]なにか きがとがめるなあ……。\n[F1:$0A][FE][F9]シュン「おや これは なんだろう。\n[F1:$02]ボス。てがみが はいっていました。	シュン「ひきだしを あけるんですか？\n[F1:$02]なにか きがとがめるなあ……。\n[F1:$0A][FE][F9]シュン「おや これは なんだろう。\n[F1:$02]ボス。てがみが はいっていました。
1527	1527	E354	D	A354	20	plain	YES		0	0			65 26 2E 4E 20 69 41 3E 4F 17 24 27 00 29 08 1E 86 6C 3F FF	シュン「よんでみましたが、どうやら るすのようです。	シュン「よんでみましたが、どうやら るすのようです。
1528	1528	E368	D	A368	30	plain	YES		0	0			65 01 42 78 01 01 2F 0E 16 68 3F 60 46 2E 1D 2E 1A 41 27 00 1A 01 1B 75 10 16 2A 6A 3F FF	シュン「かぎが かかっています。\n[F1:$02]ざんねんながら なかには はいれません。	シュン「かぎが かかっています。\n[F1:$02]ざんねんながら なかには はいれません。
1529	1529	E386	D	A386	43	controlled	YES		0	2	ED82,ED86	F2,F2	F2 82 ED AB 93 75 4B 16 52 00 44 2E 02 1B 60 1A 2F 0B 86 6C 3F 63 35 00 10 24 03 60 A7 74 06 41 06 1A 03 0E 10 2F 35 F2 86 ED FF	[F2:$ED82]まきこさんは だいぶ げんきに\n[F1:$02]なったようです。ボス！ はやく\n[F1:$02]ゲンさんを さがさなくてはっ！[F2:$ED86]	シュン「[F0:$A1]まきこさんは だいぶ げんきに\n[F1:$02]なったようです。ボス！ はやく\n[F1:$02]ゲンさんを さがさなくてはっ！[F0:$A2]
1530	1530	E3B1	D	A3B1	18	controlled	YES		0	2	ED82,ED86	F2,F2	F2 82 ED E3 01 22 27 00 05 2C 2A 0B 00 D1 F2 86 ED FF	[F2:$ED82]カメラ こわれた [GLYPH:$D1][F2:$ED86]	シュン「[F0:$A1]カメラ こわれた [GLYPH:$D1][F0:$A2]
1531	1531	E3C3	D	A3C3	18	controlled	YES		0	2	ED82,ED86	F2,F2	F2 82 ED E3 01 22 27 00 05 2C 2A 0B 00 D2 F2 86 ED FF	[F2:$ED82]カメラ こわれた [GLYPH:$D2][F2:$ED86]	シュン「[F0:$A1]カメラ こわれた [GLYPH:$D2][F0:$A2]
1532	1532	E3D5	D	A3D5	18	controlled	YES		0	2	ED82,ED86	F2,F2	F2 82 ED E3 01 22 27 00 05 2C 2A 0B 00 D3 F2 86 ED FF	[F2:$ED82]カメラ こわれた [GLYPH:$D3][F2:$ED86]	シュン「[F0:$A1]カメラ こわれた [GLYPH:$D3][F0:$A2]
1533	1533	E3E7	D	A3E7	18	controlled	YES		0	2	ED82,ED86	F2,F2	F2 82 ED E3 01 22 27 00 05 2C 2A 0B 00 D4 F2 86 ED FF	[F2:$ED82]カメラ こわれた [GLYPH:$D4][F2:$ED86]	シュン「[F0:$A1]カメラ こわれた [GLYPH:$D4][F0:$A2]
1534	1534	E3F9	D	A3F9	20	controlled	YES		0	2	ED82,ED86	F2,F2	F2 82 ED E3 01 22 27 00 05 2C 2A 0E 1A 16 00 D1 F2 86 ED FF	[F2:$ED82]カメラ こわれてない [GLYPH:$D1][F2:$ED86]	シュン「[F0:$A1]カメラ こわれてない [GLYPH:$D1][F0:$A2]
1535	1535	E40D	D	A40D	20	controlled	YES		0	2	ED82,ED86	F2,F2	F2 82 ED E3 01 22 27 00 05 2C 2A 0E 1A 16 00 D2 F2 86 ED FF	[F2:$ED82]カメラ こわれてない [GLYPH:$D2][F2:$ED86]	シュン「[F0:$A1]カメラ こわれてない [GLYPH:$D2][F0:$A2]
1536	1536	E421	D	A421	20	controlled	YES		0	2	ED82,ED86	F2,F2	F2 82 ED E3 01 22 27 00 05 2C 2A 0E 1A 16 00 D3 F2 86 ED FF	[F2:$ED82]カメラ こわれてない [GLYPH:$D3][F2:$ED86]	シュン「[F0:$A1]カメラ こわれてない [GLYPH:$D3][F0:$A2]
1537	1537	E435	D	A435	20	controlled	YES		0	2	ED82,ED86	F2,F2	F2 82 ED E3 01 22 27 00 05 2C 2A 0E 1A 16 00 D4 F2 86 ED FF	[F2:$ED82]カメラ こわれてない [GLYPH:$D4][F2:$ED86]	シュン「[F0:$A1]カメラ こわれてない [GLYPH:$D4][F0:$A2]
1538	1538	E449	D	A449	37	plain	YES		0	0			65 63 75 19 0D 01 2A 1E 86 6C 3F 60 02 32 17 75 05 1E 13 2E 4E 00 19 24 08 20 1B 60 1A 2F 0E 10 4F 17 6E 71 FF	シュン「ボスは おつかれのようです。\n[F1:$02]きょうは このへんで おやすみに\n[F1:$02]なってはどうでしょうか？	シュン「ボスは おつかれのようです。\n[F1:$02]きょうは このへんで おやすみに\n[F1:$02]なってはどうでしょうか？
1539	1539	E46E	D	A46E	35	controlled	YES		0	2	EC64,EC7C	F2,F2	F2 64 EC 65 16 2F 0B 16 00 AB 93 75 82 1B 36 60 63 3F 23 2E 53 0D 76 0E 2E 54 17 4B 16 1B 60 F2 7C EC FF	[F2:$EC64]シュン「いったい まきこさんは どこに？\n[F1:$02]ボス。もんべつの てんぼうだいに\n[F1:$02][F2:$EC7C]	シュン「さあ そうさを ぞっこうしましょう！\n[F1:$0A][FE][F9]シュン「ところで ボス。\n[F1:$02]ぼくは おもうんですがね……。\n[F1:$0A][FE][F9]シュン「いったい まきこさんは どこに？\n[F1:$02]ボス。もんべつの てんぼうだいに\n[F1:$02]いってみてはどうでしょうか？\n[F1:$0A][FE][F9]
1540	1540	E491	D	A491	14	controlled	YES		0	1	EC64	F2	F2 64 EC 65 B8 73 16 2F 0E 20 6A 71 62 FF	[F2:$EC64]シュン「あばしりに いってみませんか？\n[F1:$0A][FE][F9]	シュン「さあ そうさを ぞっこうしましょう！\n[F1:$0A][FE][F9]シュン「ところで ボス。\n[F1:$02]ぼくは おもうんですがね……。\n[F1:$0A][FE][F9]シュン「あばしりに いってみませんか？\n[F1:$0A][FE][F9]
1541	1541	E49F	D	A49F	16	controlled	YES		0	1	EC64	F2	F2 64 EC 65 03 07 2B 73 16 2F 0E 20 6A 71 62 FF	[F2:$EC64]シュン「くしろに いってみませんか？\n[F1:$0A][FE][F9]	シュン「さあ そうさを ぞっこうしましょう！\n[F1:$0A][FE][F9]シュン「ところで ボス。\n[F1:$02]ぼくは おもうんですがね……。\n[F1:$0A][FE][F9]シュン「くしろに いってみませんか？\n[F1:$0A][FE][F9]
1542	1542	E4AF	D	A4AF	43	controlled	YES		0	1	EC64	F2	F2 64 EC 65 03 07 2B 76 42 2E 05 17 4E 00 19 01 1D 2D 60 19 2B 07 0B 15 0F 00 AB 93 19 24 05 10 60 82 73 16 2F 0B 2E 6E 71 62 FF	[F2:$EC64]シュン「くしろの ぎんこうで おかねを\n[F1:$02]おろしたあと まきこさんおやこは\n[F1:$02]どこに いったんでしょうか？\n[F1:$0A][FE][F9]	シュン「さあ そうさを ぞっこうしましょう！\n[F1:$0A][FE][F9]シュン「ところで ボス。\n[F1:$02]ぼくは おもうんですがね……。\n[F1:$0A][FE][F9]シュン「くしろの ぎんこうで おかねを\n[F1:$02]おろしたあと まきこさんおやこは\n[F1:$02]どこに いったんでしょうか？\n[F1:$0A][FE][F9]
1543	1543	E4DA	D	A4DA	44	controlled	YES		0	1	EC64	F2	F2 64 EC 65 A7 75 C5 74 1D 27 2F 0E 16 29 2E 6C 35 60 23 07 00 C5 76 16 4F 05 2B 78 7D 2A 50 60 23 07 01 08 29 0F 00 A7 23 72 62 FF	[F2:$EC64]シュン「ゲンさんは あくつを ねらっているんです！\n[F1:$02]もし あくつの いどころが わかれば\n[F1:$02]もしかすると ゲンさんも……。\n[F1:$0A][FE][F9]	シュン「さあ そうさを ぞっこうしましょう！\n[F1:$0A][FE][F9]シュン「ところで ボス。\n[F1:$02]ぼくは おもうんですがね……。\n[F1:$0A][FE][F9]シュン「ゲンさんは あくつを ねらっているんです！\n[F1:$02]もし あくつの いどころが わかれば\n[F1:$02]もしかすると ゲンさんも……。\n[F1:$0A][FE][F9]
1544	1544	E506	D	A506	10	controlled	YES		0	3	ED89,E977,ED8F	F2,F2,F2	F2 89 ED F2 77 E9 F2 8F ED FF	[F2:$ED89][F2:$E977][F2:$ED8F]	[FC:$4E][F0:$00,$89]ますだ たえ だが。[F0:$08,$81]
1545	1545	E510	D	A510	14	controlled	YES		0	4	ED43,ED82,ED4E,ED86	F2,F8,F2,F2,F2	F2 43 ED F8 F2 82 ED F2 4E ED F2 86 ED FF	[F2:$ED43]\n[F2:$ED82][F2:$ED4E][F2:$ED86]	＊「…………………………。\nシュン「[F0:$A1]あれ？ きれちゃいました。[F0:$A2]
1546	1546	E51E	D	A51E	23	controlled	YES		0	2	E8D6,E8E2	F2,F2	F2 D6 E8 14 2F 01 16 4F 17 4E 60 2A 2E 06 06 0D 47 2E 36 F2 E2 E8 FF	[F2:$E8D6]ほっかいどうで\n[F1:$02]れんささつじん？[F2:$E8E2]	けいさつ「はい [GLYPH:$D1][GLYPH:$D1][GLYPH:$D0]です！ ほっかいどうで\n[F1:$02]れんささつじん？\n[F1:$0A][FE][F9]けいさつ「ああ そのじけんでしたら もう けいさつが。\n[F1:$02]え？ なに？ あなたが そのけいじ？\n[F1:$02]ふざけないでくださいよ！
1547	1547	E535	D	A535	22	plain	YES		0	0			65 1F 0B 00 AB 93 1E 13 24 2D 60 07 27 53 29 2E 6C 01 3F 63 36 FF	シュン「また まきこさんのへやを\n[F1:$02]しらべるんですか。ボス？	シュン「また まきこさんのへやを\n[F1:$02]しらべるんですか。ボス？
1548	1548	E54B	D	A54B	16	controlled	YES		0	1	1535	F2	F2 35 15 64 11 02 1B 44 1E 00 22 2F 09 33 44 FF	[F2:$1535]くろき「ひきにげの めっせーげ	くろき「では あたりにいるひとに\n[F1:$02]ききこみをしてみましょう。[F0:$A2]\n[F1:$0A][FE][F9]くろき「ひきにげの めっせーげ
1549	1549	E55B	D	A55B	11	controlled	YES		0	3	EDAE,E9F6,EDB3	F2,F2,F2	F2 AE ED A4 F2 F6 E9 F2 B3 ED FF	[F2:$EDAE]ますだ[F2:$E9F6][F2:$EDB3]	[FC:$63][F0:$B1]ますだ……？\n[F1:$02]そんな なまえのひと しらないわ。\n[F1:$02]まきこは しってる？[F0:$B2]\n[F1:$0A][FE][F9][FC:$5C][F0:$A9]……。いいえ しらないわ。[F0:$AA][F0:$B2]
1550	1550	E566	D	A566	11	controlled	YES		0	3	EDAE,E9F6,EDB3	F2,F2,F2	F2 AE ED A5 F2 F6 E9 F2 B3 ED FF	[F2:$EDAE]いいじま[F2:$E9F6][F2:$EDB3]	[FC:$63][F0:$B1]いいじま……？\n[F1:$02]そんな なまえのひと しらないわ。\n[F1:$02]まきこは しってる？[F0:$B2]\n[F1:$0A][FE][F9][FC:$5C][F0:$A9]……。いいえ しらないわ。[F0:$AA][F0:$B2]
1551	1551	E571	D	A571	32	plain	YES		0	0		F8	66 E6 2C 2E 00 2C 2E 2F F8 65 63 35 00 16 1C 73 19 05 27 2A 0C 30 2F 0B 47 30 60 7F 6C 01 35 FF	＊「ワン ワンッ\nシュン「ボス！ いぬに おこられちゃったじゃ\n[F1:$02]ないですか！	＊「ワン ワンッ\nシュン「ボス！ いぬに おこられちゃったじゃ\n[F1:$02]ないですか！
1552	1552	E591	D	A591	67	plain	YES		0	0			65 04 2E 52 0D 1B 2E 6C 70 2C 01 19 03 93 12 17 6C 3F 60 11 4B 28 1E 94 10 3E D2 D8 06 16 03 27 16 3F 60 20 42 1E 94 10 3E D3 D0 08 42 01 1A 15 72 62 65 0F 3E 84 2D 16 2C 09 29 2E 6C 01 35 00 63 3F FF	シュン「けんぶつにんですね。わかおくさんふうです。\n[F1:$02]ひだりのひとは、[GLYPH:$D2][GLYPH:$D8]さいくらい。\n[F1:$02]みぎのひとは、[GLYPH:$D3][GLYPH:$D0]すぎかなあ……。\n[F1:$0A][FE][F9]シュン「と、なにをいわせるんですか！ ボス。	シュン「けんぶつにんですね。わかおくさんふうです。\n[F1:$02]ひだりのひとは、[GLYPH:$D2][GLYPH:$D8]さいくらい。\n[F1:$02]みぎのひとは、[GLYPH:$D3][GLYPH:$D0]すぎかなあ……。\n[F1:$0A][FE][F9]シュン「と、なにをいわせるんですか！ ボス。
1553	1553	E5D4	D	A5D4	16	plain	YES		0	0			65 05 05 1B 75 2C 2A 2C 2A 07 77 16 6A 41 3F FF	シュン「ここには われわれしか いませんが。	シュン「ここには われわれしか いませんが。
1554	1554	E5E4	D	A5E4	21	controlled	YES		0	2	E94F,DADB	F2,F2	F2 4F E9 66 18 33 2F 3E 07 27 7F 3F 05 2E 1A 94 3F F2 DB DA FF	[F2:$E94F]＊「えーっ、しらない。こんなひと。[F2:$DADB]	シュン「[F0:$A1]ちょっと これをみてくれますか？[F0:$A2]\n[F1:$0A][FE][F9]＊「えーっ、しらない。こんなひと。\n[F1:$0A][FE][F9][F5:$11,$03]
1555	1555	E5F9	D	A5F9	39	controlled	YES		0	2	E94F,DADB	F2,F2	F2 4F E9 66 15 2F 3E 05 2A 00 17 0C 1B 23 15 29 3F 60 E3 1B 59 59 1B 2E 42 32 17 2F 0E 16 17 2E 4B 26 70 F2 DB DA FF	[F2:$E94F]＊「あっ、これ うちにもある。\n[F1:$02]ニポポにんぎょうっていうんだよね。[F2:$DADB]	シュン「[F0:$A1]ちょっと これをみてくれますか？[F0:$A2]\n[F1:$0A][FE][F9]＊「あっ、これ うちにもある。\n[F1:$02]ニポポにんぎょうっていうんだよね。\n[F1:$0A][FE][F9][F5:$11,$03]
1556	1556	E620	D	A620	71	plain	YES		0	0			66 10 16 3F 02 0B 10 1F E3 14 0E 29 6C 3F 60 E3 4B 52 29 4E 07 0B 27 3E D8 D7 D0 D0 18 2E 4E 60 19 0F 28 4E 02 1F 08 41 72 62 66 18 2F 36 00 04 16 06 0D 36 60 16 0B 48 27 4E 2E 2C 10 00 24 22 0E 03 4B 06 16 3F FF	＊「はい。きたはまホテルです。\n[F1:$02]ダブルでしたら、[GLYPH:$D8][GLYPH:$D7][GLYPH:$D0][GLYPH:$D0]えんで\n[F1:$02]おとりできますが……。\n[F1:$0A][FE][F9]＊「えっ？ けいさつ？\n[F1:$02]いたずらでんわは やめてください。	＊「はい。きたはまホテルです。\n[F1:$02]ダブルでしたら、[GLYPH:$D8][GLYPH:$D7][GLYPH:$D0][GLYPH:$D0]えんで\n[F1:$02]おとりできますが……。\n[F1:$0A][FE][F9]＊「えっ？ けいさつ？\n[F1:$02]いたずらでんわは やめてください。
1557	1557	E667	D	A667	63	plain	YES		0	0			65 63 3E 10 1A 07 0C 31 17 20 0B 16 6C 1D 3F 62 65 15 0F 4E 23 17 D1 01 16 00 4E 2E 2C 08 29 0F 07 0E 3E 60 05 1E 13 24 1E 1A 01 2D 00 23 17 08 05 07 60 06 41 07 0E 00 20 1F 09 2E 01 36 FF	シュン「ボス、はなしちゅうみたいですね。\n[F1:$0A][FE][F9]シュン「あとでもう[GLYPH:$D1]かい でんわするとして、\n[F1:$02]このへやのなかを もうすこし\n[F1:$02]さがして みませんか？	シュン「ボス、はなしちゅうみたいですね。\n[F1:$0A][FE][F9]シュン「あとでもう[GLYPH:$D1]かい でんわするとして、\n[F1:$02]このへやのなかを もうすこし\n[F1:$02]さがして みませんか？
1558	1558	E6A6	D	A6A6	21	plain	YES		0	0			1F 02 05 00 0B 08 04 0B 15 0F 1E 00 22 2F 09 33 47 00 1A 16 FF	まきこ たすけたあとの めっせーじ ない	まきこ たすけたあとの めっせーじ ない
1559	1559	E6BB	D	A6BB	5	controlled	YES		0	1	EC88	F2	64 F2 88 EC FF	くろき「[F2:$EC88]	くろき「ボス。しらべようとしましたが\n[F1:$02]てが とどきませんでした。
1560	1560	E6C0	D	A6C0	5	controlled	YES		0	1	EC9C	F2	64 F2 9C EC FF	くろき「[F2:$EC9C]	くろき「ボス。しらべるには\n[F1:$02]ちょっと とおすぎますよ。
1561	1561	E6C5	D	A6C5	5	controlled	YES		0	1	ECAD	F2	64 F2 AD EC FF	くろき「[F2:$ECAD]	くろき「え？ あんなところを\n[F1:$02]しらべろっていうんですか？\n[F1:$02]ボスも めちゃくちゃ いいますね。
1562	1562	E6CA	D	A6CA	34	plain	YES		0	0			65 15 2A 75 54 03 0B 0C 1E 03 29 1F 6C 3F 60 1A 1B 01 00 2C 08 2A 23 1E 4E 23 00 07 0B 2E 6C 01 36 FF	シュン「あれは ぼくたちのくるまです。\n[F1:$02]なにか わすれものでも したんですか？	シュン「あれは ぼくたちのくるまです。\n[F1:$02]なにか わすれものでも したんですか？
1563	1563	E6EC	D	A6EC	8	controlled	YES		0	2	E94F,E819	F2,F2	F2 4F E9 66 F2 19 E8 FF	[F2:$E94F]＊「[F2:$E819]	シュン「[F0:$A1]ちょっと これをみてくれますか？[F0:$A2]\n[F1:$0A][FE][F9]＊「なんですか これ？
1564	1564	E6F4	D	A6F4	8	controlled	YES		0	1	E94F	F2	F2 4F E9 66 06 15 72 FF	[F2:$E94F]＊「さあ……。	シュン「[F0:$A1]ちょっと これをみてくれますか？[F0:$A2]\n[F1:$0A][FE][F9]＊「さあ……。
1565	1565	E6FC	D	A6FC	21	controlled	YES		0	1	E94F	F2	F2 4F E9 66 05 2A 2D 20 0E 00 4F 17 1A 29 2F 0E 16 17 1E 36 FF	[F2:$E94F]＊「これをみて どうなるっていうの？	シュン「[F0:$A1]ちょっと これをみてくれますか？[F0:$A2]\n[F1:$0A][FE][F9]＊「これをみて どうなるっていうの？
1566	1566	E711	D	A711	17	controlled	YES		0	1	E94F	F2	F2 4F E9 66 0C 32 2F 0F 00 2C 01 27 1A 16 6C 3F FF	[F2:$E94F]＊「ちょっと わからないです。	シュン「[F0:$A1]ちょっと これをみてくれますか？[F0:$A2]\n[F1:$0A][FE][F9]＊「ちょっと わからないです。
1567	1567	8256	C	8256	33	controlled	YES		0	1	DADB	F2	65 15 00 05 2A 1B 75 AB 93 0F 00 0C 0C 19 24 41 60 16 2F 07 32 73 17 0D 2F 0E 16 68 3F F2 DB DA FF	シュン「あ これには まきこさんと ちちおやが\n[F1:$02]いっしょに うつっています。[F2:$DADB]	シュン「あ これには まきこさんと ちちおやが\n[F1:$02]いっしょに うつっています。\n[F1:$0A][FE][F9][F5:$11,$03]
1568	1568	E722	D	A722	10	controlled	YES		0	3	ED89,EBBE,ED8F	F2,F2,F2	F2 89 ED F2 BE EB F2 8F ED FF	[F2:$ED89][F2:$EBBE][F2:$ED8F]	[FC:$4E][F0:$00,$89]さあ そういう なまえの ひとは\n[F1:$02]しらないね。[F0:$08,$81]
1569	1569	E72C	D	A72C	35	plain	YES		0	0			65 01 42 41 00 01 01 2F 0E 16 1F 08 3F 60 46 2E 1D 2E 1A 41 27 00 1A 01 1B 10 60 10 16 2A 1F 09 2E 3F FF	シュン「かぎが かかっています。\n[F1:$02]ざんねんながら なかには\n[F1:$02]はいれません。	シュン「かぎが かかっています。\n[F1:$02]ざんねんながら なかには\n[F1:$02]はいれません。
1570	1570	E74F	D	A74F	101	controlled	YES		0	0		F3,F3,FD,F3	66 23 07 23 07 00 04 16 52 00 F3 06 1F 36 60 15 15 3D 00 19 9D 74 03 4B 06 29 1A 2E 0E 60 1F 29 4E 00 25 22 1E 86 00 6C 2C 72 62 66 F3 06 1F 76 44 2E 46 16 1E 60 0E 2E 08 17 75 FD 00 0E 2E 00 6C 3F 62 66 41 2E 50 2F 0E 03 4B 06 16 70 60 F3 06 1F 1E 05 0F 74 19 92 60 23 17 07 0E 19 28 68 3F 59 2F 3F FF	＊「もしもし けいぶ [F3]さま？\n[F1:$02]ああ… おでんわを くださるなんて\n[F1:$02]まるで ゆめのよう ですわ……。\n[F1:$0A][FE][F9]＊「[F3]さまの げんざいの\n[F1:$02]てんすうは [FD:$00]てん です。\n[F1:$0A][FE][F9]＊「がんばってくださいね。\n[F1:$02][F3]さまのことを おしたい\n[F1:$02]もうしております。ぽっ。	＊「もしもし けいぶ [F3]さま？\n[F1:$02]ああ… おでんわを くださるなんて\n[F1:$02]まるで ゆめのよう ですわ……。\n[F1:$0A][FE][F9]＊「[F3]さまの げんざいの\n[F1:$02]てんすうは [FD:$00]てん です。\n[F1:$0A][FE][F9]＊「がんばってくださいね。\n[F1:$02][F3]さまのことを おしたい\n[F1:$02]もうしております。ぽっ。
1571	1571	E7B4	D	A7B4	7	controlled	YES		0	1	EC37	F2	65 D1 D5 F2 37 EC FF	シュン「[GLYPH:$D1][GLYPH:$D5][F2:$EC37]	シュン「[GLYPH:$D1][GLYPH:$D5]まい ですね。\n[F1:$02]では ぼくから ひきます。\n[F1:$0A][FE][F9]
