id	bank8k	prg_offset	file_offset	capacity	display_limit	original_hex	original_text	translation	ui_width	ui_lines	wrapped_preview	encoded_length
D0001	02	04001	04011	23		05 99 FF 92 85 AE 85 A7 AC A2 93 A1 FF 8E 82 8A 95 92 AE 85 88 8F BF	J.B.は てがかりをもとめ そうさにでかけた。	J.B. отправился искать улики.	26	4	J.B. отправился искать | улики.	26
D0002	02	04019	04029	38		D9 C1 FF 05 FF A9 81 98 8B AE 88 AD 99 93 AE 82 FE FF 80 94 8F 94 A6 8B AE 88 AD AC FF 85 81 88 91 92 AE 86 A8 AB	ハイ J.B. れいのじけんはどう？ あなたならじけんを かいけつできるわ	Привет,J.B.,как дело?Ты ведь раскроешь его.	26	4	Привет,J.B.,как дело?Ты | ведь раскроешь его.	40
D0003	02	04040	04050	10		05 FF 85 AE AD 99 AE B0 92 97	J.B. がんばってね	Удачи J.B.	26	4	Удачи J.B.	7
D0004	02	0404B	0405B	14		05 FF C9 FC DA FC 92 AE A2 81 85 85 AE FE	J.B. コーヒーでもいかが？	J.B.,выпьешь кофе?	26	4	J.B.,выпьешь кофе?	15
D0005	02	0405A	0406A	29		91 85 A9 92 81 A8 AD 8B AE B1 94 81 FE FF 85 A6 8F AE 85 AE FF 8B AD 99 AF 81 8F AE AB	つかれているんじゃない？ からだが しんぱいだわ	Ты не устал?Я за тебя волнуюсь.	26	4	Ты не устал?Я за тебя | волнуюсь.	31
D0006	02	04078	04088	28		8E 82 8A 99 93 AE 82 0A 85 FE FF 85 AD 8B 86 98 89 93 99 9E 85 8D 92 87 8F AE 8A 81	そうさはどうですか？ かんしきのことはまかせてください	Как дело?Экспертизу оставь мне.	26	4	Как дело?Экспертизу оставь | мне.	31
D0007	02	04095	040A5	11		94 95 85 FF 9F 91 85 A7 0C 85 FE	なにか みつかりましたか？	Что нашли?	26	4	Что нашли?	10
D0008	02	040A1	040B1	17		81 81 92 85 AE 85 A7 85 AE FF 9F 91 85 A7 0C 85 FE	いいてがかりが みつかりましたか？	Есть хорошие улики?	26	4	Есть хорошие улики?	19
D0009	02	040B3	040C3	40		8B AE 88 AD 85 81 88 91 98 FF 92 85 AE 85 A7 85 AE 80 A8 85 A2 8B A9 94 81 BF FF 05 99 FF 8B A7 B3 82 AC 9F 91 A1 8F BF	じけんかいけつの てがかりがあるかもしれない。 J.B.は しりょうをみつめた。	Тут может быть ключ к делу.J.B. изучил архив.	26	4	Тут может быть ключ к | делу.J.B. изучил архив.	42
D0010	02	040DC	040EC	31		05 99 FF 85 85 AB A7 85 AE 80 A7 8E 82 94 FF 8B AE 88 AD 98 8B A7 B3 82 AC 8A 85 AE 8B 8F BF	J.B.は かかわりがありそうな じけんのしりょうをさがした。	J.B. искал дела связанные с этим.	26	4	J.B. искал дела связанные | с этим.	30
D0011	02	040FC	0410C	27		D9 EA E8 D3 AE 87 AD FF 8B AD 89 82 8B AE B3 82 86 B3 82 99 FF 93 AE 82 85 97 BF	ハロルドくん しんこうじょうきょうは どうかね。	Харолд как идёт расследование?	26	4	Харолд как идёт | расследование?	30
D0012	02	04118	04128	29		8E 82 8A 95 99 FF 9D 82 92 86 94 92 91 91 AE 86 85 AE FF 9A 91 A5 82 94 AD 8F AE 8E AE	そうさには ほうてきなてつづきが ひつようなんだぞ	Следствие требует законных процедур.	26	4	Следствие требует законных | процедур.	36
D0013	02	04136	04146	10		86 B3 85 98 8B AD 8D 81 85 97	きょかのしんせいかね	Просишь ордер?	26	4	Просишь ордер?	14
D0014	02	04141	04151	21		84 A2 87 A8 8B 81 87 82 86 85 AE FF 8F 8F AE A5 B0 92 81 8F BF	おもくるしいくうきが ただよっていた。	В воздухе висело тяжёлое молчание.	26	4	В воздухе висело тяжёлое | молчание.	34
D0015	02	04157	04167	20		A5 82 86 AE 8B B1 99 FF 9B 80 AD 94 A5 82 8C 0A AB B0 8F BF	ようぎしゃは ふあんなようすですわった。	Подозреваемый нервно сидел.	26	4	Подозреваемый нервно | сидел.	27
D0016	02	0416C	0417C	23		A5 99 AE A9 8F A5 82 86 AE 8B B1 99 FF 8F AE A9 A2 81 94 85 B0 8F BF	よばれたようぎしゃは だれもいなかった。	Никого из вызванных не было.	26	4	Никого из вызванных не | было.	28
D0017	02	04184	04194	27		D9 EA E8 D3 AE 87 AD FF 8C 92 AE 95 99 B0 89 82 8C AE 9F 8B AE B1 94 81 85 97 FE	ハロルドくん すでにはっこうずみじゃないかね？	Харолд этот ордер уже выдан?	26	4	Харолд этот ордер уже | выдан?	28
D0018	02	041A0	041B0	40		9E 8F AE FF 99 AD 95 AD 85 AE AB 85 A6 94 81 98 85 BF FF A1 AD A2 87 95 85 88 92 FF 99 A3 87 FF 85 81 88 91 8B 92 87 A9	まだ はんにんがわからないのか。 めんもくにかけて はやく かいけつしてくれ	Убийца ещё не найден?Раскрой дело скорее.	26	4	Убийца ещё не | найден?Раскрой дело | скорее.	41
D0019	02	041C9	041D9	20		05 99 FF 8B B3 82 89 9A AD 99 FF A2 B0 92 81 94 85 B0 8F BF	J.B.は しょうこひんは もっていなかった。	У J.B. не было улик.	26	4	У J.B. не было улик.	17
D0020	02	041DE	041EE	24		88 B0 85 AC FF 86 85 A9 92 A2 FF 94 95 A2 9F 8D 92 A2 A6 B0 92 81 08 A5	けっかを きかれても なにもみせてもらっていませんよ	Что я скажу если вы ничего не показали?	26	4	Что я скажу если вы ничего | не показали?	39
D0021	02	041F7	04207	43		86 AE AD 8D 81 0A BF F6 C3 CC BF C3 E0 F7 93 FF C1 D5 CB F1 E8 85 AE 80 A7 9E 8C BF FF 88 B0 89 AD BF 8B A2 AD FF 93 A2 95 94 8B	ぎんせいです。「エス。エム」と イニシャルがあります。 けっこん。しもん ともになし	Серебро.Инициалы С.М.Крови и отпечатков нет.	26	4	Серебро.Инициалы С.М.Крови | и отпечатков нет.	44
D0022	02	04223	04233	88		8D 81 A1 81 9D 88 AD 98 FF 88 81 A3 87 8B B3 0A BF FF 99 B0 89 82 99 F6 D9 FC D3 BF CD C1 DB F7 FF ED 90 87 95 80 A7 9E 8C BF FF 85 95 B2 82 8B B1 99 0B BF EA DA AE EC CC AE FF 85 88 86 AD 99 B5 B4 B4 9E AD D3 AE E8 FF 82 88 93 A7 95 AD 99 FF CB AE F1 D7 F0 D3 0A	せいめいほけんの けいやくしょです。 はっこうは「ハート。セイフ」 Aちくにあります。 かにゅうしゃはビル。ロビヲズ かけきんは100まんドル うけとりにんは ジャネットです	Полис жизни от Харт-Сейф,район A.Билл Роббинс,1 млн.Получатель Джанет.	26	4	Полис жизни от | Харт-Сейф,район A.Билл | Роббинс,1 млн.Получатель | Джанет.	70
D0023	02	0427C	0428C	30		EA EC C7 AE DC C0 FC 98 85 91 A6 0A BF FF 9C AD 8E 82 95 FF 91 85 B0 8F 98 85 A2 8B A9 08	ロヲグヘアーのかつらです。 へんそうに つかったのかもしれません	Парик из длинных волос.Возможно для маскировки.	26	4	Парик из длинных | волос.Возможно для | маскировки.	47
D0024	02	0429B	042AB	92		92 85 AE 9F 0A BF FF F6 80 81 8C A8 C3 CC BF C3 E0 9C BF BF 94 8D AE FF 80 AD 94 84 93 89 93 0D 9D AD 93 95 80 81 8B 92 81 A8 98 99 FF 9D AE 87 8F AE 88 8F AE BF 80 81 91 AC 89 AA 8B 92 A2 FF 86 9F AC 0D F7 FF 8A 8B 8F AE 8B 95 AD 99 FF DB E9 F0 D3 AE BF EA DA AE EC CC AE 0A	てがみです。 「あいするエス。エムへ。。なぜ あんなおとこと・・・ほんとにあいしているのは ぼくだけだ。あいつをころしても きみを・・・」 さしだしにんは フレッド。ロビヲズです	Письмо любимой С.М.Зачем тебе он?Люблю тебя лишь я.Я убью его.Автор Фред Роббинс.	26	4	Письмо любимой С.М.Зачем | тебе он?Люблю тебя лишь | я.Я убью его.Автор Фред | Роббинс.	81
D0025	02	042F8	04308	83		B6 B6 89 82 88 81 98 D2 AE E7 EC CB AE F1 FC FF 8B AE B3 8D 81 98 89 AE 8B AD A5 82 0A 97 BF FF 99 B0 9D AF 82 98 88 81 8D 86 85 AE FF 80 A7 9E 8C BF 8B A2 AD 99 FF CB C3 E7 FC BF DE C7 D3 AE D4 E8 D3 AE 93 E6 E8 DB BF C6 F1 E7 EC D3 EC 98 A2 98 0A	22こうけいのデリヲジャー じょせいのごしんようですね。 はっぽうのけいせきが あります。しもんは シエリー。マクドナルドとラルフ。キャリヲトヲのものです	Дерринджер 22 калибра.Женское оружие.Стреляли.Отпечатки Шелли и Ральфа.	26	4	Дерринджер 22 | калибра.Женское | оружие.Стреляли.Отпечатки | Шелли и Ральфа.	71
D0026	02	0434C	0435C	22		CB E8 C7 98 CC C5 FC DB 0A BF 88 91 83 86 85 AE 8F 99 FF ED EE 0A	シルクのスカーフです。けつえきがたは ABです	Шёлковый шарф.Кровь AB.	26	4	Шёлковый шарф.Кровь AB.	23
D0027	02	04363	04373	56		95 87 86 A7 A5 82 D4 C1 DB 0A BF 86 B3 82 86 93 FF 81 B0 90 8C A8 FF 84 84 86 8A 0A BF FF 88 B0 89 AD 85 AE 80 A7 9E 8C BF FF 88 91 83 86 85 AE 8F 99 ED EE 85 AE 8F 0A	にくきりようナイフです。きょうきと いっちする おおきさです。 けっこんがあります。 けつえきがたはABがたです	Нож для мяса.Размер совпадает.Есть кровь.Кровь группы AB.	26	4	Нож для мяса.Размер | совпадает.Есть кровь.Кровь | группы AB.	57
D0028	02	0439D	043AD	61		9B A8 81 8B B1 8B AD 0A BF FF 9B 8F A7 98 8F AE AD 8D 81 98 80 81 8F AE 95 FF 84 AD 94 98 89 85 AE 9A 93 A7 FF 9A 8F AE A7 98 8F AE AD 8D 81 99 FF 9E 91 99 AE 91 AE 83 AC 8B 92 9E 8C	ふるいしゃしんです。 ふたりのだんせいのあいだに おんなのこがひとり ひだりのだんせいは まつばづえをしてます	Старое фото.Девочка между двух мужчин.Слева мужчина на костылях.	26	4	Старое фото.Девочка между | двух мужчин.Слева мужчина | на костылях.	64
D0029	02	043DB	043EB	57		89 A9 99 8B AE AD 89 91 0A BF FF 8B AE B2 82 8F AE AD 92 AE FF 9F 86 AE 80 8B AC 82 8F A9 92 9E 8C BF FF DC AE D3 D4 E0 92 AE 92 AE A2 FF A3 A6 A9 8F 98 92 AE 8B B3 82 85	これはじんこつです。 じゅうだんで みぎあしをうたれてます。 ベトナムででも やられたのでしょうか	Человеческая кость.Правая нога прострелена.Возможно,рана с войны.	26	4	Человеческая кость.Правая | нога | прострелена.Возможно,рана | с войны.	65
D0030	02	04415	04425	57		8B AD 9B AE AD 98 86 A7 96 86 0A BF F6 E7 D9 AE D2 C1 BF D9 AE EC C7 84 82 A7 B3 82 8B AE 88 AD FF A1 81 86 B2 82 81 A7 85 FE F7 FF B6 B4 97 AD 9E 83 98 86 8B AE 0A A5 BF	しんぶんのきりぬきです。「リバテイ。バヲクおうりょうじけん めいきゅういりか？」 20ねんまえのきじですよ。	Газетная вырезка.Дело о растрате Либерти Банк закрыто?Статья 20 лет назад.	26	4	Газетная вырезка.Дело о | растрате Либерти Банк | закрыто?Статья 20 лет | назад.	74
D0031	02	0444F	0445F	31		80 84 81 E9 EC CC AE 0A 97 BF 89 A9 AC 8C A8 93 FF 9A 93 9F 98 81 AA 85 AE 85 AB A7 9E 8C A5	あおいレヲズですね。これをすると ひとみのいろがかわりますよ	Голубые линзы.Они меняют цвет глаз.	26	4	Голубые линзы.Они меняют | цвет глаз.	35
D0032	02	04470	04480	64		8B B2 8B AE B2 91 A5 82 98 FF E1 CC 0A BF 86 B3 82 86 98 FF 85 98 82 8D 81 A2 80 A7 9E 8C 85 AE FF 8B B3 82 93 AE 87 8A A9 92 81 92 FF 8B A2 AD A2 FF 88 B0 89 AD A2 FF 99 B0 88 AD 92 AE 86 08	しゅじゅつようの メスです。きょうきの かのうせいもありますが しょうどくされていて しもんも けっこんも はっけんできません	Хирургический скальпель.Мог быть оружием.Но чист.Отпечатков и крови нет.	26	4	Хирургический | скальпель.Мог быть | оружием.Но чист.Отпечатков | и крови нет.	72
D0033	02	044B1	044C1	59		89 A9 99 FF FB FB C5 EC D9 AF D5 FC 98 FF 85 87 8B 90 B3 82 9D AE 0A BF FF 85 94 A7 98 8B B1 B0 86 AD 85 AE FF 80 A7 9E 8C BF 88 81 83 81 99 FF 8E 82 93 82 80 B0 85 8B 92 9E 8C	これは HHカヲパニーの かくしちょうぼです。 かなりのしゃっきんが あります。けいえいは そうとうあっかしてます	Тайная книга HH Компания.Долгов много.Дела очень плохи.	26	4	Тайная книга HH | Компания.Долгов много.Дела | очень плохи.	55
D0034	02	044ED	044FD	77		CC CF EC E7 FC BF D9 EB FC D3 AE 98 FF E7 D9 AE D2 C1 BF D9 AE EC C7 98 91 82 90 B3 82 0A BF FF 8C AE B0 93 FF 8A AE AD 8F AE 85 85 AE 94 85 B0 8F 98 95 FF 8D AD 88 AE 91 9E 91 95 FF 8F 81 86 AD 85 AE 95 B2 82 86 AD 8A A9 92 9E 8C	スタヲリー。ハワードの リバテイ。バヲクのつうちょうです。 ずっと ざんだかがなかったのに せんげつまつに たいきんがにゅうきんされてます	Книжка Стэнли Ховарда,Либерти Банк.Денег не было.Но месяц назад внесли крупную сумму.	26	4	Книжка Стэнли | Ховарда,Либерти Банк.Денег | не было.Но месяц назад | внесли крупную сумму.	85
D0035	02	0453B	0454B	63		B7 B4 9E AD D3 AE E8 98 FF 8B B1 87 A5 82 8B B3 0A BF 85 8B 96 8B 99 0B BF EA DA AE EC CC AE FF 85 A7 92 81 8F 98 99 D3 D5 FC BF DD E8 D2 AE C1 EC C7 AE FF 86 88 AE AD 99 FF 8C 86 AE 92 09	30まんドルの しゃくようしょです。かしぬしはビル。ロビヲズ かりていたのはトニー。ホルデイヲグ きげんは すぎています	Долг 300000.Билл Роббинс дал Тони Холдингу.Срок уже прошёл.	26	4	Долг 300000.Билл Роббинс | дал Тони Холдингу.Срок уже | прошёл.	59
D0036	02	0457B	0458B	77		F6 E9 F0 D3 AE CF C1 C7 E6 DB AE 85 81 81 AD A1 81 9D AE F7 FF CB AE E0 BF DE C7 DC AE C1 EC FF C3 D3 AE EB FC D3 AE BF EA DA AE EC CC AE FF CA C1 E2 EC BF E9 EC D2 AE E8 FF DC EC E7 FC BF C7 E9 C1 EC 98 94 9E 83 85 AE 80 A7 9E 8C	「レッドタイクラブかいいんめいぼ」 ジム。マクベイヲ エドワード。ロビヲズ サイモヲ。レヲデル ヘヲリー。クレイヲのなまえがあります	Список Ред-Тай Клуб.Джим Макбейн,Эдвард Роббинс,Саймон Ренделл,Генри Клейн.	26	4	Список Ред-Тай Клуб.Джим | Макбейн,Эдвард | Роббинс,Саймон | Ренделл,Генри Клейн.	75
D0037	02	045C9	045D9	21		F6 E7 D9 AE D2 C1 BF D9 AE EC C7 84 82 A7 B3 82 8B AE 88 AD F7	「リバテイ。バヲクおうりょうじけん」	Дело о растрате Либерти Банк.	26	4	Дело о растрате Либерти | Банк.	29
D0038	02	045DF	045EF	49		B5 BD BA BA 97 AD BC 85 AE 91 FF E7 D9 AE D2 C1 BF D9 AE EC C7 95 84 81 92 FF 8F 85 AE 87 98 FF 8B 93 9B A1 81 86 AD 85 AE FF 99 B0 85 87 8B 8F BF	1966ねん8がつ リバテイ。バヲクにおいて たがくの しとふめいきんが はっかくした。	Август 1966.В Либерти Банк обнаружена крупная недостача.	26	4	Август 1966.В Либерти Банк | обнаружена крупная | недостача.	56
D0039	02	04611	04621	68		8C 81 93 82 85 AE 85 A7 FF DC EC E7 FC BF C7 E9 C1 EC F6 B7 B6 8A 81 F7 85 AE FF 84 82 A7 B3 82 98 A5 82 86 AE 92 AE FF 8B A6 9C AE AC 82 88 A8 85 AE FF 8B B3 82 89 85 AE 8F A6 8C AE FF 8B B1 87 9D 82 BF	すいとうがかり ヘヲリー。クレイヲ「32さい」が おうりょうのようぎで しらべをうけるが しょうこがたらず しゃくほう。	Кассир Генри Клейн,32.Подозревался в растрате,но доказательств не хватило.	26	4	Кассир Генри | Клейн,32.Подозревался в | растрате,но доказательств | не хватило.	74
D0040	02	04656	04666	52		9E A2 94 87 DC EC E7 FC BF C7 E9 C1 EC 98 8B FF 93 81 82 C0 C7 CB D2 AE EC D3 92 AE FF 8E 98 8F 98 FF 92 85 AE 85 A7 85 AE 94 87 FF A1 81 86 B2 82 81 A7 BF	まもなくヘヲリー。クレイヲのし というアクシデヲトで そのたの てがかりがなく めいきゅういり。	Вскоре Клейн погиб.После этого следы пропали.Дело закрыли.	26	4	Вскоре Клейн погиб.После | этого следы пропали.Дело | закрыли.	58
D0041	02	0468B	0469B	21		F6 CF AE C2 EC CC AE DA E8 CC AE 9D AE 82 89 82 8B AE 88 AD F7	「ダウヲズヒルズぼうこうじけん」	Нападение на Даунс Хиллс.	26	4	Нападение на Даунс Хиллс.	25
D0042	02	046A1	046B1	70		B5 BD BC B7 97 AD FF B8 85 AE 91 FF B6 B7 95 90 9F A1 81 FF DA AF C0 D5 CC D3 FF CA E6 BF CB FC E8 CC AE F6 B6 B5 8A 81 F7 85 AE FF CF AE C2 EC CC AE DA E8 CC AE 9D AE 90 FF 90 85 87 92 AE FF 84 8E AB A9 8F BF	1983ねん 4がつ 23にちみめい ピアニスト サラ。シールズ「21さい」が ダウヲズヒルズぼち ちかくで おそわれた。	23 апреля 1983.Ночью пианистка Сара Шилдс,21 год,была атакована у кладбища.	26	4	23 апреля 1983.Ночью | пианистка Сара Шилдс,21 | год,была атакована у | кладбища.	75
D0043	02	046E8	046F8	37		86 AC 82 8B 94 B0 92 81 A8 93 89 AA AC FF 99 B0 88 AD 8A A9 A8 FF 99 AD 95 AD 99 8C 92 AE 95 FF 93 82 8E 82 BF	きをうしなっているところを はっけんされる はんにんはすでに とうそう。	Её нашли без сознания.Преступник скрылся.	26	4	Её нашли без | сознания.Преступник | скрылся.	41
D0044	02	0470E	0471E	40		8D AE AD 90 FF B6 8B B2 82 85 AD 98 88 85 AE BF FF 92 85 AE 85 A7 85 AE 94 8B BF FF 8E 82 8A 88 81 8E AE 87 90 B2 82 BF	ぜんち 2しゅうかんのけが。 てがかりがなし。 そうさけいぞくちゅう。	Травмы на 2 недели.Улик нет.Дело открыто.	26	4	Травмы на 2 недели.Улик | нет.Дело открыто.	41
D0045	02	04737	04747	15		F6 C7 E9 C1 EC 92 81 9D 82 85 8B AE 88 AD F7	「クレイヲていほうかじけん」	Пожар в доме Клейна.	26	4	Пожар в доме Клейна.	20
D0046	02	04747	04757	53		B5 BD BA BA 97 AD FF BD 85 AE 91 FF B7 B4 95 90 9F A1 81 FF 8D 81 D8 FC CC 86 B3 82 85 81 90 85 87 98 DC EC E7 FC BF C7 E9 C1 EC 92 81 A5 A7 FF 8B B2 B0 85 BF	1966ねん 9がつ 30にちみめい せいノースきょうかいちかくのヘヲリー。クレイヲていより しゅっか。	30 сентября 1966.Ночью загорелся дом Генри Клейна у церкви Сент Норт.	26	4	30 сентября 1966.Ночью | загорелся дом Генри Клейна | у церкви Сент Норт.	69
D0047	02	0477D	0478D	47		85 84 87 99 8D AE AD 8B B3 82 FF C7 E9 C1 EC 8A AD 99 FF 8B B3 82 8B 8F 81 92 AE 99 B0 88 AD BF FF 9B 8B AD 9A AE 98 82 8F 85 AE 81 80 A7 BF	かおくはぜんしょう クレイヲさんは しょうしたいではっけん。 ふしんびのうたがいあり。	Дом сгорел.Клейн найден обгоревшим.Есть подозрение на поджог.	26	4	Дом сгорел.Клейн найден | обгоревшим.Есть подозрение | на поджог.	61
D0048	02	047AD	047BD	28		9D 82 85 8B AE 88 AD 93 8B 92 FF 8E 82 8A 8A A9 8F 85 AE FF A1 81 86 B2 82 81 A7 BF	ほうかじけんとして そうさされたが めいきゅういり。	Расследовали как поджог,но дело закрыли.	26	4	Расследовали как поджог,но | дело закрыли.	40
D0049	02	047CA	047DA	33		93 82 94 AD 9A AD A1 81 FC 8B AE B3 82 A5 82 8B B1 FC 8B AA BF BC BA 97 AD 85 AE 8F DB C4 FC D3 AE	とうなんひんめいーじょうようしゃーしろ。86ねんがたフオード	Кража.Авто.Белый Форд 1986.	26	4	Кража.Авто.Белый Форд | 1986.	27
D0050	02	047EC	047FC	43		9A 85 AE 81 93 93 AE 88 A2 93 FC EA DA AE EC CC AE 8B B3 82 85 81 FF 85 81 90 B3 82 FF C3 D3 AE EB FC D3 AE BF EA DA AE EC CC AE	ひがいとどけもとーロビヲズしょうかい かいちょう エドワード。ロビヲズ	Заявитель Эдвард Роббинс глава Роббинс Компани.	26	4	Заявитель Эдвард Роббинс | глава Роббинс Компани.	47
D0051	02	04818	04828	35		93 82 94 AD 99 AE 8B B3 FF FC EF 90 87 F6 EA DA AE EC CC AE 8B B3 82 85 81 90 B2 82 8B B1 8B AE B3 82 F7	とうなんばしょ ーCちく「ロビヲズしょうかいちゅうしゃじょう」	Место.Район C.Стоянка Роббинс Компани.	26	4	Место.Район C.Стоянка | Роббинс Компани.	38
D0052	02	0483C	0484C	27		90 B2 82 8B B1 90 B2 82 95 FF 85 86 AE AC 89 AB 8A A9 92 96 8C 9E A9 8F A2 A5 82	ちゅうしゃちゅうに かぎをこわされてぬすまれたもよう	Взломали замок припаркованной машины.	26	4	Взломали замок | припаркованной машины.	37
D0053	02	04858	04868	24		93 82 94 AD 9A AD A1 81 FC 93 88 81 FC 95 9D AD 8D 81 82 92 AE 93 88 81	とうなんひんめいーとけいーにほんせいうでとけい	Кража.Японские наручные часы.	26	4	Кража.Японские наручные | часы.	29
D0054	02	04871	04881	45		9A 85 AE 81 93 93 AE 88 A2 93 FC ED 90 87 F6 DD D2 E8 C7 AE E6 EC D3 AE F7 FF 8B 99 81 95 AD FF EA D9 AE FC D3 BF C4 CC AE DD AE FC EC	ひがいとどけもとーAちく「ホテルグラヲド」 しはいにん ロバート。オズボーヲ	Заявитель.Отель Гранд,район A.Роберт Осборн.	26	4	Заявитель.Отель | Гранд,район A.Роберт | Осборн.	44
D0055	02	0489F	048AF	13		93 82 94 AD 99 AE 8B B3 FF FC 9B A1 81	とうなんばしょ ーふめい	Место неизвестно.	26	4	Место неизвестно.	17
D0056	02	048AD	048BD	25		93 9E A7 86 B1 87 98 A2 90 A2 98 85 A6 FF 94 87 94 B0 8F 93 98 93 93 AE 88	とまりきゃくのもちものから なくなったとのとどけ	Гость сообщил что часы пропали.	26	4	Гость сообщил что часы | пропали.	31
D0057	02	048C7	048D7	19		93 82 94 AD 9A AD A1 81 FC D4 C1 DB FC 95 87 86 A7 A5 82	とうなんひんめいーナイフーにくきりよう	Кража.Нож для мяса.	26	4	Кража.Нож для мяса.	19
D0058	02	048DB	048EB	44		9A 85 AE 81 93 93 AE 88 A2 93 FC EE 90 87 F6 DA AE C5 AE FC CC AE CC D3 C0 F7 FF 8B B2 8B AE AD CF AE D5 FC BF DA AE C5 AE FC CC AE	ひがいとどけもとーBちく「ビガーズストア」 しゅじんダニー。ビガーズ	Заявитель.Биггерс Стор,район B.Дэнни Биггерс.	26	4	Заявитель.Биггерс | Стор,район B.Дэнни | Биггерс.	45
D0059	02	04908	04918	14		93 82 94 AD 99 AE 8B B3 FF FC 92 AD 93 82	とうなんばしょ ーてんとう	Место магазин.	26	4	Место магазин.	14
D0060	02	04917	04927	26		92 AD 8B B2 A5 A7 FF 9F 8D 98 8F 94 85 A6 FF 96 8C 9E A9 8F 93 98 93 93 AE 88	てんしゅより みせのたなから ぬすまれたとのとどけ	Хозяин сообщил что нож украли с полки.	26	4	Хозяин сообщил что нож | украли с полки.	38
D0061	02	0493E	0494E	29		D9 EA E8 D3 AE 87 AD FF 90 B3 82 8A A2 8D 8C AE 95 A9 81 8B AE B3 82 99 FF 93 A9 AD A5	ハロルドくん ちょうさもせずにれいじょうは とれんよ	Харолд без расследования ордер не дам.	26	4	Харолд без расследования | ордер не дам.	38
D0062	02	0495C	0496C	33		81 9E 98 FF 8E 82 8A 92 AE 99 FF 85 8F 87 8E 82 8A 98 9A 91 A5 82 99 FF 94 81 93 84 A2 82 85 AE 97	いまの そうさでは かたくそうさのひつようは ないとおもうがね	Сейчас обыск не нужен.	26	4	Сейчас обыск не нужен.	22
D0063	02	0497E	0498E	21		AB 85 B0 8F BF 85 8F 87 8E 82 8A 98 86 B3 85 AC 8F AE 8E 82 BF	わかった。かたくそうさのきょかをだそう。	Хорошо.Даю ордер на обыск.	26	4	Хорошо.Даю ордер на обыск.	26
D0064	02	04994	049A4	48		94 95 AC 85 AD 85 AE 83 92 A8 AD 8F AE FF 8E 82 8A A2 8D 8C AE 95 FF 8F 81 9D 8B AE B3 82 AC 93 A8 94 93 AE FF 81 81 85 88 AE AD 95 8B 8F 9E 83	なにをかんがえてるんだ そうさもせずに たいほじょうをとるなど いいかげんにしたまえ	Ты что творишь?Без следствия ордер на арест не дам.	26	4	Ты что творишь?Без | следствия ордер на арест | не дам.	51
D0065	02	049C5	049D5	45		07 95 99 FF 8F 81 9D 8B AE B3 82 AC FF 8F AE 8C 9D 93 AE 98 8B B3 82 89 85 AE FF 8E AA B0 92 81 A8 93 99 FF 84 A2 83 94 81 85 AE 97 BF	わたしには たいほじょうを だすほどのしょうこが そろっているとは おもえないがね。	Доказательств для ареста пока мало.	26	4	Доказательств для ареста | пока мало.	35
D0066	02	049F3	04A03	63		AB 85 B0 8F BF 8E 98 95 AD 88 AE AD AC 8F 81 9D 8B 92 FF 93 A7 8B A6 9C AE 92 9F 8F 9E 83 FF 05 99 8F 81 9D 8B AE B3 82 AC FF 82 88 93 A8 93 FF 8E 98 A5 82 86 AE 8B B1 AC 8F 81 9D 8B 8F BF	わかった。そのにんげんをたいほして とりしらべてみたまえ J.B.はたいほじょうを うけとると そのようぎしゃをたいほした。	Хорошо.Арестуй и допроси его.J.B. получил ордер и арестовал подозреваемого.	26	4	Хорошо.Арестуй и допроси | его.J.B. получил ордер и | арестовал подозреваемого.	72
D0067	02	04A33	04A43	28		07 99 FF 91 9E 0A BF 07 99 0B AC FF 9B 85 87 80 81 8B 92 81 0C BF 89 AA 8B 92 81 08	わたしは つまです。わたしはビルを ふかくあいしていました。ころしていません	Я его жена.Я любила Билла.Я его не убивала.	26	4	Я его жена.Я любила | Билла.Я его не убивала.	43
D0068	02	04A50	04A60	52		8D 81 A1 81 9D 88 AD 99 FF 0B 85 AE 81 B0 8F 85 A6 FF 88 81 A3 87 8B 8F 98 0A BF 8F AE 9E B0 92 81 8F 98 99 FF 82 8F 85 AE AB A9 8F 87 94 85 B0 8F 85 A6 0A	せいめいほけんは ビルがいったから けいやくしたのです。だまっていたのは うたがわれたくなかったからです	Полис оформил Билл.Я молчала,чтобы меня не подозревали.	26	4	Полис оформил Билл.Я | молчала,чтобы меня не | подозревали.	55
D0069	02	04A85	04A95	32		8F 8B 85 95 FF 8B 80 AB 8D 93 99 81 83 08 92 AE 8B 8F FF 92 AE A2 FF 0B AC 80 81 8B 92 81 0C BF	たしかに しあわせとはいえませんでした でも ビルをあいしていました。	Мы были не очень счастливы.Но я любила Билла.	26	4	Мы были не очень | счастливы.Но я любила | Билла.	45
D0070	02	04AA6	04AB6	75		0B 99 BF BF 88 B0 89 AD 8B 92 85 A6 A2 FF 80 98 84 AD 94 93 0D 07 99 FF AB 85 A9 A8 A5 82 95 FF 8F 98 9F 0C BF 92 AE A2 BF BF 8F AE A1 92 AE 8B 8F BF 80 98 9A A2 FF 88 AD 85 95 94 B0 92 FF 85 B0 93 8B 92 0B 95 D4 C1 DB AC 0D	ビルは。。けっこんしてからも あのおんなと・・・わたしは わかれるように たのみました。でも。。だめでした。あのひも けんかになって かっとしてビルにナイフを・・・	После свадьбы Билл был с ней.Я просила уйти.Он отказал.В тот день в ссоре я взяла нож...	26	4	После свадьбы Билл был с | ней.Я просила уйти.Он | отказал.В тот день в ссоре | я взяла нож...	88
D0071	02	04AF2	04B02	66		0B 99 FF 07 AC 91 86 93 99 AE 8B 92 FF 92 AE 92 81 86 0C BF BF CC FC CB AE FC 98 93 89 AA 95 FF 81 B0 8F 93 84 A2 81 0C 0D 93 89 AA 85 AE FF 80 98 9A 93 99 0D FF 80 98 9A 93 AC 89 AA 8B 92 99 81 08	ビルは わたしをつきとばして でていきました。。スージーのところに いったとおもいました・・・ところが あのひとは・・・ あのひとをころしてはいません	Билл оттолкнул меня и ушёл.Я думала к Сьюзи.Но потом его убили.Я не убийца.	26	4	Билл оттолкнул меня и | ушёл.Я думала к Сьюзи.Но | потом его убили.Я не | убийца.	75
D0072	02	04B35	04B45	27		8B AD 8B 91 95 84 90 92 81 8F 0A B0 92 FF 92 AE A2 BF BF 07 98 92 AE 99 80 A7 08	しんしつにおちていたですって でも。。わたしのではありません	В спальне?Но серьга не моя.	26	4	В спальне?Но серьга не | моя.	27
D0073	02	04B51	04B61	60		8E A9 99 FF 07 85 AE 8B AE B0 85 95 85 83 B0 92 81 A8 93 86 FF 0B 85 AE FF 8F AE A9 85 AC 91 A9 92 86 92 0D 8E 98 9A 93 85 AE FF AB 8C A9 92 81 B0 8F 98 8F AE 93 FF 84 A2 09 BF BF	それは わたしがじっかにかえっているとき ビルが だれかをつれてきて・・・そのひとが わすれていったのだと おもいます。。	Когда я была у родителей Билл приводил кого-то.Наверно она забыла серьгу.	26	4	Когда я была у родителей | Билл приводил | кого-то.Наверно она забыла | серьгу.	73
D0074	02	04B8E	04B9E	25		8E A9 99 FF 0B 85 AE 07 98 8F A1 95 99 81 B0 8F FF 8D 81 A1 81 9D 88 AD 0A	それは ビルがわたしのためにはいった せいめいほけんです	Это полис который Билл оформил для меня.	26	4	Это полис который Билл | оформил для меня.	40
D0075	02	04BA8	04BB8	25		07 99 FF 9D 88 AD 86 AD A1 80 92 92 AE FF 0B AC 89 AA 8B 8F A7 8B 92 81 08	わたしは ほけんきんめあてで ビルをころしたりしていません	Я не убивала Билла ради страховки.	26	4	Я не убивала Билла ради | страховки.	34
D0076	02	04BD2	04BE2	6		8E FF 8E A9 99 0D	そ それは・・・	Э это...	26	4	Э это...	8
D0077	02	04BD9	04BE9	51		07 0D 80 98 93 86 FF 93 AE 82 85 8B 92 81 8F AD 0A BF 0B 93 80 98 9A 93 98 89 93 AC FF 85 AD 85 AE 83 92 81 8F A6 FF 81 91 98 9E 95 85 0D 8F AE 85 A6 0D	わたし・・・あのとき どうかしていたんです。ビルとあのひとのことを かんがえていたら いつのまにか・・・だから・・・	Я тогда была не в себе.Думала о Билле и той женщине.И сама не заметила как...	26	4	Я тогда была не в | себе.Думала о Билле и той | женщине.И сама не заметила | как...	77
D0078	02	04C11	04C21	46		9F 86 AE 98 9A 93 99 FF 99 99 85 AE FF A0 85 8B 9F 8D 92 87 A9 8F FF 94 87 94 B0 8F 90 90 95 FF 95 92 81 A8 A5 82 94 86 85 AE 8B 9E 8C 0D	みぎのひとは ははが むかしみせてくれた なくなったちちに にているようなきがします・・・	Мужчина справа похож на моего умершего отца.Мама показывала фото...	26	4	Мужчина справа похож на | моего умершего отца.Мама | показывала фото...	67
D0079	02	04C66	04C76	7		07 92 AE 99 80 A7 08	わたしではありません	Это не я.	26	4	Это не я.	9
D0080	02	04C6E	04C7E	15		0B AC 89 AA 8C FF A7 A4 82 94 AD 92 80 A7 08	ビルをころす りゆうなんてありません	Мне незачем убивать Билла.	26	4	Мне незачем убивать Билла.	26
D0081	02	04C80	04C90	8		AB 85 A8 AB 88 80 A7 08	わかるわけありません	Откуда мне знать?	26	4	Откуда мне знать?	17
D0082	02	04C89	04C99	20		86 B0 93 80 98 9A 93 0A BF CC FC CB AE FC 95 86 9E B0 92 09	きっとあのひとです。スージーにきまっています	Это она.Сьюзи точно.	26	4	Это она.Сьюзи точно.	20
D0083	02	04C9E	04CAE	41		8F 8B 85 95 0B AC 82 A6 9F 0C BF 92 AE A2 FF 8E A9 99 0B AC FF 80 81 8B 92 81 8F 85 A6 0A BF FF 89 AA 8B 8F A7 8B 92 81 08	たしかにビルをうらみました。でも それはビルを あいしていたからです。 ころしたりしていません	Да,я злилась на Билла.Потому что любила.Но я не убивала его.	26	4	Да,я злилась на | Билла.Потому что любила.Но | я не убивала его.	60
D0084	02	04CC8	04CD8	22		86 B0 93 80 98 9A 93 85 AE FF 0B AC D4 C1 DB 92 AE 8A 8B 8F AD 0A	きっとあのひとが ビルをナイフでさしたんです	Наверно она ударила Билла ножом.	26	4	Наверно она ударила Билла | ножом.	32
D0085	02	04CE1	04CF1	79		93 AE 82 8B 92 FF 9A 85 AE 81 8B B1 98 90 90 84 A3 85 AE FF 8F 81 9D 8A A9 94 87 92 99 94 A6 AD 98 8F AE FF 80 98 A5 A8 FF AB 8B 99 DE C7 DC AE C1 EC 98 81 83 95 81 8F AD 8F AE BF FF 8E A9 81 85 AE 81 FF 93 AE 89 95 A2 81 B0 92 84 A6 AD	どうして ひがいしゃのちちおやが たいほされなくてはならんのだ あのよる わしはマクベイヲのいえにいたんだ。 それいがい どこにもいっておらん	Почему арестовали отца жертвы?В ту ночь я был у Макбейна.Потом сразу домой?	26	4	Почему арестовали отца | жертвы?В ту ночь я был у | Макбейна.Потом сразу | домой?	75
D0086	02	04D31	04D41	80		8F 8B 85 95 0B 99 FF AB 8B 98 89 93 AE A2 92 AE 99 94 81 BF 0B 98 84 A3 99 FF AB 8B 95 85 81 8B B1 AC 91 9B AE 8A A9 FF 8B AE 8A 91 8B 8F BF 85 81 8B B1 98 8F A1 8B 85 8F 85 AE 94 85 B0 8F BF FF AB 8B 99 0B AC 9A 86 93 A7 FF 8E 8F AE 92 8F	たしかにビルは わしのこどもではない。ビルのおやは わしにかいしゃをつぶされ じさつした。かいしゃのためしかたがなかった。 わしはビルをひきとり そだてた	Билл не родной.Я разорил его родителей.Они покончили с собой.Ради фирмы.Я растил Билла.	26	4	Билл не родной.Я разорил | его родителей.Они | покончили с собой.Ради | фирмы.Я растил Билла.	87
D0087	02	04D82	04D92	56		0B 99 FF 8E A9 AC 8B B0 92 85 93 AE 82 85 FF AB 8B 95 8A 85 A6 81 FF AB 8B AC 89 9E A6 8D 8F BF 8B 85 8B FF 94 8D AE FF 0B AC 89 AA 8A 94 87 92 99 94 A6 AD 98 8F AE BF	ビルは それをしってかどうか わしにさからい わしをこまらせた。しかし なぜ ビルをころさなくてはならんのだ。	Билл узнал это или нет,но шёл против меня и мешал мне.Но зачем мне его убивать?	26	4	Билл узнал это или нет,но | шёл против меня и мешал | мне.Но зачем мне его | убивать?	79
D0088	02	04DBB	04DCB	70		0B 99 BF BF FF B6 B4 97 AD 9E 83 98 9A 9F 91 AC FF D9 AE FC C7 E7 FC 85 A6 FF 85 86 AE 91 88 8F BF FF 84 82 A7 B3 82 86 AD AC FF 85 87 8B 92 81 A8 93 84 A2 B0 8F A6 8B 81 BF 0B 99 FF AB 8B AC 84 93 AE 8B 8F BF	ビルは。。 20ねんまえのひみつを バークリーから かぎつけた。 おうりょうきんを かくしているとおもったらしい。ビルは わしをおどした。	Билл узнал у Баркли тайну 20 лет назад.Думал,что деньги спрятаны.Он шантажировал меня.	26	4	Билл узнал у Баркли тайну | 20 лет назад.Думал,что | деньги спрятаны.Он | шантажировал меня.	86
D0089	02	04E02	04E12	68		C7 E9 C1 EC 98 99 85 98 9E 83 92 AE FF 85 90 9D 89 B0 8F 85 84 AC 8B 8F BF FF AB 8B 99 FF 0B AC 89 AA 8E 82 93 99 FF 84 A2 AB 94 85 B0 8F BF FF 89 AA 8B 8F 98 99 0D FF DC EC E7 FC BF C7 E9 C1 EC 8F AE 0D	クレイヲのはかのまえで かちほこったかおをした。 わしは ビルをころそうとは おもわなかった。 ころしたのは・・・ ヘヲリー。クレイヲだ・・・	У могилы Клейна Билл торжествовал.Я не хотел его убивать.Его убил Генри Клейн...	26	4	У могилы Клейна Билл | торжествовал.Я не хотел | его убивать.Его убил Генри | Клейн...	80
D0090	02	04E67	04E77	16		8B A6 AD 0D 8E AD 94 84 93 89 99 8B A6 94 81 0D	しらん・・・そんなおとこはしらない・・・	Не знаю такого человека...	26	4	Не знаю такого человека...	26
D0091	02	04E7A	04E8A	18		8E FF 8E A9 99 0D AB 8B 99 FF 94 FF 94 95 A2 8B A6 AD	そ それは・・・わしは な なにもしらん	Э это.Я ничего не знаю.	26	4	Э это.Я ничего не знаю.	23
D0092	02	04E8D	04E9D	24		0D 8E A9 99 FF 0D DC EC E7 FC BF C7 E9 C1 EC 98 9D 97 92 AE 99 94 81 0D	・・・それは ・・・ヘヲリー。クレイヲのほねではない・・・	Это не кости Генри Клейна...	26	4	Это не кости Генри | Клейна...	28
D0093	02	04EA6	04EB6	22		8B FF 8B A6 AD 8E AE BF AB 8B 99 FF 8E AD 94 A2 98 99 FF 8B A6 AD	し しらんぞ。わしは そんなものは しらん	Не знаю.Ничего об этом.	26	4	Не знаю.Ничего об этом.	23
D0094	02	04EBD	04ECD	35		E7 D9 AE D2 C1 BF D9 AE EC C7 8B AE 88 AD 99 FF 0D E9 F0 D3 AE CF C1 0D 81 A3 BF BF FF 8E A9 99 0D BF BF	リバテイ。バヲクじけんは ・・・レッドタイ・・・いや。。 それは・・・。。	Дело Либерти Банк...Ред Тай...Нет.Это...	26	4	Дело Либерти Банк...Ред | Тай...Нет.Это...	40
D0095	02	04EE1	04EF1	10		89 AD 94 A2 98 99 FF 8B A6 AD	こんなものは しらん	Не знаю это.	26	4	Не знаю это.	12
D0096	02	04EEC	04EFC	32		DC EC E7 FC BF C7 E9 C1 EC FF 99 FF 90 B1 81 AA 98 FF 9A 93 9F 98 FF 84 93 89 8F AE B0 8F BF BF	ヘヲリー。クレイヲ は ちゃいろの ひとみの おとこだった。。	У Генри Клейна были карие глаза.	26	4	У Генри Клейна были карие | глаза.	32
D0097	02	04F0D	04F1D	4		8B A6 AD 0D	しらん・・・	Нет...	26	4	Нет...	6
D0098	02	04F18	04F28	37		FB FB C5 EC D9 AF D5 FC 99 FF 9A 93 AE 81 8B AE B3 82 8F 81 8B AE B1 94 81 85 BF FF 93 82 8A AD 8B 92 8B 9E 82	HHカヲパニーは ひどいじょうたいじゃないか。 とうさんしてしまう	HH Компания в ужасном состоянии.Скоро разорится.	26	4	HH Компания в ужасном | состоянии.Скоро разорится.	48
D0099	02	04F44	04F54	25		DD E8 D2 AE C1 EC C7 AE 99 FF 0B 85 A6 FF 85 97 AC 85 A7 92 81 8F 98 85 0D	ホルデイヲグは ビルから かねをかりていたのか・・・	Холдинг занимал деньги у Билла?	26	4	Холдинг занимал деньги у | Билла?	31
D0100	02	04F60	04F70	29		8F 8B 85 95 FF E9 F0 D3 AE CF C1 BF C7 E6 DB AE 98 FF 85 81 81 AD 8F AE B0 8F 85 AE 0D	たしかに レッドタイ。クラブの かいいんだったが・・・	Да я был членом Ред Тай Клуб но...	26	4	Да я был членом Ред Тай | Клуб но...	34
D0101	02	04F7E	04F8E	47		E7 D9 AE D2 C1 BF D9 AE EC C7 8B AE 88 AD 99 0D E9 F0 D3 AE CF C1 BF C7 E6 DB AE 98 88 81 85 87 92 AE 0D 8B AE B0 89 82 8A A9 8F A2 98 8F AE	リバテイ。バヲクじけんは・・・レッドタイ。クラブのけいかくで・・・じっこうされたものだ	Дело Либерти Банк было планом Ред Тай Клуб.	26	4	Дело Либерти Банк было | планом Ред Тай Клуб.	43
D0102	02	04FAE	04FBE	17		AB 8B 85 AE 8B B0 92 81 A8 AB 88 94 81 8F AE AA 82	わしがしっているわけないだろう	Откуда мне знать?	26	4	Откуда мне знать?	17
D0103	02	04FC0	04FD0	4		8B A6 AD FF	しらん 	Нет.	26	4	Нет.	4
D0104	02	04FC5	04FD5	20		AB 8B 85 AE 8B B0 92 81 A8 AB 88 85 AE 94 81 8F AE AA 82 FF	わしがしっているわけがないだろう 	Я не могу это знать.	26	4	Я не могу это знать.	20
D0105	02	04FDA	04FEA	4		8B A6 AD A5	しらんよ	Нет.	26	4	Нет.	4
D0106	02	04FDF	04FEF	17		8B FF 8B A6 AD BF AB 8B 99 FF 94 95 A2 8B A6 AD 0D	し しらん。わしは なにもしらん・・・	Не знаю.Я ничего не знаю...	26	4	Не знаю.Я ничего не | знаю...	27
D0107	02	04FF6	05006	6		8E FF 8E A9 99 0D	そ それは・・・	Э это...	26	4	Э это...	8
D0108	02	05000	05010	33		80 98 A5 A8 99 FF 83 81 85 AE AC 9F 92 85 83 A7 0C BF FF 0B AC 89 AA 8C 93 AE 82 86 99 80 A7 08 BF	あのよるは えいがをみてかえりました。 ビルをころすどうきはありません。	В ту ночь я был в кино и вернулся.Мне незачем убивать Билла.	26	4	В ту ночь я был в кино и | вернулся.Мне незачем | убивать Билла.	60
D0109	02	05022	05032	77		8B AE 91 99 0D 83 81 85 AE 98 80 93 F6 D9 AF DB AE BF E7 D9 AE FC CA C1 D3 AE F7 98 9E 83 92 AE FF 0B 95 FF CC FC CB AE FC 98 89 93 AC FF CB AE F1 D7 F0 D3 95 99 94 8C 93 FF 84 93 AE 8B 8F AD 0A BF FF 0B 99 FF 8E A9 AC A0 8B 8B 0C	じつは・・・えいがのあと「パブ。リバーサイド」のまえで ビルに スージーのことを ジャネットにはなすと おどしたんです。 ビルは それをむししました	После кино у Риверсайда я пригрозил Биллу рассказать Джанет о Сьюзи.Он меня не слушал.	26	4	После кино у Риверсайда я | пригрозил Биллу рассказать | Джанет о Сьюзи.Он меня не | слушал.	86
D0110	02	05070	05080	47		85 B0 93 86 92 FF 0B 93 FF 88 AD 85 AC 8B 0C BF 92 AE A2 FF 8C 87 AE FF 81 83 95 85 83 A7 0C BF 9D AD 93 0A BF 8B AD 8B AE 92 87 8F AE 8A 81	かっときて ビルと けんかをしました。でも すぐ いえにかえりました。ほんとです。しんじてください	Я вспылил и подрался с Биллом.Но сразу пошёл домой.Это правда.Поверьте.	26	4	Я вспылил и подрался с | Биллом.Но сразу пошёл | домой.Это правда.Поверьте.	71
D0111	02	050A0	050B0	8		94 95 A2 8B 92 81 08 FF	なにもしていません 	Я ничего не делал.	26	4	Я ничего не делал.	18
D0112	02	050A9	050B9	27		9D AE 87 99 0D FF 9D AE 87 99 CC FC CB AE FC AC FF 80 81 8B 92 81 A8 8F AE 88 0A	ぼくは・・・ ぼくはスージーを あいしているだけです	Я просто люблю Сьюзи.	26	4	Я просто люблю Сьюзи.	21
D0113	02	050C5	050D5	41		89 A9 99 FF 80 A8 9A 93 95 DB AF E9 CD AE EC D3 8B 8F A2 98 0A BF 8E 98 9A 93 99 0D FF CC FC CB AE FC BF DE C7 D4 E7 FC 0A	これは あるひとにプレゼヲトしたものです。そのひとは・・・ スージー。マクナリーです	Это подарок одному человеку.Сьюзи Макналли.	26	4	Это подарок одному | человеку.Сьюзи Макналли.	43
D0114	02	050F1	05101	34		0B 99 FF 9D 88 AD 86 AE A6 81 92 AE 8B 8F A5 BF FF 9D 88 AD 95 8F AE 88 99 FF 99 81 A7 08 92 AE 8B 8F	ビルは ほけんぎらいでしたよ。 ほけんにだけは はいりませんでした	Билл ненавидел страховки.Он никогда не страховал жизнь.	26	4	Билл ненавидел | страховки.Он никогда не | страховал жизнь.	55
D0115	02	0511A	0512A	24		F6 C3 CC BF C3 E0 F7 99 0D CC FC CB AE FC BF DE C7 D4 E7 FC 98 89 93 0A	「エス。エム」は・・・スージー。マクナリーのことです	с М.-это Сьюзи Макналли.	26	4	с М.-это Сьюзи Макналли.	24
D0116	02	05133	05143	31		9D AE 87 99 FF CC FC CB AE FC AC 80 81 8B 92 09 BF 92 AE A2 FF CC FC CB AE FC 99 FF 0B 93 0D	ぼくは スージーをあいしています。でも スージーは ビルと・・・	Я люблю Сьюзи.Но Сьюзи с Биллом...	26	4	Я люблю Сьюзи.Но Сьюзи с | Биллом...	34
D0117	02	0518B	0519B	5		9D AE 87 99 06	ぼくはしりません	Не знаю.	26	4	Не знаю.	8
D0118	02	05191	051A1	20		80 95 AC 89 AA 8C 94 AD 92 FF 9D AE 87 95 99 92 AE 86 08 A5	あにをころすなんて ぼくにはできませんよ	Я не мог убить брата.	26	4	Я не мог убить брата.	21
D0119	02	051A6	051B6	4		AB 85 A7 08	わかりません	Нет.	26	4	Нет.	4
D0120	02	051B0	051C0	56		9D AE 87 99 FF 8C AE B0 93 FF 0B 95 A9 B0 93 82 85 AD AC FF A2 B0 92 81 0C CC FC CB AE FC 98 89 93 92 AE FF 82 A6 AD 8F AE A7 A2 8B 0C BF 92 AE A2 FF 89 AA 8C 94 AD 92	ぼくは ずっと ビルにれっとうかんを もっていましたスージーのことで うらんだりもしました。でも ころすなんて	Я всегда завидовал Биллу.И ревновал его к Сьюзи.Но убить его я не мог.	26	4	Я всегда завидовал Биллу.И | ревновал его к Сьюзи.Но | убить его я не мог.	70
D0121	02	051EB	051FB	12		9D AE 87 95 99 FF 89 8F 83 A6 A9 08	ぼくには こたえられません	Я не отвечу.	26	4	Я не отвечу.	12
D0122	02	051F8	05208	34		07 99 FB FB C5 EC D9 AF D5 FC 98 8B B1 90 B3 82 0A BF FF 94 95 A2 06 BF FF 85 83 8B 92 87 8F AE 8A 81	わたしはHHカヲパニーのしゃちょうです。 なにもしりません。 かえしてください	Я глава HH Компания.Ничего не знаю.Отпустите меня.	26	4	Я глава HH Компания.Ничего | не знаю.Отпустите меня.	50
D0123	02	0521B	0522B	56		07 99 FF 0B 85 A6 85 97 AC 85 A7 92 81 0C BF FF 85 81 8B B1 98 8F A1 FF 85 97 85 AE 81 B0 8F 98 0A BF FF 8B 85 8B FF 85 81 8B B1 99 82 9E 87 81 85 94 87 94 B0 92 86 0C	わたしは ビルからかねをかりていました。 かいしゃのため かねがいったのです。 しかし かいしゃはうまくいかなくなってきました	Я занимал у Билла.Деньги нужны были фирме.Но дела пошли плохо.	26	4	Я занимал у Билла.Деньги | нужны были фирме.Но дела | пошли плохо.	62
D0124	02	05254	05264	58		80 98 9A FF 0B 95 FF 9C AD 8A 81 86 88 AE AD AC FF 98 99 AE 8B 92 A2 82 8F A1 FF 80 82 A3 87 8E 87 AC 8B 0C BF FF 92 AE A2 FF 8B AE 85 AD 95 94 B0 92 A2 FF 86 08 92 AE 8B 8F	あのひ ビルに へんさいきげんを のばしてもうため あうやくそくをしました。 でも じかんになっても きませんでした	В тот день мы должны были встретиться,чтобы продлить срок долга.Но Билл не пришёл.	26	4	В тот день мы должны были | встретиться,чтобы продлить | срок долга.Но Билл не | пришёл.	82
D0125	02	0528F	0529F	17		8B AD 8B AE 92 87 8F AE 8A 81 BF FF 9D AD 93 82 0A	しんじてください。 ほんとうです	Поверьте.Это правда.	26	4	Поверьте.Это правда.	20
D0126	02	052A1	052B1	12		07 99 FF 0B AC 89 AA 8B 92 99 81 08	わたしは ビルをころしてはいません	Я не убивал Билла.	26	4	Я не убивал Билла.	18
D0127	02	052B2	052C2	26		0B 99 FF 9D 88 AD 86 AD A1 80 92 92 AE FF 89 AA 8A A9 8F AD 0A A5 FF 86 B0 93	ビルは ほけんきんめあてで ころされたんですよ きっと	Билла убили ради страховки.Наверняка.	26	4	Билла убили ради | страховки.Наверняка.	37
D0128	02	052FF	0530F	23		8F 8B 85 95 FF 8E A9 99 FB FB C5 EC D9 AF D5 FC 98 90 B3 82 9D AE 0A	たしかに それはHHカヲパニーのちょうぼです	Да.Это книга HH Компания.	26	4	Да.Это книга HH Компания.	25
D0129	02	05317	05327	14		AB 85 AE 8B B1 99 0D 80 9B AE 94 81 AD 0A	わがしゃは・・・あぶないんです	Наша фирма в опасности.	26	4	Наша фирма в опасности.	23
D0130	02	0532A	0533A	10		07 99 0D 85 97 AC 85 83 8B 0C	わたしは・・・かねをかえしました	Я вернул деньги.	26	4	Я вернул деньги.	16
D0131	02	05335	05345	31		AB A8 81 98 99 0B 0A A5 BF FF A0 A7 99 AE 85 A7 81 B0 92 FF 8B 85 8F 85 AE 94 85 B0 8F AD 0A	わるいのはビルですよ。 むりばかりいって しかたがなかったんです	Виноват Билл.Он давил на меня.У меня не было выбора.	26	4	Виноват Билл.Он давил на | меня.У меня не было | выбора.	52
D0132	02	05359	05369	29		8B FF 06 BF 07 99 FF 80 98 A5 A8 FF 99 85 99 AE 92 AE FF C6 F1 E7 EC D3 EC AC FF 9F 0C	し しりません。わたしは あのよる はかばで キャリヲトヲを みました	Не знаю.В ту ночь на кладбище я видел Кэррингтона.	26	4	Не знаю.В ту ночь на | кладбище я видел | Кэррингтона.	50
D0133	02	05377	05387	8		07 8B AE B1 FF 80 A7 08	わたしじゃ ありません	Это не я.	26	4	Это не я.	9
D0134	02	05382	05392	4		AB 85 A7 08	わかりません	Нет.	26	4	Нет.	4
D0135	02	05387	05397	16		94 95 A2 8B A6 94 81 AD 0A FF 9D AD 93 82 0A BF	なにもしらないんです ほんとうです。	Я ничего не знаю.Правда.	26	4	Я ничего не знаю.Правда.	24
D0136	02	05398	053A8	69		0B 99 FF 85 81 8B B1 AC 98 B0 93 A8 91 A2 A7 92 AE 8B 8F BF 80 87 93 AE 81 A3 A7 85 8F 95 FF 89 AA 8B 8F 81 93 FF 84 A2 B0 8F 89 93 A2 80 A7 0C 85 AE FF A3 87 8E 87 99 AE 8B B3 95 FF 89 94 85 B0 8F 98 0A BF	ビルは かいしゃをのっとるつもりでした。あくどいやりかたに ころしたいと おもったこともありましたが やくそくばしょに こなかったのです。	Билл хотел захватить фирму.Я хотел убить его за методы,но на встречу он не пришёл.	26	4	Билл хотел захватить | фирму.Я хотел убить его за | методы,но на встречу он не | пришёл.	82
D0137	02	053DE	053EE	7		07 99 FF A3 B0 92 08	わたしは やってません	Я этого не делал.	26	4	Я этого не делал.	17
D0138	02	053E8	053F8	27		07 99 FF 94 95 A2 06 A5 BF 94 8D AE FF A5 9A AE 8F AE 8A A9 A8 98 85 AB 85 A7 08	わたしは なにもしりませんよ。なぜ よびだされるのかわかりません	Я ничего не знаю.Зачем меня вызвали?	26	4	Я ничего не знаю.Зачем | меня вызвали?	36
D0139	02	05404	05414	66		90 B2 82 8B B1 8B AE B3 82 98 FF 93 90 98 99 AE 81 99 AE 81 92 AE FF 0B 93 A2 A1 8F 98 99 9D AD 93 82 0A BF FF 0B 99 93 90 AC FF 92 95 81 A9 A8 8F A1 FF CB AE F1 D7 F0 D3 95 90 85 91 AE 81 8F AD 0A	ちゅうしゃじょうの とちのばいばいで ビルともめたのはほんとうです。 ビルはとちを てにいれるため ジャネットにちかづいたんです	Да,мы спорили из-за земли стоянки.Билл сблизился с Джанет,чтобы получить землю.	26	4	Да,мы спорили из-за земли | стоянки.Билл сблизился с | Джанет,чтобы получить | землю.	79
D0140	02	05447	05457	45		8E 98 89 93 92 AE FF 0B 93 A2 A1 0C 85 AE FF 8E A9 8F AE 88 98 89 93 0A BF 07 A2 FF A0 8C A1 A3 FF A0 8C 89 A2 FF 85 AD 88 81 80 A7 08	そのことで ビルともめましたが それだけのことです。わたしも むすめや むすこも かんけいありません	Мы спорили только об этом.Ни я,ни мои дети не причастны.	26	4	Мы спорили только об | этом.Ни я,ни мои дети не | причастны.	56
D0141	02	05475	05485	79		8E 82 0A FF 07 85 AE DC EC E7 FC BF C7 E9 C1 EC 0A BF FF F6 E9 F0 D3 AE CF C1 C7 E6 DB AE F7 92 AE 85 AD 85 AE 83 8F 88 81 85 87 99 FF 8D 81 89 82 8B 0C 8B 85 8B FF B6 B4 97 AD 8F B0 8F 81 9E FF 9A 9F 91 85 AE 80 99 AE 85 A9 8F 98 0A 0D	そうです わたしがヘヲリー。クレイヲです。 「レッドタイクラブ」でかんがえたけいかくは せいこうしましたしかし 20ねんたったいま ひみつがあばかれたのです・・・	Да.Я Генри Клейн.План Ред Тай Клуб удался.Но спустя 20 лет тайна раскрылась...	26	4	Да.Я Генри Клейн.План Ред | Тай Клуб удался.Но спустя | 20 лет тайна раскрылась...	78
D0142	02	054C5	054D5	39		0B 99 FF 9D AE 90 92 AE 89 AA 8B FF CA C1 E2 EC 98 87 A8 9E 92 AE FF 8F AE 81 85 AE 87 9E 92 AE FF 99 89 9A AE 0C BF	ビルは ぼちでころし サイモヲのくるまで だいがくまで はこびました。	Билла убили на кладбище и на машине Саймона отвезли к колледжу.	26	4	Билла убили на кладбище и | на машине Саймона отвезли | к колледжу.	63
D0143	02	054F1	05501	50		84 B0 93 85 AE FF 80 81 8C A8 91 9E 98 8F A1 95 FF 9D 88 AD 95 99 81 A8 98 99 FF 80 8F A7 9E 83 0A BF FF CB AE F1 D7 F0 D3 AC 82 8F 85 AE 82 94 AD 92	おっとが あいするつまのために ほけんにはいるのは あたりまえです。 ジャネットをうたがうなんて	Муж страхует жизнь ради любимой жены.Это нормально.Не смейте винить Джанет.	26	4	Муж страхует жизнь ради | любимой жены.Это | нормально.Не смейте винить | Джанет.	75
D0144	02	05536	05546	5		94 95 A2 FF 06	なにも しりません	Ничего не знаю.	26	4	Ничего не знаю.	15
D0145	02	0553C	0554C	15		CB AE F1 D7 F0 D3 99 94 95 A2 8B 92 08 BF BF	ジャネットはなにもしてません。。	Джанет ничего не делала.	26	4	Джанет ничего не делала.	24
D0146	02	05550	05560	25		89 FF 89 98 8B B1 8B AD 85 AE 93 AE 82 85 8B 8F 93 92 AE A2 81 82 98 0A 85	こ このしゃしんがどうかしたとでもいうのですか	И что вам даст это фото?	26	4	И что вам даст это фото?	24
D0147	02	0556A	0557A	14		07 99 FF 89 AD 94 84 93 89 99 8B A6 94 81	わたしは こんなおとこはしらない	Я не знаю этого мужчину.	26	4	Я не знаю этого мужчину.	24
D0148	02	05579	05589	9		89 FF 89 A9 99 0D 0D FF FF	こ これは・・・・・・  	Э это...	26	4	Э это...	8
D0149	02	05583	05593	8		0D 0D 87 AE 87 AE B0 0D	・・・・・・ぐぐっ・・・	Гх...	26	4	Гх...	5
D0150	02	05590	055A0	23		8B FF 06 0D A1 98 81 AA 85 AE FF 93 AE 82 8B 8F 93 81 82 98 0A 85 0D	し しりません・・・めのいろが どうしたというのですか・・・	Не знаю.Причём тут цвет глаз?	26	4	Не знаю.Причём тут цвет | глаз?	29
D0151	02	055A8	055B8	25		8E FF 8E A9 99 07 98 A2 98 0A BF 07 98 9D AD 93 82 98 FF A1 98 81 AA 99 0D	そ それはわたしのものです。わたしのほんとうの めのいろは・・・	Да,это моё.Мой настоящий цвет глаз...	26	4	Да,это моё.Мой настоящий | цвет глаз...	37
D0152	02	055C8	055D8	8		07 99 FF 94 95 A2 06 0D	わたしは なにもしりません・・・	Я ничего не знаю...	26	4	Я ничего не знаю...	19
D0153	02	055D1	055E1	25		89 A9 99 9A 93 AE 81 FF FB FB C5 EC D9 AF D5 FC A2 91 9B AE A9 8E 82 0A 97	これはひどい HHカヲパニーもつぶれそうですね	Ужас.HH Компания почти разорена.	26	4	Ужас.HH Компания почти | разорена.	32
D0154	02	055F1	05601	26		DD E8 D2 AE C1 EC C7 AE 8A AD 99 FF 0B 95 FF 85 97 AC 85 A7 92 81 8F 98 0A 85	ホルデイヲグさんは ビルに かねをかりていたのですか	Холдинг занимал у Билла?	26	4	Холдинг занимал у Билла?	24
D0155	02	0560E	0561E	14		06 A5 BF FF 07 95 99 85 AD 88 81 80 A7 08	しりませんよ。 わたしにはかんけいありません	Не знаю.Это не моё дело.	26	4	Не знаю.Это не моё дело.	24
D0156	02	0561D	0562D	26		DC EC E7 FC BF C7 E9 C1 EC 99 FF 8C 92 AE 95 8B AD 92 AE 8B 9E B0 8F AD 0A 0D	ヘヲリー。クレイヲは すでにしんでしまったんです・・・	Генри Клейн давно мёртв...	26	4	Генри Клейн давно мёртв...	26
D0157	02	05638	05648	13		06 BF 07 92 AE 94 81 98 99 8F 8B 85 0A	しりません。わたしでないのはたしかです	Не знаю.Но это точно не я.	26	4	Не знаю.Но это точно не я.	26
D0158	02	05646	05656	13		07 95 FF 93 AE 82 86 94 AD 92 80 A7 08	わたしに どうきなんてありません	У меня нет мотива.	26	4	У меня нет мотива.	18
D0159	02	05656	05666	15		A3 B0 92 94 81 AD 8F AE 85 A6 FF AB 85 A7 08	やってないんだから わかりません	Я не убийца.Откуда мне знать.	26	4	Я не убийца.Откуда мне | знать.	29
D0160	02	05669	05679	5		AB 85 A7 08 0D	わかりません・・・	Не знаю...	26	4	Не знаю...	10
D0161	02	05672	05682	5		AB 85 A7 08 0D	わかりません・・・	Не знаю...	26	4	Не знаю...	10
D0162	02	05678	05688	75		9D AE 87 99 FF 9A 85 AE 81 8B B1 98 FF 91 9E 98 FF 84 93 82 93 0A BF 9D AE 87 99 FF 0B 85 AE 86 A6 81 92 AE 8B 8F BF 92 AE A2 FF 89 AA 8B 92 81 08 BF 80 98 A5 A8 99 FF D3 AE E6 C1 DB AE AC 8B 92 81 0C BF FF 0B 95 80 B0 92 08	ぼくは ひがいしゃの つまの おとうとです。ぼくは ビルがきらいでした。でも ころしていません。あのよるは ドライブをしていました。 ビルにあってません	Я брат жены жертвы.Билла ненавидел.Но не убивал.В ту ночь ездил на машине.Билла не видел.	26	4	Я брат жены жертвы.Билла | ненавидел.Но не убивал.В | ту ночь ездил на | машине.Билла не видел.	89
D0163	02	056C4	056D4	56		80 98 A5 A8 99 FF D5 F0 C7 8F 90 93 D3 AE E6 C1 DB AE 95 81 86 0C 85 AE FF 93 90 B2 82 92 AE FF CB C3 E7 FC 98 93 89 AA 95 81 86 0C BF FF 86 95 94 B0 92 81 8F 85 A6 0A	あのよるは ニックたちとドライブにいきましたが とちゅうで シエリーのところにいきました。 きになっていたからです	Я поехал с Ником,но ушёл к Шелли.Я беспокоился о ней.	26	4	Я поехал с Ником,но ушёл к | Шелли.Я беспокоился о ней.	53
D0164	02	056FD	0570D	67		85 98 8B AE B3 99 FF 81 A2 82 93 98 89 93 92 AE FF 0B AC 82 A6 AD 92 AE 81 0C 9D B0 92 84 87 93 FF 8B AD 99 AF 81 92 AE 0D 8F AE 85 A6 FF 9D AE 87 99 DA AF CC D3 E8 AC FF 80 8C AE 85 B0 92 81 8F 98 0A	かのじょは いもうとのことで ビルをうらんでいましたほっておくと しんぱいで・・・だから ぼくはピストルを あずかっていたのです	Она ненавидела Билла из-за сестры.Я боялся за неё и забрал пистолет.	26	4	Она ненавидела Билла из-за | сестры.Я боялся за неё и | забрал пистолет.	68
D0165	02	05741	05751	11		9D AD 93 82 95 FF A3 B0 92 81 08	ほんとうに やっていません	Я правда не делал этого.	26	4	Я правда не делал этого.	24
D0166	02	0574D	0575D	33		0B 99 9A 93 AE 81 84 93 89 92 AE 8B 8F BF FF CB AE F1 D7 F0 D3 A2 FF 86 AE 8D 81 95 94 B0 8F AD 0A	ビルはひどいおとこでした。 ジャネットも ぎせいになったんです	Билл был мерзавцем.Джанет тоже его жертва.	26	4	Билл был мерзавцем.Джанет | тоже его жертва.	42
D0167	02	0577F	0578F	31		85 98 8B AE B3 99 FF 89 98 DA AF CC D3 E8 92 AE FF 0B AC 89 AA 8E 82 93 8B 92 81 8F AD 0A 0D	かのじょは このピストルで ビルをころそうとしていたんです・・・	Она хотела убить Билла этим пистолетом...	26	4	Она хотела убить Билла | этим пистолетом...	41
D0168	02	0579F	057AF	15		0D 9D AE 87 8F 90 99 FF 94 95 A2 8B 92 81 08	・・・ぼくたちは なにもしていません	Мы ничего не делали.	26	4	Мы ничего не делали.	20
D0169	02	057AF	057BF	21		89 A9 99 0D 89 89 95 91 81 92 81 A8 98 99 FF 9D AE 87 98 90 0A	これは・・・ここについているのは ぼくのちです	Это моя кровь на нём.	26	4	Это моя кровь на нём.	21
D0170	02	057C5	057D5	45		CB C3 E7 FC 99 FF 94 95 A2 8B 92 81 08 BF FF 89 98 90 99 FF 9D AE 87 85 AE FF 88 85 AE AC 8B 8F 93 86 95 FF 9B 81 92 87 A9 8F A2 98 0A	シエリーは なにもしていません。 このちは ぼくが けがをしたときに ふいてくれたものです	Шелли ни при чём.Она вытерла шарфом мою рану.	26	4	Шелли ни при чём.Она | вытерла шарфом мою рану.	45
D0171	02	05823	05833	5		9D AE 87 99 06	ぼくはしりません	Не знаю.	26	4	Не знаю.	8
D0172	02	05829	05839	21		9D AE 87 92 AE 99 94 81 93 81 B0 92 81 A8 8B AE B1 94 81 0A 85	ぼくではないといっているじゃないですか	Я сказал,что это не я.	26	4	Я сказал,что это не я.	22
D0173	02	05841	05851	16		9D AE 87 99 FF 80 AD 94 89 AA 8B 85 8F 99 8B 08	ぼくは あんなころしかたはしません	Я бы так не убивал.	26	4	Я бы так не убивал.	19
D0174	02	05852	05862	5		9D AD 93 95 06	ほんとにしりません	Не знаю правда.	26	4	Не знаю правда.	15
D0175	02	05858	05868	76		CB C3 E7 FC 98 99 94 8B AC 86 81 92 FF 9E 8C 9E 8C 0B 85 AE FF 95 87 87 94 A7 0C BF FF DA AF CC D3 E8 92 AE 82 B0 92 A3 AA 82 93 FF 84 A2 B0 8F A7 A2 8B 0C BF 92 AE A2 FF 8F AE A9 85 85 AE FF 0B AC 89 AA 8B 92 8B 9E B0 8F AD 0A	シエリーのはなしをきいて ますますビルが にくくなりました。 ピストルでうってやろうと おもったりもしました。でも だれかが ビルをころしてしまったんです	После рассказа Шелли я возненавидел Билла ещё больше.Хотел застрелить.Но кто-то убил его раньше.	26	4	После рассказа Шелли я | возненавидел Билла ещё | больше.Хотел застрелить.Но | кто-то убил его раньше.	96
D0176	02	058A5	058B5	9		9D AE 87 99 A3 B0 92 81 08	ぼくはやっていません	Я не делал.	26	4	Я не делал.	11
D0177	02	058B1	058C1	81		07 99 FF EA DA AE EC CC AE 88 FF 85 85 A7 91 88 98 81 8B 0A BF 80 98 A5 A8 DE C7 DC AE C1 EC 98 93 89 AA 95 FF 81 B0 8F 98 AC FF 99 94 8A 94 85 B0 8F 98 99 AB A8 85 B0 8F 93 84 A2 09 85 AE FF 07 99 FF 8B AE 88 AD 93 99 FF 85 AD 88 81 80 A7 08	わたしは ロビヲズけ かかりつけのいしです。あのよるマクベイヲのところに いったのを はなさなかったのはわるかったとおもいますが わたしは じけんとは かんけいありません	Я семейный врач Роббинсов.Я скрыл что был у Макбейна.Но к убийству не причастен.	26	4	Я семейный врач | Роббинсов.Я скрыл что был | у Макбейна.Но к убийству | не причастен.	80
D0178	02	05903	05913	64		CC FC CB AE FC 93 0B 93 98 89 93 99 FF 86 91 AE 81 92 81 0C BF 07 99 CC FC CB AE FC 95 FF 8B 80 AB 8D 95 94 B0 92 9D 8B 85 B0 8F BF 0B 94 AD 85 93 91 86 80 82 98 AC FF A3 A1 8A 8D 8F 85 B0 8F	スージーとビルとのことは きづいていました。わたしはスージーに しあわせになってほしかった。ビルなんかとつきあうのを やめさせたかった	Я знал о Сьюзи и Билле.Хотел ей счастья.Хотел,чтобы она бросила Билла.	26	4	Я знал о Сьюзи и | Билле.Хотел ей | счастья.Хотел,чтобы она | бросила Билла.	70
D0179	02	05944	05954	31		92 AE A2 FF 07 85 AE FF 0B AC 89 AA 8B 92 FF 94 AD 98 93 87 85 AE 80 A8 93 81 82 98 0A 85 BF	でも わたしが ビルをころして なんのとくがあるというのですか。	Что мне дало бы убийство Билла?	26	4	Что мне дало бы убийство | Билла?	31
D0180	02	05964	05974	95		B6 B4 97 AD 9E 83 FF 8F AE 81 85 AE 87 9A AE B3 82 81 AD 95 81 8F 93 86 FF EA D9 AE FC D3 BF DE C7 D4 E7 FC 85 AE 9A AE B3 82 8B 8B 0C BF FF DC EC E7 FC BF C7 E9 C1 EC 98 8B 8F 81 95 99 FF 85 A9 AC 91 85 81 0C BF FF 85 A9 98 85 8E AE 87 95 99 A2 82 8B AB 88 94 85 B0 8F 93 FF 84 A2 09	20ねんまえ だいがくびょういんにいたとき ロバート。マクナリーがびょうししました。 ヘヲリー。クレイヲのしたいには かれをつかいました。 かれのかぞくにはもうしわけなかったと おもいます	20 лет назад в клинике умер Роберт Макналли.Его тело мы выдали за Клейна.Я виноват перед семьёй.	26	4	20 лет назад в клинике | умер Роберт Макналли.Его | тело мы выдали за Клейна.Я | виноват перед семьёй.	96
D0181	02	059C4	059D4	71		85 A9 98 A0 8C A1 98 FF CC FC CB AE FC 99 FF 8B 80 AB 8D 95 8B 8F 85 B0 8F BF FF 07 99 0B AC FF 89 AA 8C 91 A2 A7 92 AE FF E1 CC AC A2 B0 92 FF 9D AE 90 95 81 B0 8F BF 92 AE A2 FF E1 CC 99 91 85 81 08 92 AE 8B 8F	かれのむすめの スージーは しあわせにしたかった。 わたしはビルを ころすつもりで メスをもって ぼちにいった。でも メスはつかいませんでした	Я хотел счастья Сьюзи.Взял скальпель и пошёл убить Билла.Но не использовал его.	26	4	Я хотел счастья Сьюзи.Взял | скальпель и пошёл убить | Билла.Но не использовал | его.	79
D0182	02	05A2C	05A3C	26		CC FC CB AE FC 98 90 90 84 A3 98 8B B1 8B AD 0A 0D 93 94 A7 98 84 93 89 99 0D	スージーのちちおやのしゃしんです・・・となりのおとこは・・・	Фото отца Сьюзи.А мужчина рядом...	26	4	Фото отца Сьюзи.А мужчина | рядом...	34
D0183	02	05A47	05A57	74		EA D9 AE FC D3 BF DE C7 D4 E7 FC 99 FF DC EC E7 FC BF C7 E9 C1 EC 98 A4 82 8B AE AD 92 AE 8B 8F BF BF 85 A9 99 FF C7 E9 C1 EC 95 80 81 95 FF B6 B4 97 AD 9E 83 95 FF 89 89 95 86 8F 98 0A BF 8E 8B 92 FF 89 89 92 AE 8B 95 0C	ロバート。マクナリーは ヘヲリー。クレイヲのゆうじんでした。。かれは クレイヲにあいに 20ねんまえに ここにきたのです。そして ここでしにました	Роберт Макналли был другом Клейна.20 лет назад приехал к нему.И здесь умер.	26	4	Роберт Макналли был другом | Клейна.20 лет назад | приехал к нему.И здесь | умер.	75
D0184	02	05A98	05AA8	22		89 FF 89 A9 99 FF EA D9 AE FC D3 BF DE C7 D4 E7 FC 98 9D 97 0A 0D	こ これは ロバート。マクナリーのほねです・・・	Это кости Роберта Макналли...	26	4	Это кости Роберта | Макналли...	29
D0185	02	05AAF	05ABF	11		89 AD 94 8B AE 88 AD 99 BF BF 06	こんなじけんは。。しりません	Не знаю такого дела.	26	4	Не знаю такого дела.	20
D0186	02	05ABB	05ACB	8		07 99 0D 94 95 A2 0D 0D	わたしは・・・なにも・・・・・・	Я ничего...	26	4	Я ничего...	11
D0187	02	05AE0	05AF0	4		AB 85 A7 08	わかりません	Нет.	26	4	Нет.	4
D0188	02	05AE5	05AF5	12		07 99 99 AD 95 AD 92 AE 99 80 A7 08	わたしははんにんではありません	Я не убийца.	26	4	Я не убийца.	12
D0189	02	05AF2	05B02	8		86 B3 82 86 94 AD 92 06	きょうきなんてしりません	Оружие?Не знаю.	26	4	Оружие?Не знаю.	15
D0190	02	05AFB	05B0B	19		07 85 AE 8B B0 92 81 A8 AB 88 85 AE 94 81 92 AE 8B B3 82	わたしがしっているわけがないでしょう	Откуда мне знать?	26	4	Откуда мне знать?	17
D0191	02	05B0F	05B1F	7		8E FF 8E A9 99 0D 0D	そ それは・・・・・・	Э это...	26	4	Э это...	8
D0192	02	05B17	05B27	6		82 B0 FF 82 0D 0D	うっ う・・・・・・	Ух...	26	4	Ух...	5
D0193	02	05B1E	05B2E	6		0D E1 CC BF BF 0A	・・・メス。。です	Это скальпель.	26	4	Это скальпель.	14
D0194	02	05B25	05B35	10		DC FF DC EC E7 FC 85 AE 0D 0D	ヘ ヘヲリーが・・・・・・	Г Генри...	26	4	Г Генри...	10
D0195	02	05B30	05B40	36		07 99 FF E9 EC D2 AE E8 81 81 AD 98 85 AD 89 AE 9B 0A BF 80 98 A5 A8 99 FF 9C A3 95 81 0C BF FF 94 95 A2 06	わたしは レヲデルいいんのかんごふです。あのよるは へやにいました。 なにもしりません	Я медсестра клиники Ренделла.В ту ночь была в комнате.Я ничего не знаю.	26	4	Я медсестра клиники | Ренделла.В ту ночь была в | комнате.Я ничего не знаю.	71
D0196	02	05B55	05B65	78		07 99 FF 0B 93 91 86 80 B0 92 81 0C BF FF CB AE F1 D7 F0 D3 85 AE 81 94 81 93 86 95 FF 81 83 95 81 B0 8F 89 93 A2 80 A7 9E 8C BF FF CB AE F1 D7 F0 D3 93 AB 85 A9 92 FF 07 93 FF 88 B0 89 AD 8C A8 93 A2 81 81 0C BF 92 AE A2 FF 07 99 0D	わたしは ビルとつきあっていました。 ジャネットがいないときに いえにいったこともあります。 ジャネットとわかれて わたしと けっこんするともいいました。でも わたしは・・・	Я встречалась с Биллом без Джанет.Ходила к нему.Он обещал уйти от неё и жениться на мне.Но я...	26	4	Я встречалась с Биллом без | Джанет.Ходила к нему.Он | обещал уйти от неё и | жениться на мне.Но я...	95
D0197	02	05BA4	05BB4	48		88 B0 89 AD AC 8D 9E B0 92 FF 89 AA 8B 8F 94 AD 92 89 AE 85 81 0A BF 07 99 FF 94 95 A2 06 BF FF 0B 85 AE FF 0B 85 AE 81 88 94 85 B0 8F AD 0A 0D	けっこんをせまって ころしたなんてごかいです。わたしは なにもしりません。 ビルが ビルがいけなかったんです・・・	Я не убивала из-за свадьбы.Я ничего не знаю.Билл сам был виноват...	26	4	Я не убивала из-за | свадьбы.Я ничего не | знаю.Билл сам был | виноват...	67
D0198	02	05BD5	05BE5	76		0B 99 FF 07 95 F6 E7 D9 AE D2 C1 D9 AE EC C7 8B AE 88 AD F7 AC FF 99 94 8B 0C FF 90 90 99 FF 88 81 85 87 98 86 AE 8D 81 8B B1 85 A2 8B A9 94 81 93 FF 92 AE A2 FF 8D AD 8D 81 95 8F 8B 85 A1 A8 FF A4 82 86 99 80 A7 08 92 AE 8B 8F	ビルは わたしに「リバテイバヲクじけん」を はなしました ちちは けいかくのぎせいしゃかもしれないと でも せんせいにたしかめる ゆうきはありませんでした	Билл рассказал о деле Либерти Банк.Отец мог быть жертвой плана.Но я боялась спросить доктора.	26	4	Билл рассказал о деле | Либерти Банк.Отец мог быть | жертвой плана.Но я боялась | спросить доктора.	93
D0199	02	05C22	05C32	70		A2 82 FF 93 AE 82 92 AE A2 81 81 89 93 0A BF FF 07 99 FF 0B AC 93 A1 8F AD 0A BF FF 8E B0 93 8B 92 84 81 92 93 0D 8E 82 8C A9 99 AE FF 89 AD 94 89 93 95 0D 85 94 8B 81 89 93 95 99 FF 94 A6 94 85 B0 8F 98 95 0D	もう どうでもいいことです。 わたしは ビルをとめたんです。 そっとしておいてと・・・そうすれば こんなことに・・・かなしいことには ならなかったのに・・・	Теперь всё равно.Я просила Билла остановиться.Если бы он не лез туда этой трагедии не было бы...	26	4	Теперь всё равно.Я просила | Билла остановиться.Если бы | он не лез туда этой | трагедии не было бы...	96
D0200	02	05C6B	05C7B	10		0D 8E A9 99 FF 07 98 A2 98 0A	・・・それは わたしのものです	Это моё.	26	4	Это моё.	8
D0201	02	05C80	05C90	48		0B 93 80 82 93 86 FF 8B 92 81 8F 85 91 A6 0A BF FF 9F A6 A9 8F A6 9E 8C AE 81 85 A6 FF 9A 8B B3 98 CB C3 E7 FC 95 94 A7 8C 9E 8B 92 81 8F AD 0A	ビルとあうとき していたかつらです。 みられたらまずいから ひしょのシエリーになりすましていたんです	Я надевала парик к Биллу.Чтобы меня не узнали я изображала его секретаря Шелли.	26	4	Я надевала парик к | Биллу.Чтобы меня не узнали | я изображала его секретаря | Шелли.	79
D0202	02	05CB3	05CC3	62		DB E9 F0 D3 AE 85 AE FF 07 AC FF 80 81 8B 92 87 A9 92 81 8F 98 99 8B B0 92 81 0C 0D 92 AE A2 FF 07 99 0B 98 89 93 AC 0D FF 80 98 9A 93 98 80 81 99 0D FF 82 88 81 A9 A6 A9 94 85 B0 8F 0D	フレッドが わたしを あいしてくれていたのはしっていました・・・でも わたしはビルのことを・・・ あのひとのあいは・・・ うけいれられなかった・・・	Я знала что Фред меня любит.Но я любила Билла и не могла принять любовь Фреда...	26	4	Я знала что Фред меня | любит.Но я любила Билла и | не могла принять любовь | Фреда...	80
D0203	02	05D02	05D12	90		07 85 AE FF 90 81 8A 81 93 86 98 8B B1 8B AD 0A BF FF 9E 91 99 AE 91 83 98 84 93 89 85 AE 90 90 0A BF 8D AD 8E 82 92 AE FF 80 8B AC AB A8 87 8B 8F 8E 82 0A BF FF 9E AD 94 85 85 AE 07 92 AE FF 8E 98 A5 89 99 90 90 98 A4 82 8B AE AD 8F AE 93 FF 99 99 85 AE 81 B0 92 81 0C	わたしが ちいさいときのしゃしんです。 まつばつえのおとこがちちです。せんそうで あしをわるくしたそうです。 まんなかがわたしで そのよこはちちのゆうじんだと ははがいっていました	Фото из детства.Мужчина на костылях мой отец.Он ранен на войне.Я в центре.Рядом его друг.	26	4	Фото из детства.Мужчина на | костылях мой отец.Он ранен | на войне.Я в центре.Рядом | его друг.	89
D0204	02	05D5D	05D6D	58		07 99 FF 89 98 8B B1 8B AD AC FF 0B 95 9F 8D 8F 89 93 85 AE 80 A7 9E 8C 0B 99 FF 81 81 0C 0D F6 86 9F 98 84 93 82 8A AD 99 FF 9F 85 AE AB A7 95 94 B0 8F AD 8F AE A5 F7 B0 92	わたしは このしゃしんを ビルにみせたことがありますビルは いいました・・・「きみのおとうさんは みがわりになったんだよ」って	Я показывала фото Биллу.Он сказал.Твой отец стал подменой.	26	4	Я показывала фото Биллу.Он | сказал.Твой отец стал | подменой.	58
D0205	02	05D9C	05DAC	27		89 98 86 8B AE 98 9A 91 AE 88 99 FF 07 98 90 90 85 AE FF 94 87 94 B0 8F 93 8B 0A	このきじのひづけは わたしのちちが なくなったとしです	Статья датирована годом смерти отца.	26	4	Статья датирована годом | смерти отца.	36
D0206	02	05DD6	05DE6	10		07 99 0B AC 89 AA 8B 92 81 08	わたしはビルをころしていません	Я не убивала Билла.	26	4	Я не убивала Билла.	19
D0207	02	05DE1	05DF1	19		80 98 9A 93 AC FF 89 AA 8C 93 AE 82 86 94 93 AE 80 A7 08	あのひとを ころすどうきなどありません	Мне незачем его убивать.	26	4	Мне незачем его убивать.	24
D0208	02	05DF5	05E05	4		94 95 A2 06	なにもしりません	Нет.	26	4	Нет.	4
D0209	02	05DFA	05E0A	11		07 99 94 95 A2 8B A6 94 81 AD 0A	わたしはなにもしらないんです	Я ничего не знаю.	26	4	Я ничего не знаю.	17
D0210	02	05E0A	05E1A	23		0B AC FF 89 AA 8C 94 AD 92 85 AD 85 AE 83 8F 89 93 8A 83 FF 80 A7 08	ビルを ころすなんてかんがえたことさえ ありません	Я даже не думала убивать Билла.	26	4	Я даже не думала убивать | Билла.	31
D0211	02	05E22	05E32	14		9D AD 93 82 95 94 95 A2 8B A6 94 81 AD 0A	ほんとうになにもしらないんです	Я правда ничего не знаю.	26	4	Я правда ничего не знаю.	24
D0212	02	05E31	05E41	18		07 99 A0 8B AE 91 0A BF 8B AD 8B AE 92 87 8F AE 8A 81	わたしはむじつです。しんじてください	Я невиновна.Поверьте.	26	4	Я невиновна.Поверьте.	21
D0213	02	05E44	05E54	71		07 99 FF 0B BF EA DA AE EC CC AE 8B B1 90 B3 82 98 9A 8B B3 0A BF FF 80 98 9A 99 FF 85 81 8B B1 AC A3 8C AD 92 AE 81 0C BF FF 8B B1 90 B3 82 93 99 80 B0 92 81 94 81 AD 0A BF 07 99 99 AD 95 AD 92 AE 99 FF 80 A7 08	わたしは ビル。ロビヲズしゃちょうのひしょです。 あのひは かいしゃをやすんでいました。 しゃちょうとはあっていないんです。わたしははんにんでは ありません	Я секретарь Билла Роббинса.В тот день не работала.Шефа не видела.Я не убийца.	26	4	Я секретарь Билла | Роббинса.В тот день не | работала.Шефа не видела.Я | не убийца.	77
D0214	02	05E8C	05E9C	73		0B 99 FF D5 F2 FC E5 FC C7 92 AE FF 8A AE 81 8A AD A1 80 92 92 AE FF 81 A2 82 93 93 88 B0 89 AD 8B 0C BF FF 0B 99 FF 84 85 97 AC 8B AE 86 AE B3 82 95 91 86 AE 89 9F FF 91 85 B0 92 8B 9E 82 93 FF 81 A2 82 93 AC 8C 92 0C	ビルは ニューヨークで ざいさんめあてで いもうととけっこんしました。 ビルは おかねをじぎょうにつぎこみ つかってしまうと いもうとをすてました	В Нью Йорке Билл женился на моей сестре ради денег.Вложил всё в бизнес и бросил её.	26	4	В Нью Йорке Билл женился | на моей сестре ради | денег.Вложил всё в бизнес | и бросил её.	83
D0215	02	05ED6	05EE6	88		84 85 97 85 AE 94 87 94 A8 93 FF 81 A2 82 93 85 AE 8B AE B1 9E 95 94 A7 FF 9A 93 AE 81 8B 82 90 AC 8B 0C BF FF 81 A2 82 93 99 FF 8B AE 8A 91 8B 0C 0D FF 07 99 FF 9B 87 8B B2 82 8C A8 91 A2 A7 92 AE FF 89 89 95 86 0C BF FF 92 AE A2 FF 99 AE 85 94 89 93 99 A3 A1 0C	おかねがなくなると いもうとがじゃまになり ひどいしうちをしました。 いもうとは じさつしました・・・ わたしは ふくしゅうするつもりで ここにきました。 でも ばかなことはやめました	Когда деньги кончились он издевался над ней.Она покончила с собой.Я пришла мстить.Но отказалась?	26	4	Когда деньги кончились он | издевался над ней.Она | покончила с собой.Я пришла | мстить.Но отказалась?	96
D0216	02	05F2F	05F3F	38		9D AD 93 0A BF FF E6 E8 DB 95 FF 8D B0 93 87 8A A9 92 FF 07 99 FF 84 A2 81 93 93 AE 9E A7 0C BF FF 9D AD 93 82 0A	ほんとです。 ラルフに せっとくされて わたしは おもいとどまりました。 ほんとうです	Правда.Ральф отговорил меня.Я остановилась?	26	4	Правда.Ральф отговорил | меня.Я остановилась?	43
D0217	02	05F56	05F66	12		07 99 FF 0B AC 89 AA 8B 92 99 81 08	わたしは ビルをころしてはいません	Я не убивала Билла.	26	4	Я не убивала Билла.	19
D0218	02	05F63	05F73	11		07 98 A2 98 92 AE 99 FF 80 A7 08	わたしのものでは ありません	Это не моё.	26	4	Это не моё.	11
D0219	02	05F7D	05F8D	12		8E A9 99 FF 07 98 DA AF CC D3 E8 0A	それは わたしのピストルです	Это мой пистолет.	26	4	Это мой пистолет.	17
D0220	02	05F8A	05F9A	95		0D 81 A2 82 93 FF D3 AE EA CB FC 99 FF D5 F2 FC E5 FC C7 92 AE 0B 93 88 B0 89 AD 8B 0C BF FF 9B 89 82 94 88 B0 89 AD 8D 81 85 91 92 AE 8B 8F BF FF 81 A2 82 93 99 FF 0B 95 89 AA 8A A9 8F A5 82 94 A2 98 0A BF 07 99 FF 89 98 DA AF CC D3 E8 92 AE FF 0B AC 89 AA 8E 82 93 84 A2 B0 92 81 0C	・・・いもうと ドロシーは ニューヨークでビルとけっこんしました。 ふこうなけっこんせいかつでした。 いもうとは ビルにころされたようなものです。わたしは このピストルで ビルをころそうとおもっていました	Моя сестра Дороти вышла за Билла в Нью Йорке.Брак был ужасным.Она умерла из-за него.Я хотела убить Билла.	26	4	Моя сестра Дороти вышла за | Билла в Нью Йорке.Брак был | ужасным.Она умерла из-за | него.Я хотела убить Билла.	105
D0221	02	05FEA	05FFA	5		8E A9 99 0D 0D	それは・・・・・・	Это...	26	4	Это...	6
D0222	03	06000	06010	61		92 DA AF CC D3 E8 AC A2 B0 8F 93 86 FF E6 E8 DB 85 AE 93 A1 8F 98 0A BF 8E 98 93 86 FF 9D AE 82 99 91 8B 92 E6 E8 DB 99 FF 88 85 AE AC 8B 0C BF 8E 98 90 99 FF 8E 98 93 86 98 A2 98 0A	てピストルをもったとき ラルフがとめたのです。そのとき ぼうはつしてラルフは けがをしました。そのちは そのときのものです	Я взяла пистолет.Ральф остановил меня.Выстрел ранил его.Это его кровь?	26	4	Я взяла пистолет.Ральф | остановил меня.Выстрел | ранил его.Это его кровь?	70
D0223	03	0606E	0607E	12		07 99 99 AD 95 AD 92 AE 99 80 A7 08	わたしははんにんではありません	Я не убийца.	26	4	Я не убийца.	12
D0224	03	0607B	0608B	23		07 95 FF 8B B1 90 B3 82 AC 89 AA 8C FF 93 AE 82 86 94 AD 92 80 A7 08	わたしに しゃちょうをころす どうきなんてありません	У меня нет мотива убивать шефа.	26	4	У меня нет мотива убивать | шефа.	31
D0225	03	06095	060A5	4		AB 85 A7 08	わかりません	Нет.	26	4	Нет.	4
D0226	03	0609A	060AA	4		AB 85 A7 08	わかりません	Нет.	26	4	Нет.	4
D0227	03	0609F	060AF	53		0B 99 FF 81 A2 82 93 AC 89 AA 8B 8F A5 82 94 A2 98 0A BF FF 07 99 9B 87 8B B2 82 98 86 85 81 AC 97 A6 B0 92 81 0C BF 92 AE A2 FF 07 99 89 AA 8B 92 94 81 AD 0A	ビルは いもうとをころしたようなものです。 わたしはふくしゅうのきかいをねらっていました。でも わたしはころしてないんです	Билл убил мою сестру.Я ждала шанса отомстить.Но я его не убивала.	26	4	Билл убил мою сестру.Я | ждала шанса отомстить.Но я | его не убивала.	65
D0228	03	060D5	060E5	10		07 95 99 94 95 A2 AB 85 A7 08	わたしにはなにもわかりません	Я ничего не знаю.	26	4	Я ничего не знаю.	17
D0229	03	060E0	060F0	13		90 85 AE 09 BF FF 07 99 A3 B0 92 81 08	ちがいます。 わたしはやっていません	Нет.Это не я.	26	4	Нет.Это не я.	13
D0230	03	060EE	060FE	46		07 99 C5 AE CC E6 C1 D3 BF CB C0 CF FC 98 C4 FC D4 FC 8F AE BF FF 8B AE 88 AD 95 99 FF 85 AD 88 81 94 81 BF FF 99 A3 87 85 83 8B 92 87 A9	わたしはガスライト。シアターのオーナーだ。 じけんには かんけいない。 はやくかえしてくれ	Я владелец Гаслайт Театра.К делу не причастен.Отпустите.	26	4	Я владелец Гаслайт | Театра.К делу не | причастен.Отпустите.	56
D0231	03	0611D	0612D	71		89 98 8B AE 88 AD 93 F6 E9 F0 D3 AE CF C1 BF C7 E6 DB AE F7 85 AE FF 85 AD 88 81 80 A8 93 81 82 98 85 97 BF FF 80 98 A5 A8 99 FF 9D AE 90 98 90 85 87 AC 8A AD 9D AF 8B 92 81 8F FF 8F 8F AE FF 8E A9 8F AE 88 8F AE	このじけんと「レッドタイ。クラブ」が かんけいあるというのかね。 あのよるは ぼちのちかくをさんぽしていた ただ それだけだ	Это дело связано с Ред Тай Клуб?В ту ночь я гулял у кладбища.Вот и всё.	26	4	Это дело связано с Ред Тай | Клуб?В ту ночь я гулял у | кладбища.Вот и всё.	71
D0232	03	06165	06175	33		0B AC 89 AA 8B 92 FF 94 AD 95 94 A8 98 8F AE BF FF 9F 89 9F 90 85 AE 81 A2 FF 99 94 99 8F AE 8B 81	ビルをころして なんになるのだ。 みこみちがいも はなはだしい	Что мне дало бы убийство Билла?Вы ошиблись?	26	4	Что мне дало бы убийство | Билла?Вы ошиблись?	43
D0233	03	06187	06197	89		07 8F 90 99 FF 0B 95 A5 9A AE 8F AE 8A A9 92 FF CF AE C2 EC CC AE DA E8 CC AE 9D AE 90 95 FF 80 91 9E B0 8F BF 0B 99 FF 85 AD 8D AE AD 99 AD 8A AE 81 AC FF 80 99 AE 89 82 93 8B 8F 98 8F AE BF FF 85 87 8B 8F 85 97 AC FF AB 8F 8C A5 82 95 FF 0B 99 A5 82 86 B2 82 8B 8F	わたしたちは ビルによびだされて ダウヲズヒルズぼちに あつまった。ビルは かんぜんはんざいを あばこうとしたのだ。 かくしたかねを わたすように ビルはようきゅうした	Билл вызвал нас на кладбище.Он раскрыл наше преступление.Потребовал спрятанные деньги.	26	4	Билл вызвал нас на | кладбище.Он раскрыл наше | преступление.Потребовал | спрятанные деньги.	86
D0234	03	061E1	061F1	36		99 94 8B 92 81 A8 93 86 95 FF 82 8B AA 85 A6 0B AC 8A 8B 8F 98 99 0D DC EC E7 FC FF BF C7 E9 C1 EC 8F AE 0D	はなしているときに うしろからビルをさしたのは・・・ヘヲリー 。クレイヲだ・・・	Когда мы говорили.Билла сзади ударил Генри Клейн...	26	4	Когда мы говорили.Билла | сзади ударил Генри | Клейн...	51
D0235	03	06226	06236	11		8B A6 AD 94 FF 8E AD 94 84 93 89	しらんな そんなおとこ	Не знаю такого.	26	4	Не знаю такого.	15
D0236	03	06234	06244	13		93 AE 89 85 A6 FF 89 AD 94 A2 98 AC 0D	どこから こんなものを・・・	Откуда это у вас?	26	4	Откуда это у вас?	17
D0237	03	06242	06252	10		AB 8B 99 94 95 A2 8B A6 AD 0D	わしはなにもしらん・・・	Я ничего не знаю...	26	4	Я ничего не знаю...	19
D0238	03	0624D	0625D	27		E9 F0 D3 AE CF C1 BF C7 E6 DB AE 93 FF 8E 98 8B AE 88 AD 99 85 AD 88 81 94 81 0D	レッドタイ。クラブと そのじけんはかんけいない・・・	Ред Тай Клуб не связан с этим делом...	26	4	Ред Тай Клуб не связан с | этим делом...	38
D0239	03	0626B	0627B	7		94 95 A2 FF 8B A6 AD	なにも しらん	Ничего не знаю.	26	4	Ничего не знаю.	15
D0240	03	06289	06299	21		DC EC E7 FC BF C7 E9 C1 EC 99 FF 8C 92 AE 95 8B AD 8F AE BF BF	ヘヲリー。クレイヲは すでにしんだ。。	Генри Клейн давно мёртв.	26	4	Генри Клейн давно мёртв.	24
D0241	03	0629F	062AF	36		0B 99 89 82 81 B0 8F 0D F6 E9 F0 D3 AE CF C1 BF C7 E6 DB AE 99 FF 8A 91 8B AE AD 87 A6 9B AE 8F AE F7 93 0D	ビルはこういった・・・「レッドタイ。クラブは さつじんくらぶだ」と・・・	Билл сказал Ред Тай Клуб это клуб убийц...	26	4	Билл сказал Ред Тай Клуб | это клуб убийц...	42
D0242	03	062C4	062D4	8		07 99 94 95 A2 8B A6 AD	わたしはなにもしらん	Я ничего не знаю.	26	4	Я ничего не знаю.	17
D0243	03	062CD	062DD	20		99 AD 95 AD 92 AE 99 94 81 93 FF 81 B0 92 81 A8 8F AE AA 82	はんにんではないと いっているだろう	Я сказал,что не убийца.	26	4	Я сказал,что не убийца.	23
D0244	03	062E2	062F2	11		94 95 A2 99 94 8C 89 93 99 94 81	なにもはなすことはない	Мне нечего сказать.	26	4	Мне нечего сказать.	19
D0245	03	062EE	062FE	4		8B A6 AD 97	しらんね	Нет.	26	4	Нет.	4
D0246	03	062F3	06303	6		0D 0D 8B A6 AD 0D	・・・・・・しらん・・・	Не знаю...	26	4	Не знаю...	10
D0247	03	062FA	0630A	7		8E FF 8E A9 99 0D 0D	そ それは・・・・・・	Э это...	26	4	Э это...	8
D0248	03	06302	06312	8		94 95 A2 FF 8B A6 AD 0D	なにも しらん・・・	Ничего не знаю...	26	4	Ничего не знаю...	17
D0249	03	0630F	0631F	61		07 99 FF 8B B3 82 8D 91 85 0A BF 8B AE 88 AD 98 93 86 99 FF 88 AE AD 89 82 AC FF 85 81 92 81 0C BF FF 0B BF EA DA AE EC CC AE AC 89 AA 8B 8F 94 AD 92 94 95 85 98 9E 90 85 AE 81 0A BF	わたしは しょうせつかです。じけんのときは げんこうを かいていました。 ビル。ロビヲズをころしたなんてなにかのまちがいです。	Я писатель.Во время убийства писал рукопись.Убийство Билла какая-то ошибка.	26	4	Я писатель.Во время | убийства писал | рукопись.Убийство Билла | какая-то ошибка.	75
D0250	03	0634D	0635D	48		07 99 FF 87 A8 9E 98 89 93 92 AE FF 0B 95 99 AE 85 95 8A A9 92 FF 87 A3 8B 81 84 A2 81 AC FF 8A 8D A6 A9 0C BF FF 92 AE A2 89 AA 8C 94 AD 92 0D	わたしは くるまのことで ビルにばかにされて くやしいおもいを させられました。 でもころすなんて・・・	Билл унижал меня из-за машины.Мне было обидно.Но убивать его...	26	4	Билл унижал меня из-за | машины.Мне было обидно.Но | убивать его...	63
D0251	03	0637E	0638E	18		9D AD 93 82 0A BF FF 8B AD A5 82 8B 92 87 8F AE 8A 81	ほんとうです。 しんようしてください	Это правда.Поверьте.	26	4	Это правда.Поверьте.	20
D0252	03	06391	063A1	86		EA DA AE EC CC AE 8B B3 82 85 81 98 FF 90 B2 82 8B B1 8B AE B3 82 85 A6 87 A8 9E AC 96 8C AD 8F AE 98 99 07 0A BF 8B B3 82 8D 91 99 FF 82 A9 94 81 8B FF 8D 81 85 91 95 A2 FF 89 9E A8 80 A7 8A 9E 92 AE 8B 8F BF FF 8C 9F 08 BF FF 92 AE 86 89 AE 89 AA 94 AD 0A	ロビヲズしょうかいの ちゅうしゃじょうからくるまをぬすんだのはわたしです。しょうせつは うれないし せいかつにも こまるありさまでした。 すみません。 できごころなんです	Я украл машину у Роббинс Компани.Книги не продавались.Денег не было.Простите.Я сорвался.	26	4	Я украл машину у Роббинс | Компани.Книги не | продавались.Денег не | было.Простите.Я сорвался.	88
D0253	03	063E8	063F8	39		87 A8 9E 99 96 8C A1 92 A2 FF 9A 93 89 AE AA 8B 99 92 AE 86 08 BF FF 9D AD 93 82 0A BF 8B AD 8B AE 92 87 8F AE 8A 81	くるまはぬすめても ひとごろしはできません。 ほんとうです。しんじてください	Машину я мог украсть.Но человека не убивал.Поверьте.	26	4	Машину я мог украсть.Но | человека не | убивал.Поверьте.	52
D0254	03	0644C	0645C	4		89 A9 99 0D	これは・・・	Это...	26	4	Это...	6
D0255	03	06451	06461	18		89 98 84 85 97 99 FF 87 A8 9E AC FF 82 B0 8F 85 97 0A	このおかねは くるまを うったかねです	Это деньги от продажи машины.	26	4	Это деньги от продажи | машины.	29
D0256	03	0646C	0647C	8		07 8B AE B1 FF 80 A7 08	わたしじゃ ありません	Это не я.	26	4	Это не я.	9
D0257	03	06475	06485	6		8B A6 94 81 AD 0A	しらないんです	Не знаю.	26	4	Не знаю.	8
D0258	03	0647C	0648C	6		9D AD 93 82 95 06	ほんとうにしりません	Правда не знаю?	26	4	Правда не знаю?	15
D0259	03	06485	06495	17		07 99 FF 9A 93 89 AE AA 8B 8B 94 AD 92 8B 92 81 08	わたしは ひとごろししなんてしていません	Я никого не убивал.	26	4	Я никого не убивал.	19
D0260	03	06497	064A7	16		9D AD 93 82 0A BF 8B AD 8B AE 92 87 8F AE 8A 81	ほんとうです。しんじてください	Правда.Поверьте?	26	4	Правда.Поверьте?	16
D0261	03	064A8	064B8	7		94 95 A2 8B 92 81 08	なにもしていません	Я ничего не делал.	26	4	Я ничего не делал.	18
D0262	03	064B0	064C0	25		07 99 FF 9A 93 AC 89 AA 8D A8 A5 82 94 FF 95 AD 88 AE AD 92 AE 99 80 A7 08	わたしは ひとをころせるような にんげんではありません	Я не способен убить человека.	26	4	Я не способен убить | человека.	29
D0263	03	064CA	064DA	82		07 99 FF DE D5 C3 E8 BF D9 AE FC C7 E7 FC FF DB AE E6 CB AE E8 85 A6 98 FF A7 B3 89 82 8B B1 0A BF 07 85 AE FF 94 95 AC 8B 8F 93 81 82 98 0A 85 BF C0 E1 E7 C5 98 88 81 8A 91 99 FF A6 AD 9D AE 82 94 89 93 AC FF 8B 9E 8C 97 BF 07 99 A0 8B AE 91 0A	わたしは マニエル。バークリー ブラジルからの りょこうしゃです。わたしが なにをしたというのですか。アメリカのけいさつは らんぼうなことを しますね。わたしはむじつです	Я Мануэль Баркли.Турист из Бразилии.Что я сделал?Полиция США груба.Я невиновен.	26	4	Я Мануэль Баркли.Турист из | Бразилии.Что я | сделал?Полиция США груба.Я | невиновен.	79
D0264	03	0651D	0652D	77		07 99 FF DC EC E7 FC BF C7 E9 C1 EC 98 89 93 AC 86 86 8F 87 92 FF EA DA AE EC CC AE 8B B3 82 85 81 95 81 86 0C FF 0B BF EA DA AE EC CC AE 8A AD 93 99 FF 8E 98 93 86 FF 99 8B AE A1 92 80 81 0C BF FF 85 A9 99 94 95 A2 06 92 AE 8B 8F	わたしは ヘヲリー。クレイヲのことをききたくて ロビヲズしょうかいにいきました ビル。ロビヲズさんとは そのとき はじめてあいました。 かれはなにもしりませんでした	Я пришёл в Роббинс Компани узнать о Клейне.Там впервые увидел Билла.Он ничего не знал.	26	4	Я пришёл в Роббинс Компани | узнать о Клейне.Там | впервые увидел Билла.Он | ничего не знал.	86
D0265	03	0656B	0657B	51		91 86 AE 98 9A FF DD D2 E8 95 EA DA AE EC CC AE 8A AD 85 AE 86 92 FF DC EC E7 FC BF C7 E9 C1 EC 98 99 94 8B AC FF 86 81 92 81 86 0C BF 8E A9 8F AE 88 0A	つぎのひ ホテルにロビヲズさんがきて ヘヲリー。クレイヲのはなしを きいていきました。それだけです	На другой день Билл пришёл в отель и спросил о Клейне.Вот и всё.	26	4	На другой день Билл пришёл | в отель и спросил о | Клейне.Вот и всё.	64
D0266	03	0659F	065AF	83		07 99 FF DB AE E6 CB AE E8 92 AE FF 8B 89 AE 93 95 8B B0 99 AF 81 8B 92 8B 9E 81 FF C3 D3 AE EB FC D3 AE BF EA DA AE EC CC AE 8A AD AC FF 8F A5 B0 92 86 8F 98 0A BF FF EA DA AE EC CC AE 8A AD 95 FF 85 97 AC 85 A7 A5 82 93 FF 84 A2 B0 92 81 8F AD 0A	わたしは ブラジルで しごとにしっぱいしてしまい エドワード。ロビヲズさんを たよってきたのです。 ロビヲズさんに かねをかりようと おもっていたんです	В Бразилии я разорился и приехал к Эдварду Роббинсу.Хотел занять у него денег.	26	4	В Бразилии я разорился и | приехал к Эдварду | Роббинсу.Хотел занять у | него денег.	78
D0267	03	065F3	06603	61		0B BF EA DA AE EC CC AE 8A AD 95 99 FF A0 85 8B 98 99 94 8B AC 8B 8F 85 A6 FF 85 97 AC A2 A6 82 89 93 95 94 B0 92 81 0C BF 92 AE A2 FF EA DA AE EC CC AE 8A AD 99 86 08 92 AE 8B 8F BF	ビル。ロビヲズさんには むかしのはなしをしたから かねをもらうことになっていました。でも ロビヲズさんはきませんでした。	Я рассказал Биллу старую историю и он обещал заплатить.Но не пришёл.	26	4	Я рассказал Биллу старую | историю и он обещал | заплатить.Но не пришёл.	68
D0268	03	06651	06661	11		89 98 84 93 89 98 9A 93 99 0D 0D	このおとこのひとは・・・・・・	Этот мужчина...	26	4	Этот мужчина...	15
D0269	03	0665D	0666D	38		07 99 FF 9A 8F AE A7 98 84 93 89 98 8B 8F 81 AC FF DC EC E7 FC BF C7 E9 C1 EC 98 81 83 9E 92 AE FF 99 89 9A AE 0C	わたしは ひだりのおとこのしたいを ヘヲリー。クレイヲのいえまで はこびました	Я перевёз тело мужчины слева в дом Генри Клейна.	26	4	Я перевёз тело мужчины | слева в дом Генри Клейна.	48
D0270	03	06688	06698	37		89 98 8B AE 88 AD 85 AE 80 B0 8F 93 86 FF 07 99 EA DA AE EC CC AE 8B B3 82 85 81 92 AE 99 8F A6 81 92 81 0C 0D	このじけんがあったとき わたしはロビヲズしょうかいではたらいていました・・・	Когда это случилось я работал в Роббинс Компани...	26	4	Когда это случилось я | работал в Роббинс | Компани...	50
D0271	03	066AE	066BE	23		07 99 FF 8B 8F 81 AC 99 89 9B AE FF 92 91 8F AE 81 AC 8B 8F AD 0A 0D	わたしは したいをはこぶ てつだいをしたんです・・・	Я помог перевезти тело...	26	4	Я помог перевезти тело...	25
D0272	03	066E2	066F2	12		07 99 99 AD 95 AD 92 AE 99 80 A7 08	わたしははんにんではありません	Я не убийца.	26	4	Я не убийца.	12
D0273	03	066F1	06701	22		94 95 A2 8B A6 94 81 98 0A 85 A6 FF 89 8F 83 A5 82 85 AE 80 A7 08	なにもしらないのですから こたえようがありません	Я ничего не знаю и не могу ответить.	26	4	Я ничего не знаю и не могу | ответить.	36
D0274	03	06708	06718	4		AB 85 A7 08	わかりません	Нет.	26	4	Нет.	4
D0275	03	0670D	0671D	33		07 99 B6 B4 97 AD 9E 83 95 FF C7 E9 C1 EC 92 81 95 FF 8B 8F 81 AC 99 89 9A AE FF 9A AC 91 88 0C 0D	わたしは20ねんまえに クレイヲていに したいをはこび ひをつけました・・・	20 лет назад я отвёз тело в дом Клейна и поджёг дом...	26	4	20 лет назад я отвёз тело | в дом Клейна и поджёг | дом...	54
D0276	03	0672F	0673F	25		8E A9 99 FF EA DA AE EC CC AE 85 81 90 B3 82 95 FF 8F 98 9E A9 8F 85 A6 0A	それは ロビヲズかいちょうに たのまれたからです	Меня попросил Эдвард Роббинс.	26	4	Меня попросил Эдвард | Роббинс.	29
D0277	03	06749	06759	12		07 99 FF 07 99 94 95 A2 8B 92 81 08	わたしは わたしはなにもしていません	Я ничего не делал.	26	4	Я ничего не делал.	18
D0278	03	06756	06766	10		8B AD 8B AE 92 87 8F AE 8A 81	しんじてください	Поверьте.	26	4	Поверьте.	9
D0279	03	06762	06772	22		D2 FC DB AE E8 98 A0 89 82 95 99 FF 8F AE A9 A2 81 94 85 B0 8F BF	テーブルのむこうには だれもいなかった。	За столом никого не было.	26	4	За столом никого не было.	25
D0280	03	06779	06789	27		8E 98 A5 82 86 AE 8B B1 99 FF D2 FC DB AE E8 98 A0 89 82 95 8C AB B0 92 81 8F BF	そのようぎしゃは テーブルのむこうにすわっていた。	Подозреваемый сидел за столом.	26	4	Подозреваемый сидел за | столом.	30
D0281	03	06795	067A5	38		81 9E 98 93 89 AA FF 8B AE 88 AD 93 FF 85 AD 88 81 85 AE 80 A8 93 84 A2 AB A9 A8 FF 8B A7 B3 82 99 94 85 B0 8F BF	いまのところ じけんと かんけいがあるとおもわれる しりょうはなかった。	Пока в архивах нет данных связанных с делом.	26	4	Пока в архивах нет данных | связанных с делом.	44
D0282	03	067C2	067D2	7		07 99 0D 94 95 A2 06	わたしは・・・なにもしりません	Я ничего не знаю.	26	4	Я ничего не знаю.	17
D0283	03	067CA	067DA	11		AB 8B 99 FF 94 95 A2 8B A6 AD FF	わしは なにもしらん 	Я ничего не знаю.	26	4	Я ничего не знаю.	17
D0284	03	067D6	067E6	13		9D AE 87 95 99 FF 94 95 A2 AB 85 A7 08	ぼくには なにもわかりません	Я ничего не знаю.	26	4	Я ничего не знаю.	17
D0285	03	067E4	067F4	21		07 95 99 94 AD 98 89 93 8F AE 85 FF 8A B0 99 AF A7 AB 85 A7 08	わたしにはなんのことだか さっぱりわかりません	Я понятия не имею.	26	4	Я понятия не имею.	18
D0286	03	067FA	0680A	25		94 95 A2 06 BF 8B A6 94 81 89 93 99 FF 84 99 94 8B A5 82 85 AE 80 A7 08 97	なにもしりません。しらないことは おはなしようがありませんね	Ничего не знаю.Нечего рассказать.	26	4	Ничего не знаю.Нечего | рассказать.	33
D0287	03	06814	06824	11		8A 80 FF 94 AD 95 A2 AB 85 A7 08	さあ なんにもわかりません	Ничего не знаю.	26	4	Ничего не знаю.	15
D0288	03	06820	06830	13		07 99 FF 94 95 A2 8B A6 94 81 85 AE 0D	わたしは なにもしらないが・・・	Я ничего не знаю...	26	4	Я ничего не знаю...	19
D0289	03	0682E	0683E	5		94 95 A2 FF 06	なにも しりません	Ничего.	26	4	Ничего.	7
D0290	03	06834	06844	8		94 AD 95 A2 AB 85 A7 08	なんにもわかりません	Ничего не знаю.	26	4	Ничего не знаю.	15
D0291	03	0683D	0684D	27		AB 8B 95 FF 94 95 AC 89 8F 83 AA B0 92 81 82 AD 8F AE BF 94 AD 95 A2 8B A6 AD A5	わしに なにをこたえろっていうんだ。なんにもしらんよ	Что я должен сказать?Ничего не знаю?	26	4	Что я должен | сказать?Ничего не знаю?	36
D0292	03	06859	06869	32		88 81 8B AE 8A AD FF 07 99 94 95 A2 8B A6 94 81 AD 0A BF 99 A3 87 85 83 8B 92 87 8F AE 8A 81 A5	けいじさん わたしはなにもしらないんです。はやくかえしてくださいよ	Детектив я ничего не знаю.Отпустите меня.	26	4	Детектив я ничего не | знаю.Отпустите меня.	41
D0293	03	0687A	0688A	6		07 99 94 95 A2 06	わたしはなにもしりません	Я ничего не знаю.	26	4	Я ничего не знаю.	17
D0294	03	06881	06891	101		07 93 FF C3 D3 AE EB FC D3 AE BF EA DA AE EC CC AE FF CA C1 E2 EC BF E9 EC D2 AE E8 FF CB AE C3 C1 E0 CC BF DE C7 DC AE C1 EC 98 FF B8 95 AD 99 FF B6 B4 97 AD 9E 83 95 FF F6 E9 F0 D3 AE CF C1 BF C7 E6 DB AE F7 93 81 82 FF 8C 81 A7 8B B3 82 8D 91 DE D5 C0 98 80 91 9E A7 98 FF E1 EC D9 AE FC 92 AE 8B 8F	わたしと エドワード。ロビヲズ サイモヲ。レヲデル ジエイムス。マクベイヲの 4にんは 20ねんまえに 「レッドタイ。クラブ」という すいりしょうせつマニアのあつまりの メヲバーでした	Мы,Эдвард Роббинс,Саймон Ренделл и Джеймс Макбейн,были в Ред Тай Клуб любителей детективов.	26	4	Мы,Эдвард Роббинс,Саймон | Ренделл и Джеймс | Макбейн,были в Ред Тай | Клуб любителей детективов.	91
D0295	03	068E7	068F7	88		C7 E6 DB AE 92 AE 99 FF 8B AE 8A 87 98 8C 81 A7 8B B3 82 8D 91 AC FF 99 B0 9A AF B3 82 8B 8A 87 9A AD 95 91 81 92 FF 9A 9A B3 82 8B 80 B0 92 81 0C BF 8B 85 8B FF 8E 82 81 82 89 93 AC 8B 92 81 A8 82 90 FF 8E A9 8F AE 88 92 AE 99 FF 80 86 8F A6 94 87 94 B0 92 86 0C	クラブでは じさくのすいりしょうせつを はっぴょうしさくひんについて ひひょうしあっていました。しかし そういうことをしているうち それだけでは あきたらなくなってきました	Мы читали свои детективы и критиковали их.Но со временем этого стало мало.	26	4	Мы читали свои детективы и | критиковали их.Но со | временем этого стало мало.	74
D0296	03	06940	06950	97		8B AE 9B AE AD 8F 90 92 AE FF 85 AD 8D AE AD 99 AD 8A AE 81 AC FF 8B AE B0 89 82 8B 92 9F 8F 87 94 B0 8F 98 0A BF FF 99 AD 95 AD AC FF 8B AD 8F AE 89 93 95 8B 92 FF 9C AE 91 98 95 AD 88 AE AD 95 94 A7 8C 9E 8C BF 8E 8B 92 FF 8B AE 88 AD 99 A1 81 86 B2 82 81 A7 93 94 A8 FF 93 81 82 A2 98 0A	じぶんたちで かんぜんはんざいを じっこうしてみたくなったのです。 はんにんを しんだことにして べつのにんげんになりすます。そして じけんはめいきゅういりとなる というものです	Мы задумали идеальное дело.Преступник умрёт и станет другим человеком.А дело останется тайной.	26	4	Мы задумали идеальное | дело.Преступник умрёт и | станет другим человеком.А | дело останется тайной.	94
D0297	03	069A2	069B2	99		8E 98 93 86 98 07 99 FF 8B B3 82 8D 91 98 99 AD 95 AD 95 FF 92 86 8B 8F 8B AE B3 82 86 B3 82 92 AE 8B 8F BF FF 85 8E AE 87 99 81 94 81 FF 9A 85 AE 80 8A 81 85 A6 85 84 85 AE 8B A6 A9 92 81 94 81 BF FF 07 98 8B AE B3 82 9D 82 99 8C 87 94 87 86 AE AD 89 82 98 8C 81 93 82 85 AE 85 A7 AC 8B 92 81 A8	そのときのわたしは しょうせつのはんにんに てきしたじょうきょうでした。 かぞくはいない ひがあさいからかおがしられていない。 わたしのじょうほうはすくなくぎんこうのすいとうがかりをしている	Я подходил на роль.У меня не было семьи.Я был новым человеком в городе и работал кассиром банка.	26	4	Я подходил на роль.У меня | не было семьи.Я был новым | человеком в городе и | работал кассиром банка.	96
D0298	03	06A06	06A16	89		DC EC E7 FC BF C7 E9 C1 EC 99 FF 8B AD 92 AE FF 07 99 9A B0 8E A7 93 9E 90 AC 92 AE 92 81 86 0C BF FF 8E 98 93 86 95 FF 07 95 85 85 AB A8 A2 98 99 A3 81 92 8B 9E 81 0C BF FF 89 89 95 99 FF 07 95 85 85 AB A8 A2 98 99 FF 98 89 B0 92 81 94 81 99 8C AE 8F AE B0 8F 98 0A	ヘヲリー。クレイヲは しんで わたしはひっそりとまちをでていきました。 そのときに わたしにかかわるものはやいてしまいました。 ここには わたしにかかわるものは のこっていないはずだったのです	Генри Клейн умер а я тайно уехал.Мы сожгли всё обо мне.Следов не должно было остаться.	26	4	Генри Клейн умер а я тайно | уехал.Мы сожгли всё обо | мне.Следов не должно было | остаться.	86
D0299	03	06A60	06A70	100		07 99 FF 8D 81 88 81 8B B2 8B AE B2 91 AC 82 88 FF CB AE F3 FC BF C6 F1 E7 EC D3 EC 93 94 A7 FF 9C AE 91 98 95 AD 88 AE AD 93 8B 92 FF DE FC CA 93 8A 81 89 AD 8B 8B AE 91 98 89 93 AE A2 8A 83 FF 80 8A AE A0 81 92 86 0C BF FF 07 99 FF FF DE FC CA 95 FF 8F AE 88 99 8B AD 8B AE 91 AC 80 85 8B 92 81 0C	わたしは せいけいしゅじゅつをうけ ジョー。キャリヲトヲとなり べつのにんげんとして マーサとさいこんしじつのこどもさえ あざむいてきました。 わたしは  マーサに だけはしんじつをあかしていました	После операции я стал Джо Кэррингтоном.Женился на Марте.Лишь она знала правду.	26	4	После операции я стал Джо | Кэррингтоном.Женился на | Марте.Лишь она знала | правду.	78
D0300	03	06AC5	06AD5	101		84 82 A7 B3 82 86 AD 99 FF DE C7 DC AE C1 EC 85 AE FF 07 98 8F A1 95 FF 89 98 93 90 92 AE FF 9B 93 AE 82 8A AD 86 AE B3 82 85 AE FF 92 AE 86 A8 A5 82 95 FF 8B 92 87 A9 0C BF 80 A9 85 A6 B5 B9 97 AD FF 07 99 9B 8F 8F 9A AE 89 98 9E 90 9C FF 9C AE 91 98 FF 8B AE AD 9B AE 91 93 8B 92 80 A6 AB A9 8F 98 0A	おうりょうきんは マクベイヲが わたしのために このとちで ふどうさんぎょうが できるように してくれました。あれから15ねん わたしはふたたびこのまちへ べつの じんぶつとしてあらわれたのです	Макбейн помог мне начать бизнес на краденые деньги.Через 15 лет я вернулся сюда.	26	4	Макбейн помог мне начать | бизнес на краденые | деньги.Через 15 лет я | вернулся сюда.	80
D0301	03	06B2B	06B3B	102		CB AE F1 D7 F0 D3 85 AE FF 0B 93 98 88 B0 89 AD AC 98 8E AE AD 8F AE 93 86 99 FF 93 AE 82 A5 82 8B 0C 85 AE FF 9A 9F 91 99 FF 8D AE B0 8F 81 95 99 AE A9 94 81 A5 82 FF FF C3 D3 AE EB FC D3 AE 93 FF 82 90 80 AB 8D 0C BF A0 8C A1 8A 83 FF 8B 80 AB 8D 95 94 A9 99 AE 93 84 A2 B0 8F 85 A6 0A BF FF 8B 85 8B 0D	ジャネットが ビルとのけっこんをのぞんだときは どうようしましたが ひみつは ぜったいにばれないよう  エドワードと うちあわせました。むすめさえ しあわせになればとおもったからです。 しかし・・・	Джанет решила выйти за Билла.Я испугался.Но мы с Эдвардом молчали.Ради счастья дочери...	26	4	Джанет решила выйти за | Билла.Я испугался.Но мы с | Эдвардом молчали.Ради | счастья дочери...	88
D0302	03	06B92	06BA2	84		0B BF EA DA AE EC CC AE 99 FF DE D5 C3 E8 BF D9 AE FC C7 E7 FC 85 A6 FF 07 8F 90 98 FF 85 A6 87 A7 AC 9F A3 9B AE A7 FF 84 93 AE 8B 0C BF 07 8F 90 99 81 9E 98 8D 81 85 91 AC FF 9E A2 A7 8F 85 B0 8F BF FF 0B 99 FF 8E A9 AC 89 AB 8E 82 93 8B 8F 98 0A 0D	ビル。ロビヲズは マニエル。バークリーから わたしたちの からくりをみやぶり おどしました。わたしたちはいまのせいかつを まもりたかった。 ビルは それをこわそうとしたのです・・・	Билл узнал наш трюк от Баркли.Он шантажировал нас.Мы хотели покоя.Но он мешал...	26	4	Билл узнал наш трюк от | Баркли.Он шантажировал | нас.Мы хотели покоя.Но он | мешал...	80
D0303	03	06BE7	06BF7	84		80 98 93 86 07 99 FF 84 A2 AB 8C AE FF CA C1 E2 EC 85 A6 FF E1 CC AC 93 A7 80 88 AE FF 82 8B AA 85 A6 FF 94 AD 85 81 A2 FF 94 AD 85 81 A2 FF 8A 8B 0C 0D FF 07 8F 90 98 FF 85 AD 8D AE AD 99 AD 8A AE 81 99 FF 8E 98 93 86 95 84 AB A7 AC 91 88 AE 8F 98 0A	あのときわたしは おもわず サイモヲから メスをとりあげ うしろから なんかいも なんかいも さしました・・・ わたしたちの かんぜんはんざいは そのときにおわりをつげたのです	Я схватил скальпель Саймона и ударил Билла в спину.Так кончилось наше идеальное преступление.	26	4	Я схватил скальпель | Саймона и ударил Билла в | спину.Так кончилось наше | идеальное преступление.	93
D0304	03	06C3C	06C4C	93		07 8F 90 FF 8A 81 89 AE 98 88 81 85 87 99 FF 91 9F AC FF 8F AE A9 85 95 84 AB 8D 92 8B 9E 82 89 93 92 AE 8B 8F BF FF 8B 85 8B FF 8B AE 91 98 A0 8C A1 95 8E 98 82 8F 85 AE 81 85 AE 85 88 A6 A9 8F 93 86 FF 07 99 8C 9C AE 92 98 91 9F AC FF 9F 93 A1 A8 85 87 89 AE 85 AE 92 AE 86 0C	わたしたち さいごのけいかくは つみを だれかにおわせてしまうことでした。 しかし じつのむすめにそのうたがいがかけられたとき わたしはすべてのつみを みとめるかくごができました	Последний план был свалить вину на другого.Но когда заподозрили мою дочь я решил признать всё.	26	4	Последний план был свалить | вину на другого.Но когда | заподозрили мою дочь я | решил признать всё.	94
D0305	03	06C9A	06CAA	12		07 85 AE 0D FF 99 AD 95 AD 0A 0D 0D	わたしが・・・ はんにんです・・・・・・	Я убийца...	26	4	Я убийца...	11
D0306	03	06CA7	06CB7	72		0B BF EA DA AE EC CC AE 8A 91 85 AE 81 8B AE 88 AD 99 FF CB AE F3 FC BF C6 F1 E7 EC D3 EC 81 A3 FF DC EC E7 FC BF C7 E9 C1 EC FF 9D AD 95 AD 98 FF 8B AE 99 87 95 A5 B0 92 81 85 AE 81 94 88 91 9E 91 AC A0 85 83 8F BF	ビル。ロビヲズさつがいじけんは ジョー。キャリヲトヲいや ヘヲリー。クレイヲ ほんにんの じはくによっていがいなけつまつをむかえた。	Убийцей Билла оказался Джо Кэррингтон,он же Генри Клейн.Он признался.	26	4	Убийство Билла Роббинса | завершилось неожиданно.Джо | Кэррингтон,он же Генри | Клейн,признался сам.	94
D0307	03	06CF0	06D00	104		8B AE 88 AD 99 FF 85 81 88 91 8B 8F 0D FF 05 99 FF E7 D9 AE D2 C1 BF E7 D9 AE FC 98 9D 93 A7 95 8F 8F 8C AE AD 92 AE 81 8F BF 81 91 A2 98 A5 82 95 FF 8F 99 AE 89 AC 93 A7 8F AE 8B 92 9A AC 91 88 8F BF FF 8E 8B 92 FF 85 AB 98 A0 89 82 95 90 81 8A 87 9A 85 A8 80 85 A7 AC FF 81 91 9E 92 AE A2 9F 91 A1 92 81 8F 0D	じけんは かいけつした・・・ J.B.は リバテイ。リバーのほとりにたたずんでいた。いつものように たばこをとりだしてひをつけた。 そして かわのむこうにちいさくひかるあかりを いつまでもみつめていた・・・	Дело раскрыто.J.B. стоял у Либерти Ривер.Закурил как всегда и долго смотрел на далёкий огонёк за рекой...	26	4	Дело раскрыто.J.B. стоял у | Либерти Ривер.Закурил как | всегда и долго смотрел на | далёкий огонёк за рекой...	102
D0308	03	06D59	06D69	7		81 91 9E 92 AE A2 9F	いつまでもみ	долго смотрел.	26	4	долго смотрел.	14
D0309	03	06D61	06D71	20		89 89 95 99 FF 9D 85 95 FF 9A 93 99 81 94 81 A5 82 8F AE BF	ここには ほかに ひとはいないようだ。	Здесь больше никого нет.	26	4	Здесь больше никого нет.	24
D0310	03	06D76	06D86	16		A5 AD 8F AE 9A 93 99 FF 05 98 9E 83 95 81 8F BF	よんだひとは J.B.のまえにいた。	Вызванный стоял перед J.B.	26	4	Вызванный стоял перед J.B.	23
D0311	03	06D87	06D97	30		05 99 FF 89 98 81 83 98 FF 85 8F 87 8E 82 8A 87 98 86 B3 85 AC 93 B0 92 81 94 85 B0 8F BF	J.B.は このいえの かたくそうさくのきょかをとっていなかった。	У J.B. не было ордера на обыск этого дома.	26	4	У J.B. не было ордера на | обыск этого дома.	39
D0312	03	06DA6	06DB6	34		8E 82 8A 87 98 FF 86 B3 85 8B AE B3 82 AC 9F 8D A8 93 FF 8E 98 9A 93 99 8E 98 99 AE AC 99 94 A9 8F BF	そうさくの きょかじょうをみせると そのひとはそのばをはなれた。	J.B. показал ордер и человек вышел.	26	4	J.B. показал ордер и | человек вышел.	32
D0313	03	06DC9	06DD9	37		89 89 92 AE 99 FF 89 A9 81 8B AE B3 82 FF 92 85 AE 85 A7 99 9F 91 85 A7 8E 82 A2 94 81 A5 82 95 84 A2 83 8F BF	ここでは これいじょう てがかりはみつかりそうもないようにおもえた。	Похоже здесь больше нет улик.	26	4	Похоже здесь больше нет | улик.	29
D0314	03	06DEF	06DFF	31		8B AE 88 AD 98 85 81 88 91 95 FF A3 87 8F AE 90 8E 82 94 A2 98 99 FF 94 95 A2 94 85 B0 8F BF	じけんのかいけつに やくだちそうなものは なにもなかった。	Ничего полезного для дела не было.	26	4	Ничего полезного для дела | не было.	34
D0315	03	06E0F	06E1F	8		05 99 8E 89 95 81 8F BF	J.B.はそこにいた。	J.B. был здесь.	26	4	J.B. был здесь.	12
D0316	03	06E18	06E28	21		05 95 A5 99 AE A9 92 FF 81 83 98 9A 93 85 AE A3 B0 92 86 8F BF	J.B.によばれて いえのひとがやってきた。	На зов J.B. пришёл хозяин.	26	4	На зов J.B. пришёл хозяин.	23
D0317	03	06E2E	06E3E	30		05 85 AE 8E 82 8A AC 91 91 AE 88 A8 93 FF 8E 98 9A 93 99 FF 8E 98 99 AE AC 99 94 A9 8F BF	J.B.がそうさをつづけると そのひとは そのばをはなれた。	J.B. продолжил обыск.Человек вышел.	26	4	J.B. продолжил | обыск.Человек вышел.	32
D0318	03	06E4D	06E5D	20		05 95 A5 99 AE A9 92 FF 9D AD 95 AD 85 AE 80 A6 AB A9 8F BF	J.B.によばれて ほんにんがあらわれた。	На зов J.B. появился нужный человек.	26	4	На зов J.B. появился | нужный человек.	33
D0319	03	06E62	06E72	10		8F AE A9 A2 81 94 85 B0 8F BF	だれもいなかった。	Никого нет.	26	4	Никого нет.	11
D0320	03	06E6D	06E7D	12		05 99 8E 82 8A 95 92 AE 85 88 8F BF	J.B.はそうさにでかけた。	J.B. выехал на следствие.	26	4	J.B. выехал на следствие.	22
D0321	03	06E7A	06E8A	19		8F 81 9D 8A A9 92 81 92 FF 8F AE A9 A2 81 94 85 B0 8F BF	たいほされていて だれもいなかった。	Все арестованы.Здесь никого нет.	26	4	Все арестованы.Здесь | никого нет.	32
D0322	03	06E8E	06E9E	29		05 99 FF 9A 85 AE 81 8B B1 85 AE FF 88 81 83 81 8B 92 81 8F FF 85 81 8B B1 95 86 8F BF	J.B.は ひがいしゃが けいえいしていた かいしゃにきた。	J.B. прибыл в фирму жертвы.	26	4	J.B. прибыл в фирму | жертвы.	24
D0323	03	06EAC	06EBC	26		81 A7 87 AE 90 95 99 FF 80 8F A6 8B 81 FF 87 A8 9E 85 AE 93 9E B0 92 81 8F BF	いりぐちには あたらしい くるまがとまっていた。	У входа стояла новая машина.	26	4	У входа стояла новая | машина.	28
D0324	03	06EC7	06ED7	18		05 99 EA DA AE EC CC AE 8B B3 82 85 81 AC 92 AE 8F BF	J.B.はロビヲズしょうかいをでた。	J.B. вышел из Роббинс Компани.	26	4	J.B. вышел из Роббинс | Компани.	27
D0325	03	06EDA	06EEA	9		94 95 85 89 AE A5 82 0A 85	なにかごようですか	Вам что-то нужно?	26	4	Вам что-то нужно?	17
D0326	03	06EE4	06EF4	8		9E 8F AE FF 94 95 85 FE	まだ なにか？	Ещё что-то?	26	4	Ещё что-то?	11
D0327	03	06EED	06EFD	33		C4 DB C1 CC 92 AE 99 FF 94 95 A2 94 85 B0 8F A5 82 95 8B B1 81 AD 85 AE FF 99 8F A6 81 92 81 8F BF	オフイスでは なにもなかったようにしゃいんが はたらいていた。	В офисе сотрудники работали будто ничего не случилось.	26	4	В офисе сотрудники | работали будто ничего не | случилось.	54
D0328	03	06F0F	06F1F	32		8B B1 90 B3 82 98 89 93 94 A6 FF 85 81 90 B3 82 85 AE FF 82 85 85 AE 09 98 92 AE 93 AE 82 8E AE	しゃちょうのことなら かいちょうが うかがいますのでどうぞ	О шефе спросите председателя.Проходите.	26	4	О шефе спросите | председателя.Проходите.	39
D0329	03	06F30	06F40	23		85 81 90 B3 82 99 84 A7 08 98 92 AE FF 84 9A 86 93 A7 87 8F AE 8A 81	かいちょうはおりませんので おひきとりください	Председателя нет.Прошу уйти.	26	4	Председателя нет.Прошу | уйти.	28
D0330	03	06F48	06F58	20		05 99 FF 8B B1 90 B3 82 8B 91 95 FF 80 AD 94 81 8A A9 8F BF	J.B.は しゃちょうしつに あんないされた。	J.B. провели в кабинет шефа.	26	4	J.B. провели в кабинет | шефа.	25
D0331	03	06F5D	06F6D	20		85 81 90 B3 82 99 9B 86 88 AE AD 8E 82 95 FF 05 AC 9F 8F BF	かいちょうはふきげんそうに J.B.をみた。	Председатель хмуро посмотрел на J.B.	26	4	Председатель хмуро | посмотрел на J.B.	33
D0332	03	06F72	06F82	26		05 99 FF DD E8 D2 AE C1 EC C7 AE 98 FF 88 8B B3 82 9A AD 85 81 8B B1 95 86 8F	J.B.は ホルデイヲグの けしょうひんかいしゃにきた	J.B. пришёл в косметическую фирму Холдингов.	26	4	J.B. пришёл в | косметическую фирму | Холдингов.	41
D0333	03	06F8D	06F9D	20		84 84 86 94 FF DD AF CC CF FC 85 AE FF 99 B0 92 80 B0 8F BF	おおきな ポスターが はってあった。	На стене висел большой плакат.	26	4	На стене висел большой | плакат.	30
D0334	03	06FA2	06FB2	11		05 99 C4 DB C1 CC AC 92 AE 8F BF	J.B.はオフイスをでた。	J.B. вышел из офиса.	26	4	J.B. вышел из офиса.	17
D0335	03	06FAE	06FBE	9		81 A6 B0 8B B1 81 9E 8D BF	いらっしゃいませ。	Добро пожаловать.	26	4	Добро пожаловать.	17
D0336	03	06FBA	06FCA	22		80 9E 81 C9 EA EC 98 85 84 A7 85 AE FF 8F 8F AE A5 B0 92 81 8F BF	あまいコロヲのかおりが ただよっていた。	В воздухе был сладкий запах одеколона.	26	4	В воздухе был сладкий | запах одеколона.	38
D0337	03	06FD1	06FE1	15		8D AD A0 94 A6 84 A7 9E 8C BF 93 AE 82 8E AE	せんむならおります。どうぞ	Директор здесь.Проходите.	26	4	Директор здесь.Проходите.	25
D0338	03	06FE2	06FF2	12		05 99 FF 84 87 9C 93 84 8A A9 8F BF	J.B.は おくへとおされた。	J.B. провели в глубь офиса.	26	4	J.B. провели в глубь | офиса.	24
D0339	03	06FEF	06FFF	10		88 81 8A 91 98 85 8F 0A 85 BF	けいさつのかたですか。	Вы из полиции?	26	4	Вы из полиции?	14
D0340	03	06FFA	0700A	15		05 99 FF 9B 93 AE 82 8A AD A3 95 91 81 8F BF	J.B.は ふどうさんやについた。	J.B. пришёл в агентство недвижимости.	26	4	J.B. пришёл в агентство | недвижимости.	34
D0341	03	0700A	0701A	24		9E 93 AE 95 99 FF 9B AE B0 88 AD 98 FF 99 A7 85 AE 9F 85 AE 9F 83 8F BF	まどには ぶっけんの はりがみがみえた。	В окне висели объявления о домах.	26	4	В окне висели объявления о | домах.	33
D0342	03	07023	07033	14		05 99 9B 93 AE 82 8A AD A3 AC 92 AE 8F BF	J.B.はふどうさんやをでた。	J.B. вышел из агентства.	26	4	J.B. вышел из агентства.	21
D0343	03	07032	07042	10		94 95 85 89 AE A5 82 0A 85 FE	なにかごようですか？	Что вам нужно?	26	4	Что вам нужно?	14
D0344	03	0703D	0704D	9		80 94 8F 92 AE 8B 8F 85 0D	あなたでしたか・・・	А это вы...	26	4	А это вы...	11
D0345	03	07047	07057	20		8B AE A0 8B B3 95 99 FF 9D 85 95 8F AE A9 A2 81 94 85 B0 8F	じむしょには ほかにだれもいなかった	В офисе больше никого не было.	26	4	В офисе больше никого не | было.	30
D0346	03	0705D	0706D	32		CB AE F3 FC BF C6 F1 E7 EC D3 EC 99 8F 81 9D 8A A9 92 84 A7 FF D3 AE C0 99 8B 9E B0 92 81 8F BF	ジョー。キャリヲトヲはたいほされており ドアはしまっていた。	Джо Кэррингтон арестован.Дверь закрыта.	26	4	Джо Кэррингтон | арестован.Дверь закрыта.	39
D0347	03	07080	07090	21		05 99 FF 83 81 85 AE 85 AD 98 9E 83 92 AE 80 8B AC 93 A1 8F BF	J.B.は えいがかんのまえであしをとめた。	J.B. остановился у кинотеатра.	26	4	J.B. остановился у | кинотеатра.	27
D0348	03	07096	070A6	20		84 A2 92 95 99 FF DD AF CC CF FC 85 AE FF 99 B0 92 80 B0 8F	おもてには ポスターが はってあった	Снаружи висел плакат.	26	4	Снаружи висел плакат.	21
D0349	03	070AB	070BB	13		05 99 83 81 85 AE 85 AD AC 92 AE 8F BF	J.B.はえいがかんをでた。	J.B. вышел из кинотеатра.	26	4	J.B. вышел из кинотеатра.	22
D0350	03	070B9	070C9	16		86 B0 9B AF AC 84 A2 93 A1 87 8F AE 8A 81 97 BF	きっぷをおもとめくださいね。	Купите билет пожалуйста.	26	4	Купите билет пожалуйста.	24
D0351	03	070CA	070DA	10		80 A6 FF 88 81 8B AE 8A AD BF	あら けいじさん。	О детектив.	26	4	О детектив.	11
D0352	03	070D5	070E5	19		85 AD 94 81 99 FF 9A 93 85 AE 9E 99 AE A6 8F AE B0 8F BF	かんないは ひとがまばらだった。	В зале было мало людей.	26	4	В зале было мало людей.	23
D0353	03	070ED	070FD	31		05 99 FF 0B BF EA DA AE EC CC AE 85 AE FF 8A 81 89 AE 95 A5 B0 8F FF D9 AF DB AE 95 86 8F BF	J.B.は ビル。ロビヲズが さいごによった パブにきた。	J.B. пришёл в паб где Билл был последним вечером.	26	4	J.B. пришёл в паб где Билл | был последним вечером.	46
D0354	03	0710D	0711D	18		A0 89 82 95 99 FF 85 AB 85 AE 94 85 AE A9 92 81 8F BF	むこうには かわがながれていた。	За пабом текла река.	26	4	За пабом текла река.	20
D0355	03	07120	07130	35		0B BF EA DA AE EC CC AE 99 FF 89 98 80 93 FF 93 AE 89 95 81 B0 8F 98 85 0D FF 05 99 9F 8D AC 92 AE 8F BF	ビル。ロビヲズは このあと どこにいったのか・・・ J.B.はみせをでた。	Куда Билл пошёл потом?J.B. вышел.	26	4	Куда Билл пошёл потом?J.B. | вышел.	30
D0356	03	07144	07154	12		88 81 8B AE 8A AD 92 AE 8B 8F 85 BF	けいじさんでしたか。	Вы детектив?	26	4	Вы детектив?	12
D0357	03	07151	07161	14		9E 8F AE FF 94 95 85 89 AE A5 82 0A 85 BF	まだ なにかごようですか。	Ещё что-то нужно?	26	4	Ещё что-то нужно?	17
D0358	03	07160	07170	21		85 81 92 AD 9E 83 92 AE FF 94 85 99 8B 8C AE 85 8F AE B0 8F BF	かいてんまえで なかはしずかだった。	До открытия внутри было тихо.	26	4	До открытия внутри было | тихо.	29
D0359	03	0717A	0718A	26		05 99 FF E7 D9 AE D2 C1 BF D9 AE EC C7 93 81 82 FF 86 AE AD 89 82 95 86 8F BF	J.B.は リバテイ。バヲクという ぎんこうにきた。	J.B. пришёл в Либерти Банк.	26	4	J.B. пришёл в Либерти | Банк.	24
D0360	03	07195	071A5	18		9E AB A7 95 99 FF 85 AB B0 8F A2 98 99 94 85 B0 8F BF	まわりには かわったものはなかった。	Ничего необычного вокруг не было.	26	4	Ничего необычного вокруг | не было.	33
D0361	03	071A8	071B8	19		05 99 FF 86 AE AD 89 82 98 85 81 8F AE AD AC 84 A7 8F BF	J.B.は ぎんこうのかいだんをおりた。	J.B. спустился по лестнице банка.	26	4	J.B. спустился по лестнице | банка.	30
D0362	03	071BC	071CC	9		81 A6 B0 8B B1 81 9E 8D BF	いらっしゃいませ。	Добро пожаловать.	26	4	Добро пожаловать.	17
D0363	03	071C8	071D8	17		94 85 95 99 FF 8F 87 8A AD 98 9A 93 85 AE 81 8F BF	なかには たくさんのひとがいた。	Внутри было много людей.	26	4	Внутри было много людей.	24
D0364	03	071DA	071EA	28		93 82 93 AE A7 95 FF 84 80 81 95 94 A7 8F 81 98 94 A6 FF 89 AE 80 AD 94 81 8B 9E 8C	とうどりに おあいになりたいのなら ごあんないします	Хотите видеть управляющего?Я провожу.	26	4	Хотите видеть | управляющего?Я провожу.	37
D0365	03	071F9	07209	20		05 99 FF 93 82 93 AE A7 98 9C A3 95 80 AD 94 81 8A A9 8F BF	J.B.は とうどりのへやにあんないされた。	J.B. провели в кабинет управляющего.	26	4	J.B. провели в кабинет | управляющего.	33
D0366	03	0720E	0721E	29		93 82 93 AE A7 99 FF 88 81 8B AE 98 9D 82 A2 AD 95 FF A1 81 AB 87 8E 82 8F AE B0 8F BF	とうどりは けいじのほうもんに めいわくそうだった。	Управляющий был недоволен визитом.	26	4	Управляющий был недоволен | визитом.	34
D0367	03	0722C	0723C	21		05 99 FF D9 EC D9 AE FC C5 AE FC BF CB F3 F0 DB AF 95 86 8F BF	J.B.は ハヲバーガー。ショップにきた。	J.B. пришёл в бургерную.	26	4	J.B. пришёл в бургерную.	21
D0368	03	07242	07252	21		84 81 8B 8E 82 94 95 84 81 85 AE FF 8F 8F AE A5 B0 92 86 8F BF	おいしそうなにおいが ただよってきた。	Пахло вкусной едой.	26	4	Пахло вкусной едой.	19
D0369	03	07258	07268	10		05 99 FF 9F 8D AC 92 AE 8F BF	J.B.は みせをでた。	J.B. вышел из кафе.	26	4	J.B. вышел из кафе.	16
D0370	03	07263	07273	9		81 A6 B0 8B B1 81 9E 8D BF	いらっしゃいませ。	Добро пожаловать.	26	4	Добро пожаловать.	17
D0371	03	0726D	0727D	20		81 A6 B0 8B B1 81 9E 8D FF DD AF D2 D3 AC 93 AE 82 8E AE BF	いらっしゃいませ ポテトをどうぞ。	Добро пожаловать.Возьмите картофель.	26	4	Добро пожаловать.Возьмите | картофель.	36
D0372	03	07282	07292	22		9F 8D 99 FF 86 B1 87 92 AE FF 89 AE B0 8F 85 AE 83 8B 92 81 8F BF	みせは きゃくで ごったがえしていた。	Кафе было полно людей.	26	4	Кафе было полно людей.	22
D0373	03	0729D	072AD	20		05 99 FF 9D 88 AD 8F AE 81 A7 92 AD 95 FF A3 B0 92 86 8F BF	J.B.は ほけんだいりてんに やってきた。	J.B. пришёл в страховое агентство.	26	4	J.B. пришёл в страховое | агентство.	31
D0374	03	072B2	072C2	30		D3 AE C0 95 99 F6 D9 FC D3 BF CD C1 DB F7 93 81 82 FF 85 AD 99 AE AD 85 AE 92 AE 92 81 8F	ドアには「ハート。セイフ」という かんばんがでていた	На двери вывеска Харт Сейф.	26	4	На двери вывеска Харт | Сейф.	27
D0375	03	072D1	072E1	29		89 AA 8B 93 FF 8F 85 AE 87 98 9D 88 AD 86 AD 85 FE FF 05 99 FF 8F 90 93 AE 9E B0 8F BF	ころしと たがくのほけんきんか？ J.B.は たちどまった。	Убийство и крупная страховка?J.B. задумался.	26	4	Убийство и крупная | страховка?J.B. задумался.	41
D0376	03	072EF	072FF	8		94 AD 98 A5 82 0A 85 FE	なんのようですか？	Что вам нужно?	26	4	Что вам нужно?	14
D0377	03	072FA	0730A	21		8B AE A0 8B B3 99 FF 91 87 83 93 81 8C 8F AE 88 8F AE B0 8F BF	じむしょは つくえといすだけだった。	В офисе были лишь стол и стул.	26	4	В офисе были лишь стол и | стул.	30
D0378	03	07314	07324	17		05 99 FF 84 84 86 94 DD D2 E8 98 9E 83 95 86 8F BF	J.B.は おおきなホテルのまえにきた。	J.B. подошёл к большому отелю.	26	4	J.B. подошёл к большому | отелю.	27
D0379	03	07326	07336	20		9E 93 AE 95 99 FF 8E A6 93 87 A2 85 AE 82 91 B0 92 81 8F BF	まどには そらとくもがうつっていた。	В окнах отражались небо и облака.	26	4	В окнах отражались небо и | облака.	33
D0380	03	0733B	0734B	10		05 99 DD D2 E8 AC 92 AE 8F BF	J.B.はホテルをでた。	J.B. вышел из отеля.	26	4	J.B. вышел из отеля.	17
D0381	03	07346	07356	10		88 81 8A 91 98 85 8F 0A 97 FE	けいさつのかたですね？	Вы из полиции?	26	4	Вы из полиции?	14
D0382	03	07353	07363	21		8B 8C AE 85 94 84 AD 85 AE 87 85 AE FF 94 85 AE A9 92 81 8F BF	しずかなおんがくが ながれていた。	Играла тихая музыка.	26	4	Играла тихая музыка.	20
D0383	03	0736D	0737D	8		94 AD 98 A5 82 85 97 BF	なんのようかね。	Что вам надо.	26	4	Что вам надо.	13
D0384	03	07376	07386	18		88 81 8A 91 94 AD 85 95 FF A2 82 A5 82 99 94 81 85 AE	けいさつなんかに もうようはないが	Мне с полицией больше не о чем говорить.	26	4	Мне с полицией больше не о | чем говорить.	40
D0385	03	07389	07399	16		C3 D3 AE EB FC D3 AE BF EA DA AE EC CC AE 8F AE	エドワード。ロビヲズだ	Эдвард Роббинс.	26	4	Эдвард Роббинс.	15
D0386	03	0739A	073AA	6		BA B4 8A 81 8F AE	60さいだ	60 лет.	26	4	60 лет.	7
D0387	03	073A1	073B1	23		EA DA AE EC CC AE 8B B3 82 85 81 98 FF 85 81 90 B3 82 AC 8B 92 84 A8	ロビヲズしょうかいの かいちょうをしておる	Я председатель Роббинс Компани.	26	4	Я председатель Роббинс | Компани.	31
D0388	03	073B9	073C9	9		8E AD 94 A2 98 99 8B A6 AD	そんなものはしらん	Не знаю.	26	4	Не знаю.	8
D0389	03	073C3	073D3	35		A0 8C 89 98 0B 93 FF 84 93 82 93 98 DB E9 F0 D3 AE FF 8E A9 95 FF A0 8C A1 98 C8 C1 D3 98 B7 95 AD 8F AE	むすこのビルと おとうとのフレッド それに むすめのケイトの3にんだ	Сын Билл брат Фред и дочь Кейт.	26	4	Сын Билл брат Фред и дочь | Кейт.	31
D0390	03	073E7	073F7	21		8B 89 AE 93 85 AE FF AB 8B 98 8B B2 9F 98 A5 82 94 A2 98 8F AE	しごとが わしのしゅみのようなものだ	Работа и есть моё хобби.	26	4	Работа и есть моё хобби.	24
D0391	03	073FD	0740D	14		CD CC D4 98 A1 AD 86 B3 AC A2 B0 92 81 A8	セスナのめんきょをもっている	У меня лицензия пилота.	26	4	У меня лицензия пилота.	23
D0392	03	0740C	0741C	23		AB 8B 99 89 98 9E 90 92 AE 82 9E A9 92 FF 89 89 92 AE 8E 8F AE B0 8F	わしはこのまちでうまれて ここでそだった	Я родился и вырос в этом городе.	26	4	Я родился и вырос в этом | городе.	32
D0393	03	07424	07434	24		8B B3 82 89 82 85 81 86 AE 8B B3 98 FF 8D AD A0 A7 8B AE AC 8B 92 84 A8	しょうこうかいぎしょの せんむりじをしておる	Я директор торговой палаты.	26	4	Я директор торговой | палаты.	27
D0394	03	0743D	0744D	34		0B 98 8B 89 AE 93 98 89 93 99 FF 9A 8B B3 98 CB C3 E7 FC BF DE C7 D3 AE D4 E8 D3 AE 95 86 81 92 87 A9	ビルのしごとのことは ひしょのシエリー。マクドナルドにきいてくれ	О работе Билла спросите секретаря Шелли.	26	4	О работе Билла спросите | секретаря Шелли.	40
D0395	03	07462	07472	34		9E 8F AE AB 85 81 98 8F AE 85 A6 FF 80 8F A6 8B 81 8B AE AD 8D 81 AC FF 80 A4 AD 92 AE A2 A6 81 8F 81	まだわかいのだから あたらしいじんせいを あゆんでもらいたい	Она молода.Пусть начнёт новую жизнь.	26	4	Она молода.Пусть начнёт | новую жизнь.	36
D0396	03	07485	07495	14		CB F1 D7 F0 D3 85 AE 99 AD 95 AD 94 98 85	シャネットがはんにんなのか	Джанет убийца?	26	4	Джанет убийца?	14
D0397	03	07499	074A9	38		0B 85 AE 81 94 81 FF 81 9E FF 80 93 93 A7 99 FF DB E9 F0 D3 AE 8F AE BF 8B B0 85 A7 8B 92 A2 A6 AB AD 93 89 9E A8	ビルがいない いま あととりは フレッドだ。しっかりしてもらわんとこまる	После Билла наследник Фред.Ему надо стать серьёзнее.	26	4	После Билла наследник | Фред.Ему надо стать | серьёзнее.	52
D0398	03	074C0	074D0	15		DB E9 F0 D3 AE 99 94 95 A2 A3 B0 92 94 81 BF	フレッドはなにもやってない。	Фред ничего не делал.	26	4	Фред ничего не делал.	21
D0399	03	074D0	074E0	23		81 81 A0 8C A1 8F AE BF 0B 93 A2 94 85 85 AE A5 85 B0 8F A5 82 8F AE	いいむすめだ。ビルともなかがよかったようだ	Хорошая девушка.С Биллом ладила.	26	4	Хорошая девушка.С Биллом | ладила.	32
D0400	03	074EA	074FA	18		88 81 83 81 8B B1 93 8B 92 99 FF 81 9E 9A 93 91 8F AE	けいえいしゃとしては いまひとつだ	Как руководитель слабоват?	26	4	Как руководитель слабоват?	26
D0401	03	074FD	0750D	14		80 98 84 93 89 94 A6 FF A3 A7 85 97 AD BF	あのおとこなら やりかねん。	От него можно ожидать.	26	4	От него можно ожидать.	22
D0402	03	0750C	0751C	17		91 86 80 81 85 AE 94 81 85 A6 FF A5 87 AB 85 A6 AD	つきあいがないから よくわからん	Не общаемся.Плохо знаю.	26	4	Не общаемся.Плохо знаю.	23
D0403	03	07520	07530	20		8F A5 A7 94 81 85 AE FF C8 C1 D3 95 99 A3 8A 8B 81 A6 8B 81	たよりないが ケイトにはやさしいらしい	Ненадёжен,но с Кейт добр.	26	4	Ненадёжен,но с Кейт добр.	25
D0404	03	07537	07547	23		0B 98 88 B0 89 AD 8B 86 81 A6 81 FF 99 94 8B AC 8B 8F 89 93 A2 94 81	ビルのけっこんしきいらい はなしをしたこともない	Не говорил с ним со свадьбы Билла.	26	4	Не говорил с ним со | свадьбы Билла.	34
D0405	03	07551	07561	16		91 86 80 81 85 AE 94 81 98 92 AE FF AB 85 A6 AD	つきあいがないので わからん	Не общаемся.Не знаю.	26	4	Не общаемся.Не знаю.	20
D0406	03	07564	07574	5		A5 87 8B A6 AD	よくしらん	Плохо знаю.	26	4	Плохо знаю.	11
D0407	03	0756C	0757C	26		9B A8 87 85 A6 98 A4 82 8B AE AD 92 AE FF AB 85 AE A3 98 8B B2 8B AE 81 8F AE	ふるくからのゆうじんで わがやのしゅじいだ	Старый друг и семейный врач.	26	4	Старый друг и семейный | врач.	28
D0408	03	07587	07597	16		CA C1 E2 EC 99 FF 99 AD 95 AD 92 AE 99 94 81 BF	サイモヲは はんにんではない。	Саймон не убийца.	26	4	Саймон не убийца.	17
D0409	03	07598	075A8	17		E9 EC D2 AE E8 98 93 89 AA 98 85 AD 89 AE 9B 8F AE	レヲデルのところのかんごふだ	Медсестра у Ренделла.	26	4	Медсестра у Ренделла.	21
D0410	03	075AC	075BC	32		91 9E 98 DC E9 EC 85 AE 94 87 94 B0 92 85 A6 FF 8C AE B0 93 82 90 95 81 A8 FF 85 8D 81 9B 8F AE	つまのヘレヲがなくなってから ずっとうちにいる かせいふだ	После смерти жены Хелен она у нас.Она домработница.	26	4	После смерти жены Хелен | она у нас.Она | домработница.	51
D0411	03	075CF	075DF	12		86 B3 82 99 FF A3 8C AD 92 AE 81 A8	きょうは やすんでいる	Сегодня отдыхает.	26	4	Сегодня отдыхает.	17
D0412	03	075DE	075EE	4		8B A6 AD 94	しらんな	Не знаю.	26	4	Не знаю.	8
D0413	03	075E5	075F5	10		8F AE A9 8F AE FF 8E A9 99 FE	だれだ それは？	Кто это?	26	4	Кто это?	8
D0414	03	075F2	07602	15		AB 85 81 93 86 85 A6 98 A4 82 8B AE AD 8F AE	わかいときからのゆうじんだ	Друг с юности.	26	4	Друг с юности.	14
D0415	03	07604	07614	33		8B B3 82 8D 91 85 A6 8B 81 94 BF 80 81 91 85 AE 81 A8 93 FF 9E 90 98 9B 82 86 85 AE AB A8 87 94 A8	しょうせつからしいな。あいつがいると まちのふうきがわるくなる	Он вроде писатель.Из-за него городу хуже.	26	4	Он вроде писатель.Из-за | него городу хуже.	41
D0416	03	07626	07636	19		80 81 91 94 A6 FF 8B AE 88 AD AC 84 89 8B 8E 82 8F AE BF	あいつなら じけんをおこしそうだ。	Он способен на преступление.	26	4	Он способен на | преступление.	28
D0417	03	0763A	0764A	13		8B A6 AD 94 FF 80 B0 8F 89 93 A2 94 81	しらんな あったこともない	Не знаю.Даже не встречал.	26	4	Не знаю.Даже не встречал.	25
D0418	03	07648	07658	21		99 AD 95 AD 85 AE 91 85 9E B0 8F 98 85 BF 8E A9 99 A5 85 B0 8F	はんにんがつかまったのか。それはよかった	Убийцу поймали?Хорошо.	26	4	Убийцу поймали?Хорошо.	22
D0419	03	0765E	0766E	39		80 98 A5 A8 99 FF CB AE E0 BF DE C7 DC AE C1 EC 98 93 89 AA 95 81 8F BF B5 B5 8B AE 89 AE AA 85 83 B0 92 FF 97 8F BF	あのよるは ジム。マクベイヲのところにいた。11じごろかえって ねた。	В ту ночь был у Джима Макбейна.В 11 вернулся и лёг.	26	4	В ту ночь был у Джима | Макбейна.В 11 вернулся и | лёг.	51
D0420	03	07686	07696	26		DE C7 DC AE C1 EC 98 93 89 AA 95 FF 81 8F 93 81 B0 92 84 A8 8F AE AA 82 85 AE	マクベイヲのところに いたといっておるだろうが	Я же сказал был у Макбейна.	26	4	Я же сказал был у | Макбейна.	27
D0421	03	076A1	076B1	11		8B A6 AD 94 FF 8E AD 94 A2 98 99	しらんな そんなものは	Не знаю этого.	26	4	Не знаю этого.	14
D0422	03	076AD	076BD	11		AB 8B 99 FF 94 95 A2 8B A6 AD 0D	わしは なにもしらん・・・	Я ничего не знаю...	26	4	Я ничего не знаю...	19
D0423	03	076B9	076C9	7		94 AD 98 89 93 8F AE	なんのことだ	О чём вы.	26	4	О чём вы.	9
D0424	03	076C3	076D3	18		88 81 83 81 99 FF 86 AB A1 92 80 AD 92 81 8B 92 81 A8	けいえいは きわめてあんていしている	Дела фирмы очень стабильны.	26	4	Дела фирмы очень | стабильны.	27
D0425	03	076D8	076E8	19		8E AD 94 8B AE 88 AD 99 FF 84 9D AE 83 92 84 A6 AD 85 AE	そんなじけんは おぼえておらんが	Не помню такого дела.	26	4	Не помню такого дела.	21
D0426	03	076EC	076FC	19		8A B0 8A 93 85 83 B0 92 87 A9 BF 8B 89 AE 93 85 AE 80 A8	さっさとかえってくれ。しごとがある	Уходите.У меня работа.	26	4	Уходите.У меня работа.	22
D0427	03	07700	07710	13		AB 8C A9 8F 94 BF 8E AD 94 89 93 99 0D	わすれたな。そんなことは・・・	Не помню.Такого...	26	4	Не помню.Такого...	18
D0428	03	0770E	0771E	11		0D 8E A9 85 AE 93 AE 82 8B 8F BF	・・・それがどうした。	И что с того.	26	4	И что с того.	13
D0429	03	0771A	0772A	10		AB 8B 99 FF 94 95 A2 8B A6 AD	わしは なにもしらん	Я ничего не знаю.	26	4	Я ничего не знаю.	17
D0430	03	07725	07735	14		8B 91 89 81 88 81 8B AE 8F AE BF 85 83 A9	しつこいけいじだ。かえれ	Назойливый детектив.Уходи.	26	4	Назойливый детектив.Уходи.	26
D0431	03	07734	07744	24		0B 99 FF AB 8B 98 A0 8C 89 8F AE BF 8E A9 85 AE 93 AE 82 85 8B 8F 98 85	ビルは わしのむすこだ。それがどうかしたのか	Билл мой сын.И что?	26	4	Билл мой сын.И что?	19
D0432	03	0774D	0775D	13		0D 99 94 8C 89 93 99 FF 94 95 A2 94 81	・・・はなすことは なにもない	Мне нечего сказать.	26	4	Мне нечего сказать.	19
D0433	03	0775B	0776B	24		91 9E 99 FF 9A AE B3 82 8B 8B 8F BF B6 B4 97 AD A2 9E 83 98 89 93 8F AE	つまは びょうしした。20ねんもまえのことだ	Жена умерла от болезни.Это было 20 лет назад.	26	4	Жена умерла от болезни.Это | было 20 лет назад.	45
D0434	03	0777C	0778C	26		88 81 8A 91 95 99 FF 99 A3 87 FF 99 AD 95 AD AC 8F 81 9D 8B 92 A2 A6 81 8F 81	けいさつには はやく はんにんをたいほしてもらいたい	Полиция должна скорее найти убийцу.	26	4	Полиция должна скорее | найти убийцу.	35
D0435	03	07799	077A9	9		94 95 85 89 AE A5 82 0A 85	なにかごようですか	Что вам нужно?	26	4	Что вам нужно?	14
D0436	03	077A3	077B3	7		9E 8F AE 94 95 85 FE	まだなにか？	Ещё что?	26	4	Ещё что?	8
D0437	03	077AB	077BB	14		DE C1 C7 BF DD FC E8 D2 AE C1 EC C7 AE 0A	マイク。ホールデイヲグです	Майк Холдинг.	26	4	Майк Холдинг.	13
D0438	03	077BA	077CA	5		B7 B4 8A 81 0A	30さいです	30 лет.	26	4	30 лет.	7
D0439	03	077C0	077D0	11		89 98 85 81 8B B1 98 8D AD A0 0A	このかいしゃのせんむです	Я директор этой фирмы.	26	4	Я директор этой фирмы.	22
D0440	03	077CC	077DC	5		ED 85 AE 8F 0A	Aがたです	Группа A.	26	4	Группа A.	9
D0441	03	077D2	077E2	24		90 90 98 D3 D5 FC 93 FF 99 99 98 E7 CA FF 8E A9 95 91 9E 98 C8 C1 D3 0A	ちちのトニーと ははのリサ それにつまのケイトです	Отец Тони мать Лиза и жена Кейт.	26	4	Отец Тони мать Лиза и жена | Кейт.	32
D0442	03	077EB	077FB	12		86 B0 92 93 FF 8B AE B3 82 99 AE 0A	きってと じょうばです	Марки и верховая езда.	26	4	Марки и верховая езда.	22
D0443	03	077F8	07808	19		95 AB 98 8B 99 AE 85 A7 99 FF 9E 85 8D 92 87 8F AE 8A 81	にわのしばかりは まかせてください	Я отлично стригу газон.	26	4	Я отлично стригу газон.	23
D0444	03	0780C	0781C	9		C4 D9 C1 C4 98 82 9E A9 0A	オハイオのうまれです	Родился в Огайо.	26	4	Родился в Огайо.	16
D0445	03	07816	07826	21		F6 DD EB C1 D3 DD FC C7 BF C7 E6 DB AE F7 95 FF 99 81 B0 92 09	「ホワイトホーク。クラブ」に はいっています	Член Уайт Хок Клуб.	26	4	Член Уайт Хок Клуб.	19
D0446	03	0782C	0783C	42		C8 C1 D3 93 88 B0 89 AD 8B 92 85 A6 99 FF A5 87 A1 AD 93 AE 82 AC 9F 92 A2 A6 81 0C BF 8F A5 A7 95 94 A8 84 93 89 92 AE 8B 8F	ケイトとけっこんしてからは よくめんどうをみてもらいました。たよりになるおとこでした	После свадьбы с Кейт Билл помогал мне.Надёжный человек.	26	4	После свадьбы с Кейт Билл | помогал мне.Надёжный | человек.	55
D0447	03	07859	07869	28		88 B0 89 AD 8B 92 FF 9E A2 94 81 93 81 82 98 95 FF 85 AB 81 8E 82 94 FF 99 94 8B 0A	けっこんして まもないというのに かわいそうな はなしです	Жаль.Молодожёны и такая беда.	26	4	Жаль.Молодожёны и такая | беда.	29
D0448	03	07878	07888	15		84 93 82 8A AD 99 FF 95 85 AE 92 94 AD 0A A5	おとうさんは にがてなんですよ	С её отцом мне трудно.	26	4	С её отцом мне трудно.	22
D0449	03	0788A	0789A	70		8F AE 81 85 AE 87 85 AE FF 81 B0 8B B3 92 AE 8B 8F BF 0B 9F 8F 81 95 FF 86 98 91 A5 8A 93 FF 84 8B 85 AE 8F A7 94 81 AD 0A BF 88 B0 89 AD AC 8C 8C A1 92 9E 8C 85 AE FF 8C 86 94 9A 93 99 FF 81 A8 9F 8F 81 0A A5	だいがくが いっしょでした。ビルみたいに きのつよさと おしがたりないんです。けっこんをすすめてますが すきなひとは いるみたいですよ	Мы учились вместе.Фред мягче Билла.Ему пора жениться.Кажется у него есть любимая.	26	4	Мы учились вместе.Фред | мягче Билла.Ему пора | жениться.Кажется у него | есть любимая.	81
D0450	03	078D1	078E1	22		DB E9 F0 D3 AE 95 FF 9A 93 85 AE 89 AA 8D A8 93 99 FF 84 A2 83 08	フレッドに ひとがころせるとは おもえません	Не думаю,что Фред способен убить.	26	4	Не думаю,что Фред способен | убить.	33
D0451	03	078E8	078F8	37		B6 97 AD 9E 83 95 FF 88 B0 89 AD 8B 0C BF 0B 98 8B B3 82 85 81 92 AE 8B A7 80 81 0C BF 8A 81 89 82 98 91 9E 0A	2ねんまえに けっこんしました。ビルのしょうかいでしりあいました。さいこうのつまです	Женат 2 года.Нас познакомил Билл.Кейт прекрасна.	26	4	Женат 2 года.Нас | познакомил Билл.Кейт | прекрасна.	48
D0452	03	07910	07920	53		84 A3 8B AE 99 FF A5 82 8B 92 AE FF 85 81 8B B1 A2 FF 99 99 98 90 90 84 A3 98 FF 80 93 AC 91 81 92 AE 81 A8 98 0A BF 90 85 89 AE AA 99 FF 87 AA 82 8B 92 09 A5	おやじは ようしで かいしゃも ははのちちおやの あとをついでいるのです。ちかごろは くろうしていますよ	Отец приёмный.Фирма досталась от деда жены.Сейчас ему тяжело.	26	4	Отец приёмный.Фирма | досталась от деда | жены.Сейчас ему тяжело.	61
D0453	03	07946	07956	18		90 90 85 AE 0B AC FF 89 AA 8C 99 8C AE 85 AE 80 A7 08	ちちがビルを ころすはずがありません	Отец не мог убить Билла.	26	4	Отец не мог убить Билла.	24
D0454	03	07964	07974	11		80 B0 8F 89 93 85 AE 94 81 AD 0A	あったことがないんです	Никогда не встречал.	26	4	Никогда не встречал.	20
D0455	03	07972	07982	10		99 94 8B 8F 89 93 A2 80 A7 08	はなしたこともありません	Даже не разговаривал.	26	4	Даже не разговаривал.	21
D0456	03	0797F	0798F	31		CB AE F1 D7 F0 D3 98 84 93 82 93 92 AE 8B B3 82 BF 0B 99 86 A6 AB A9 92 81 8F A6 8B 81 0A 97	ジャネットのおとうとでしょう。ビルはきらわれていたらしいですね	Брат.Джанет Билл ему не нравился.	26	4	Брат.Джанет Билл ему не | нравился.	33
D0457	03	079A1	079B1	14		9A AE B3 82 81 AD 98 84 81 8B B1 8A AD 0A	びょういんのおいしゃさんです	Врач из клиники.	26	4	Врач из клиники.	16
D0458	03	079B0	079C0	14		8D AD 8D 81 85 AE FF 99 AD 95 AD 0A 85 FE	せんせいが はんにんですか？	Доктор подозреваемый?	26	4	Доктор подозреваемый?	21
D0459	03	079BF	079CF	23		85 AD 89 AE 9B 8A AD 0A BF 9A AE 8B AE AD 92 AE BF 89 98 9F 94 AD 0A	かんごふさんです。びじんで。このみなんです	Медсестра.Красивая.В моём вкусе.	26	4	Медсестра.Красивая.В моём | вкусе.	32
D0460	03	079D7	079E7	28		80 98 9A 93 95 FF 9A 93 89 AE AA 8B 94 AD 92 FF 92 AE 86 94 81 93 84 A2 09 85 AE 97	あのひとに ひとごろしなんて できないとおもいますがね	Не думаю,что она способна убить.	26	4	Не думаю,что она способна | убить.	32
D0461	03	079F4	07A04	40		EA DA AE EC CC AE 88 98 FF 84 92 91 8F AE 81 0A BF FF DB E9 F0 D3 AE 98 FF 99 99 84 A3 85 AE AB A7 98 A5 82 94 9A 93 0A	ロビヲズけの おてつだいです。 フレッドの ははおやがわりのようなひとです	Домработница Роббинсов.Фреду как мать.	26	4	Домработница | Роббинсов.Фреду как мать.	38
D0462	03	07A1F	07A2F	36		0B 98 8B 89 AE 93 98 CC C8 CB AE F2 FC E8 99 FF 85 98 8B AE B3 85 AE FF 85 AD A7 8B 92 81 8F 9F 8F 81 0A A5	ビルのしごとのスケジュールは かのじょが かんりしていたみたいですよ	Она вела рабочий график Билла.	26	4	Она вела рабочий график | Билла.	30
D0463	03	07A4F	07A5F	13		91 86 80 81 85 AE 94 81 98 92 AE FF 06	つきあいがないので しりません	Не общаемся.Не знаю.	26	4	Не общаемся.Не знаю.	20
D0464	03	07A64	07A74	9		8E 82 81 82 9A 93 99 FF 06	そういうひとは しりません	Такого не знаю.	26	4	Такого не знаю.	15
D0465	03	07A70	07A80	25		81 83 95 81 0C BF 8B 89 AE 93 98 80 93 99 FF 9E B0 8C 87 AE 85 83 A7 9E 8C	いえにいました。しごとのあとは まっすぐかえります	Был дома.После работы сразу вернулся.	26	4	Был дома.После работы | сразу вернулся.	37
D0466	03	07A8C	07A9C	8		94 AD 98 89 93 0A 85 FE	なんのことですか？	О чём вы?	26	4	О чём вы?	9
D0467	03	07A97	07AA7	20		88 81 83 81 98 89 93 99 FF 90 90 95 86 81 92 87 8F AE 8A 81	けいえいのことは ちちにきいてください	О делах спросите отца.	26	4	О делах спросите отца.	22
D0468	03	07AAE	07ABE	15		9E 80 9E 80 8B AE B1 94 81 92 AE 8B B3 82 85	まあまあじゃないでしょうか	Вроде всё нормально.	26	4	Вроде всё нормально.	20
D0469	03	07AC0	07AD0	60		8B AE B3 82 99 AE 98 C7 E6 DB AE 0A BF 0B 85 AE FF 85 81 90 B3 82 92 AE FF 81 8D AE AD F6 E9 F0 D3 AE CF C1 C7 E6 DB AE F7 85 AE 80 B0 8F 8E 82 94 98 92 AE FF DD EB C1 D3 95 8B 0C	じょうばのクラブです。ビルが かいちょうで いぜん「レッドタイクラブ」があったそうなので ホワイトにしました	Клуб верховой езды Билл глава.Назвали Уайт в противовес старому Ред Тай.	26	4	Клуб верховой езды Билл | глава.Назвали Уайт в | противовес старому Ред | Тай.	72
D0470	03	07AFF	07B0F	39		8E 82 81 82 8B AE 88 AD 85 AE 80 A7 0C 97 BF 0B 85 AE FF F6 99 AD 95 AD AC FF 8B B0 92 81 A8 F7 93 FF 81 B0 92 0C BF	そういうじけんがありましたね。ビルが 「はんにんを しっている」と いってました。	Да такое дело было.Билл говорил,что знает преступника.	26	4	Да такое дело было.Билл | говорил,что знает | преступника.	54
D0471	03	07B29	07B39	24		C8 C1 D3 93 99 FF 82 9E 87 81 B0 92 09 BF 88 B0 89 AD 8B 92 A5 85 B0 8F	ケイトとは うまくいっています。けっこんしてよかった	С Кейт всё хорошо.Я рад браку.	26	4	С Кейт всё хорошо.Я рад | браку.	30
D0472	03	07B44	07B54	12		8B AA 98 DC AE EC D1 95 98 B0 92 09	しろのベヲツにのっています	Езжу на белом Бенце.	26	4	Езжу на белом Бенце.	20
D0473	03	07B53	07B63	16		99 99 85 AE FF 94 9E 83 AC 8B B0 92 81 8F AD 0A	ははが なまえをしっていたんです	Мама знала это имя.	26	4	Мама знала это имя.	19
D0474	03	07B6A	07B7A	29		85 AE AD 99 AE B0 92 87 8F AE 8A 81 BF C8 C1 D3 85 AE FF 8B AD 99 AF 81 8B 92 09 85 A6	がんばってください。ケイトが しんぱいしていますから	Удачи.Кейт волнуется.	26	4	Удачи.Кейт волнуется.	21
D0475	03	07B8A	07B9A	20		88 81 8B AE 8A AD 85 AE FF 07 95 94 AD 98 89 AE A5 82 0A 85	けいじさんが わたしになんのごようですか	Что вам от меня нужно?	26	4	Что вам от меня нужно?	22
D0476	03	07B9F	07BAF	31		07 99 FF 8B 89 AE 93 92 AE 81 8E 85 AE 8B 81 BF 92 9F 8B AE 85 95 84 97 85 AE 81 8B 9E 8C A5	わたしは しごとでいそがしい。てみじかにおねがいしますよ	Я занят.Говорите кратко.	26	4	Я занят.Говорите кратко.	24
D0477	03	07BBF	07BCF	12		CB AE F3 FC BF C6 F1 E7 EC D3 EC 0A	ジョー。キャリヲトヲです	Джо Кэррингтон.	26	4	Джо Кэррингтон.	15
D0478	03	07BCC	07BDC	5		B8 BD 8A 81 0A	49さいです	49 лет.	26	4	49 лет.	7
D0479	03	07BD2	07BE2	11		9B 93 AE 82 8A AD 86 AE B3 82 0A	ふどうさんぎょうです	Недвижимость.	26	4	Недвижимость.	13
D0480	03	07BDE	07BEE	6		ED EE 85 AE 8F 0A	ABがたです	Группа AB.	26	4	Группа AB.	10
D0481	03	07BE5	07BF5	28		91 9E 98 DE FC CA FF A0 8C A1 98 CB AE F1 D7 F0 D3 FF A0 8C 89 98 E6 E8 DB 85 AE 09	つまのマーサ むすめのジャネット むすこのラルフがいます	Жена Марта дочь Джанет сын Ральф.	26	4	Жена Марта дочь Джанет сын | Ральф.	33
D0482	03	07C02	07C12	25		9D AD AC A5 A0 89 93 0A BF 85 81 86 8B B3 82 8D 91 94 AD 85 FF 8C 86 0A A5	ほんをよむことです。かいきしょうせつなんか すきですよ	Люблю читать.Особенно мистику.	26	4	Люблю читать.Особенно | мистику.	30
D0483	03	07C1C	07C2C	21		9B 93 AE 82 8A AD 85 AD 92 81 8B 98 FF 8B 85 87 AC A2 B0 92 09	ふどうさんかんていしの しかくをもっています	Я лицензированный оценщик.	26	4	Я лицензированный оценщик.	26
D0484	03	07C32	07C42	40		DC AF EC CB E8 D9 AE D5 C0 98 82 9E A9 0A BF B9 97 AD 9E 83 95 89 89 95 86 0C BF 8E 98 9E 83 99 DD AE CC D3 EC 95 81 0C	ペヲシルバニアのうまれです。5ねんまえにここにきました。そのまえはボストヲにいました	Родился в Пенсильвании.Здесь 5 лет.До этого Бостон.	26	4	Родился в | Пенсильвании.Здесь 5 | лет.До этого Бостон.	51
D0485	03	07C5B	07C6B	34		C7 AE E8 FC DB AF 95 99 81 A8 98 85 AE FF 86 A6 81 92 AE 8B 92 97 BF 93 AE 89 95 A2 99 81 B0 92 81 08	グループにはいるのが きらいでしてね。どこにもはいっていません	Не люблю группы.Никуда не вхожу.	26	4	Не люблю группы.Никуда не | вхожу.	32
D0486	03	07C7E	07C8E	51		AB 85 AE 9E 9E 94 84 93 89 92 AE 8B 8F A5 BF FF A0 8C A1 98 FF 84 B0 93 0A 85 AE FF 80 AD 94 8B 95 85 8F AC 8C A8 98 A2 FF 9F 85 A6 92 AE 8F 8A 9A AE 0A	わがままなおとこでしたよ。 むすめの おっとですが あんなしにかたをするのも みからでたさびです	Он был эгоистом.Хотя он муж моей дочери,такая смерть закономерна.	26	4	Он был эгоистом.Хотя он | муж моей дочери,такая | смерть закономерна.	65
D0487	03	07CB4	07CC4	45		CB AE F1 D7 F0 D3 99 FF 80 9E 81 89 93 99 AE 95 FF 8F AE 9E 8A A9 92 81 8F AD 0A BF A2 B0 93 99 AD 8F 81 8B 92 84 88 99 AE A5 85 B0 8F	ジャネットは あまいことばに だまされていたんです。もっとはんたいしておけばよかった	Джанет обманули сладкими словами.Надо было сильнее противиться.	26	4	Джанет обманули сладкими | словами.Надо было сильнее | противиться.	63
D0488	03	07CE2	07CF2	15		A0 8C A1 99 FF 99 AD 95 AD 92 AE 99 80 A7 08	むすめは はんにんではありません	Моя дочь не убийца.	26	4	Моя дочь не убийца.	19
D0489	03	07CF2	07D02	21		81 99 AE B0 8F FF 95 AD 88 AE AD 99 86 A6 81 92 AE 8B 92 97 BF	いばった にんげんはきらいでしてね。	Не люблю заносчивых людей.	26	4	Не люблю заносчивых людей.	26
D0490	03	07D10	07D20	17		84 99 94 8B 8C A8 A5 82 94 89 93 99 FF 80 A7 08 97	おはなしするようなことは ありませんね	Мне нечего о нём сказать.	26	4	Мне нечего о нём сказать.	25
D0491	03	07D24	07D34	59		FB FB C5 EC D9 AF D5 FC A2 FF 84 84 92 98 85 81 8B B1 85 AE FF 8B AD 8B B2 91 8B 92 8F 81 9C AD 8F AE 8E 82 0A 97 BF DD E8 D2 AE C1 EC C7 AE 8A AD A2 FF 89 AE 87 AA 82 8A 9E 0A	HHカヲパニーも おおてのかいしゃが しんしゅつしてたいへんだそうですね。ホルデイヲグさんも ごくろうさまです	HH Компания страдает от крупных конкурентов.Холдингу тяжело.	26	4	HH Компания страдает от | крупных | конкурентов.Холдингу | тяжело.	60
D0492	03	07D60	07D70	10		91 85 9E B0 8F 8E 82 0A 97 0D	つかまったそうですね・・・	Говорят его арестовали...	26	4	Говорят его арестовали...	25
D0493	03	07D6B	07D7B	8		80 B0 8F 89 93 80 A7 08	あったことありません	Не встречал.	26	4	Не встречал.	12
D0494	03	07D76	07D86	5		8A 80 FF 06 97	さあ しりませんね	Не знаю.	26	4	Не знаю.	8
D0495	03	07D83	07D93	24		81 81 FF 91 9E 0A BF 85 92 81 AC FF 8F 81 8D 91 95 8B 92 87 A9 92 09 A5	いい つまです。かていを たいせつにしてくれていますよ	Хорошая жена.Бережёт семью.	26	4	Хорошая жена.Бережёт | семью.	27
D0496	03	07D9E	07DAE	40		85 81 AB AC FF 8F 81 8D 91 95 8B 92 FF 94 AD 92 AE A2 99 94 8B 92 87 A9 A8 A5 82 95 93 FF 84 A2 B0 92 81 A8 AD 0A 85 AE	かいわを たいせつにして なんでもはなしてくれるようにと おもっているんですが	Хочу,чтобы она говорила со мной обо всём.	26	4	Хочу,чтобы она говорила со | мной обо всём.	41
D0497	03	07DC7	07DD7	11		E6 E8 DB 99 94 95 A2 8B 92 81 08	ラルフはなにもしていません	Ральф ничего не делал.	26	4	Ральф ничего не делал.	22
D0498	03	07DD3	07DE3	27		85 A6 8F AE 99 8B AE B3 82 9B AE 92 AE FF 81 8B B1 98 8D AB 95 99 FF 94 B0 92 08	からだはじょうぶで いしゃのせわには なってません	Я здоров.Врачи не нужны.	26	4	Я здоров.Врачи не нужны.	24
D0499	03	07DF1	07E01	5		8A 80 FF 06 97	さあ しりませんね	Не знаю.	26	4	Не знаю.	8
D0500	03	07DF9	07E09	15		84 99 94 8B 8C A8 A5 82 94 89 93 99 80 A7 08	おはなしするようなことはありません	Мне нечего сказать.	26	4	Мне нечего сказать.	19
D0501	03	07E18	07E28	8		91 86 80 81 99 80 A7 08	つきあいはありません	Мы не общаемся.	26	4	Мы не общаемся.	15
D0502	03	07E29	07E39	9		80 B0 8F 89 93 A2 80 A7 08	あったこともありません	Даже не встречал.	26	4	Даже не встречал.	17
D0503	03	07E35	07E45	55		80 98 A5 A8 99 FF 86 B1 87 93 80 82 A5 92 81 92 AE 8B 8F 85 AE FF 8B AE 85 AD 95 94 B0 92 A2 89 94 85 B0 8F 98 92 AE BF B5 B4 8B AE 9E 92 AE 9E B0 92 FF 85 83 A7 0C	あのよるは きゃくとあうよていでしたが じかんになってもこなかったので。10じまでまって かえりました	Вечером ждал клиента.Он не пришёл.До 10 ждал и ушёл.	26	4	Вечером ждал клиента.Он не | пришёл.До 10 ждал и ушёл.	52
D0504	03	07E6D	07E7D	37		82 8E 99 FF 81 81 08 A5 BF 85 83 B0 8F 98 99 B5 B4 8B AE FF 81 A3 FF B5 B5 8B AE FF 8F AE B0 8F 85 A2 8B A9 08	うそは いいませんよ。かえったのは10じ いや 11じ だったかもしれません	Я не лгу.Ушёл в 10.Нет,может в 11.	26	4	Я не лгу.Ушёл в | 10.Нет,может в 11.	34
D0505	03	07E96	07EA6	12		07 98 A2 98 92 AE 99 FF 80 A7 08 0D	わたしのものでは ありません・・・	Это не моё...	26	4	Это не моё...	13
D0506	03	07EA3	07EB3	12		DA AF CC D3 E8 99 FF A2 B0 92 81 08	ピストルは もっていません	Пистолета у меня нет.	26	4	Пистолета у меня нет.	21
D0507	03	07EB2	07EC2	7		9D 88 AD FE FF 06 97	ほけん？ しりませんね	Страховка?Не знаю.	26	4	Страховка?Не знаю.	18
D0508	03	07EBC	07ECC	9		8B AE 9F 90 95 A3 B0 92 09	じみちにやっています	Работаю честно.	26	4	Работаю честно.	15
D0509	03	07EC8	07ED8	13		8A 80 FF 8E AD 94 99 94 8B 99 FF 06 97	さあ そんなはなしは しりませんね	Не знаю такой истории.	26	4	Не знаю такой истории.	22
D0510	03	07ED6	07EE6	10		99 94 8C 89 93 99 FF 80 A7 08	はなすことは ありません	Мне нечего сказать.	26	4	Мне нечего сказать.	19
D0511	03	07EE1	07EF1	7		94 AD 98 89 93 0A 85	なんのことですか	О чём вы?	26	4	О чём вы?	9
D0512	03	07EEF	07EFF	60		DE FC CA 93 99 FF 8A 81 89 AD 0A BF 91 9E AC 9A AE B3 82 86 92 AE 94 87 8B 92 FF 9A 93 A7 8F AE B0 8F 89 AA FF 92 AE 80 81 0C BF 89 93 AE A2 8F 90 93 A2 FF 82 9E 87 A3 B0 92 09 BF	マーサとは さいこんです。つまをびょうきでなくして ひとりだったころ であいました。こどもたちとも うまくやっています。	С Мартой второй брак.Первая жена умерла.Мы встретились когда я жил один.С детьми ладим.	26	4	С Мартой второй | брак.Первая жена умерла.Мы | встретились когда я жил | один.С детьми ладим.	87
D0513	03	07F2C	07F3C	16		DE FC CA 98 9E 83 98 84 B0 93 98 89 93 99 06 BF	マーサのまえのおっとのことはしりません。	О первом муже Марты не знаю.	26	4	О первом муже Марты не | знаю.	28
D0514	03	07F3D	07F4D	15		87 A8 9E 98 82 AD 92 AD 99 FF 8B 94 81 AD 0A	くるまのうんてんは しないんです	Я не вожу машину.	26	4	Я не вожу машину.	17
D0515	03	07F51	07F61	44		8E 82 81 83 99 AE FF 81 83 95 85 83 A8 93 86 FF DD E8 D2 AE C1 EC C7 AE 8A AD AC 9F 0C A5 BF 80 AB 92 92 81 8F A5 82 8C 92 AE 8B 8F	そういえば いえにかえるとき ホルデイヲグさんをみましたよ。あわてていたようすでした	По дороге домой видел Холдинга.Он спешил.	26	4	По дороге домой видел | Холдинга.Он спешил.	41
D0516	03	07F80	07F90	9		94 AD 92 AE 8B B3 82 85 FE	なんでしょうか？	Что такое?	26	4	Что такое?	10
D0517	03	07F8A	07F9A	8		9E 8F AE FF 94 95 85 FE	まだ なにか？	Ещё что?	26	4	Ещё что?	8
D0518	03	07F93	07FA3	12		DD AF FC E8 BF D2 AE FC DA AE CC 0A	ポール。デービスです	Пол Дэвис.	26	4	Пол Дэвис.	10
D0519	03	07FA0	07FB0	5		B7 BC 8A 81 0A	38さいです	38 лет.	26	4	38 лет.	7
D0520	03	07FA6	07FB6	15		89 98 9F 8D AC A3 B0 92 FF B5 B4 97 AD A1 0A	このみせをやって 10ねんめです	Держу этот паб 10 лет.	26	4	Держу этот паб 10 лет.	22
D0521	03	07FB6	07FC6	5		BE 85 AE 8F 0A	Oがたです	Группа O.	26	4	Группа O.	9
D0522	03	07FBC	07FCC	17		91 9E 93 FF 89 93 AE A2 85 AE 9B 8F A7 84 A7 9E 8C	つまと こどもがふたりおります	Жена и двое детей.	26	4	Жена и двое детей.	18
D0523	03	07FCE	07FDE	30		91 A7 85 AE 8C 86 92 AE 8B 92 97 BF 8F AE 85 A6 FF 9F 8D 98 94 9E 83 A2 89 82 8B 8F AD 0A	つりがすきでしてね。だから みせのなまえもこうしたんです	Люблю рыбалку.Поэтому так назвал паб.	26	4	Люблю рыбалку.Поэтому так | назвал паб.	37
D0524	03	07FED	07FFD	16		90 B3 82 A7 8B 98 FF A1 AD 86 B3 AC A2 B0 92 09	ちょうりしの めんきょをもっています	У меня диплом повара.	26	4	У меня диплом повара.	21
D0525	04	08000	08010	12		9B AE 98 FF 8B B2 B0 8B AD 94 AD 0A	ぶの しゅっしんなんです	Родом из этого района.	26	4	Родом из этого района.	22
D0526	04	0800D	0801D	19		81 AD 8B B3 87 92 AD 98 FF 87 9F 80 81 95 FF 99 B0 92 09	いんしょくてんの くみあいに はっています	Член союза рестораторов.	26	4	Член союза рестораторов.	24
D0527	04	08021	08031	42		EA DA AE EC CC AE 8A AD 99 FF 80 98 9A FF 9A 93 A7 92 AE FF 8F 98 8B 87 98 AD 92 AE 81 0C BF 80 AD 94 89 93 95 94 A8 94 AD 92	ロビヲズさんは あのひ ひとりで たのしくのんでいました。あんなことになるなんて	В тот вечер Роббинс пил один и веселился.Кто бы знал.	26	4	В тот вечер Роббинс пил | один и веселился.Кто бы | знал.	53
D0528	04	0804E	0805E	24		88 B0 89 AD 9E 83 99 FF A5 87 EA DA AE EC CC AE 8A AD 93 9F 83 92 0C BF	けっこんまえは よくロビヲズさんとみえてました。	До свадьбы часто приходил с ней.	26	4	До свадьбы часто приходил | с ней.	32
D0529	04	08067	08077	21		9E 8A 85 FF 84 87 8A AD 85 AE FF 99 AD 95 AD 8F AE 94 AD 92 0D	まさか おくさんが はんにんだなんて・・・	Неужели жена убийца...	26	4	Неужели жена убийца...	22
D0530	04	0807D	0808D	47		94 85 85 AE FF A5 87 94 85 B0 8F A5 82 0A A5 BF A5 B0 92 F6 84 A9 99 FF 84 A3 8B AE 98 89 93 AC 95 87 AD 92 AE 81 A8 F7 93 85 FF 81 B0 92 0C	なかが よくなかったようですよ。よって「おれは おやじのことをにくんでいる」とか いってました	С отцом не ладил.Пьяный говорил,что ненавидит его.	26	4	С отцом не ладил.Пьяный | говорил,что ненавидит его.	50
D0531	04	080AD	080BD	9		91 85 9E B0 8F 8E 82 0A 97	つかまったそうですね	Говорят его арестовали.	26	4	Говорят его арестовали.	23
D0532	04	080B7	080C7	30		B6 93 AE 9D 93 AE FF 81 A6 8B 8F 89 93 85 AE 80 A7 9E 8C A5 BF FF 84 9A 93 A7 92 AE 8B 8F	2どほど いらしたことがありますよ。 おひとりでした	Был тут пару раз.Один.	26	4	Был тут пару раз.Один.	22
D0533	04	080D6	080E6	16		80 98 9A 93 85 AE FF 99 AD 95 AD 94 98 0A 85 FE	あのひとが はんにんなのですか？	Он убийца?	26	4	Он убийца?	10
D0534	04	080E7	080F7	11		84 80 81 8B 8F 89 93 99 80 A7 08	おあいしたことはありません	Не встречал.	26	4	Не встречал.	12
D0535	04	080FA	0810A	7		8E AE AD 8B AE 08 97	ぞんじませんね	Не знаю.	26	4	Не знаю.	8
D0536	04	0810C	0811C	5		8B A6 94 81 0A	しらないです	Не знаю.	26	4	Не знаю.	8
D0537	04	08114	08124	47		9E 83 95 FF 9F 8D 92 AE EA DA AE EC CC AE 8A AD 93 FF 88 AD 85 95 94 A7 0C BF FF 88 B0 89 AD 8B 86 98 FF 9E 83 98 89 93 8F AE 93 84 A2 09 BF	まえに みせでロビヲズさんと けんかになりました。 けっこんしきの まえのことだとおもいます。	Однажды ссорился здесь с Роббинсом.Это было до свадьбы.	26	4	Однажды ссорился здесь с | Роббинсом.Это было до | свадьбы.	55
D0538	04	0814A	0815A	12		8A 80 FF 86 81 8F 89 93 99 80 A7 08	さあ きいたことはありません	Не слышал.	26	4	Не слышал.	10
D0539	04	08167	08177	21		81 81 89 0A A5 BF FF 9E 8B AE A1 95 99 8F A6 81 92 87 A9 9E 8C	いいこですよ。 まじめにはたらいてくれます	Хорошая девушка.Работает честно.	26	4	Хорошая девушка.Работает | честно.	32
D0540	04	0817F	0818F	35		83 81 85 AE 85 AD AC FF 88 81 83 81 8B 92 81 A8 AD 0A 85 AE FF 85 94 A7 98 8B 8A AD 85 FF A6 8B 81 0A A5	えいがかんを けいえいしているんですが かなりのしさんか らしいですよ	Владеет кинотеатром.Говорят богат.	26	4	Владеет | кинотеатром.Говорят богат.	34
D0541	04	081A5	081B5	87		D9 EB FC D3 AE 8A AD 99 FF 81 82 89 93 85 AE 84 84 86 87 92 BF 9D 85 98 86 B1 87 93 D3 E6 DB AE E8 85 AE FF 8F 83 94 81 AD 0A BF 93 87 95 EA DA AE EC CC AE 8A AD 95 99 FF 81 81 85 AE 85 A7 AC 91 88 92 81 0C BF 80 98 9A 99 FF B5 B6 8B AE 89 AE AA 85 83 A6 A9 0C	ハワードさんは いうことがおおきくて。ほかのきゃくとトラブルが たえないんです。とくにロビヲズさんには いいがかりをつけていました。あのひは 12じごろかえられました	Ховард хвастается.Ссорится с гостями.Особенно с Роббинсом.В тот день ушёл около 12.	26	4	Ховард хвастается.Ссорится | с гостями.Особенно с | Роббинсом.В тот день ушёл | около 12.	83
D0542	04	081FD	0820D	16		A3 B0 99 AF A7 FF D9 EB FC D3 AE 8A AD 85 AE 0D	やっぱり ハワードさんが・・・	Так значит Ховард...	26	4	Так значит Ховард...	20
D0543	04	08212	08222	51		8C AE B0 93 9F 8D 95 81 92 FF 92 AE 92 81 08 BF FF 9F 8D AC 8B A1 8F 98 85 AE FF A5 94 85 98 B6 8B AE 89 AE AA 92 AE FF 8E A9 85 A6 81 83 95 85 83 A7 0C	ずっとみせにいて でていません。 みせをしめたのが よなかの2じごろで それからいえにかえりました	Я был в пабе до закрытия в 2.Потом домой.	26	4	Я был в пабе до закрытия в | 2.Потом домой.	41
D0544	04	08248	08258	38		D9 C1 CC C7 FC E8 98 93 86 95 FF 8E 82 81 82 8B AE 88 AD 99 FF 84 9D AE 83 92 09 85 AE FF 84 99 94 8B 99 80 A7 08	ハイスクールのときに そういうじけんは おぼえていますが おはなしはありません	В школе слышал про то нападение.Но больше ничего.	26	4	В школе слышал про то | нападение.Но больше | ничего.	49
D0545	04	08275	08285	8		86 84 87 95 FF 94 81 0A	きおくに ないです	Не помню.	26	4	Не помню.	9
D0546	04	08280	08290	21		9C 81 9D AE AD 94 FF 88 B0 89 AD 8D 81 85 91 AC 84 87 B0 92 09	へいぼんな けっこんせいかつをおくっています	Обычный брак.	26	4	Обычный брак.	13
D0547	04	08298	082A8	41		8F 8B 85 95 CA E6 99 FF 9B 89 82 94 8B AE 88 AD 95 80 B0 92 09 BF A2 82 FF 8E B0 93 8B 92 84 81 92 A3 B0 92 87 8F AE 8A 81	たしかにサラは ふこうなじけんにあっています。もう そっとしておいてやってください	Да,с Сарой случилась беда.Прошу не тревожить её.	26	4	Да,с Сарой случилась | беда.Прошу не тревожить | её.	48
D0548	04	082C4	082D4	29		81 91 A2 FF 91 9E 95 FF A0 85 83 95 86 92 A2 A6 B0 92 09 BF 87 A8 9E 99 86 81 AA 0A A5	いつも つまに むかえにきてもらっています。くるまはきいろですよ	Жена всегда забирает меня.Машина жёлтая.	26	4	Жена всегда забирает | меня.Машина жёлтая.	40
D0549	04	082EC	082FC	42		8B AE 91 99 FF 80 98 8B AE 88 AD 98 9A FF A5 A8 B6 8B AE 87 AE A6 81 95 FF D9 EB FC D3 AE 8A AD AC 9F 8D 98 9E 83 92 AE 9F 0C	じつは あのじけんのひ よる2じぐらいに ハワードさんをみせのまえでみました	В ночь убийства около 2 я видел Ховарда у паба.	26	4	В ночь убийства около 2 я | видел Ховарда у паба.	47
D0550	04	08319	08329	14		07 95 FF 81 B0 8F 81 94 AD 98 99 94 8B FE	わたしに いったいなんのはなし？	Что вам от меня?	26	4	Что вам от меня?	16
D0551	04	08328	08338	15		99 94 8C 89 93 94 AD 92 FF 94 95 A2 94 81 AB	はなすことなんて なにもないわ	Мне нечего говорить.	26	4	Мне нечего говорить.	20
D0552	04	08338	08348	9		CA E6 BF CB FC E8 CC AE A5	サラ。シールズよ	Сара Шилдс.	26	4	Сара Шилдс.	11
D0553	04	08342	08352	20		81 87 91 95 9F 83 A8 FE 0D 80 FF 99 8C AE A9 8F 0D B6 B7 A5	いくつにみえる？・・・あ はずれた・・・23よ	Сколько дашь?Нет 23.	26	4	Сколько дашь?Нет 23.	20
D0554	04	08357	08367	23		A5 B0 99 AF A6 81 FF 80 81 92 95 FF DA AF C0 D8 AC 9A 81 92 81 A8 AB	よっぱらい あいてに ピアノをひいているわ	Играю на пианино для пьяных.	26	4	Играю на пианино для | пьяных.	28
D0555	04	0836F	0837F	8		86 B3 82 99 EE 85 AE 8F	きょうはBがた	Сегодня группа B.	26	4	Сегодня группа B.	17
D0556	04	08378	08388	11		81 94 81 AB BF 07 99 9A 93 A7 A5	いないわ。わたしはひとりよ	Никого.Я одна.	26	4	Никого.Я одна.	14
D0557	04	08384	08394	40		8C 86 94 89 93 99 FF 9D AE AD A3 A7 8B 92 81 A8 89 93 BF 86 A6 81 94 89 93 99 FF 88 81 8B AE 8A AD 93 FF 99 94 8C 89 93	すきなことは ぼんやりしていること。きらいなことは けいじさんと はなすこと	Люблю бездельничать.Не люблю говорить с детективами.	26	4	Люблю бездельничать.Не | люблю говорить с | детективами.	52
D0558	04	083AD	083BD	22		DA AF C0 D8 85 AE 9A 88 A8 89 93 81 85 AE 81 FF 94 95 A2 94 81 AB	ピアノがひけることいがい なにもないわ	Кроме пианино ничего не умею.	26	4	Кроме пианино ничего не | умею.	29
D0559	04	083C4	083D4	12		C5 E7 DB C4 E8 D5 C0 98 82 9E A9 A5	カリフオルニアのうまれよ	Родилась в Калифорнии.	26	4	Родилась в Калифорнии.	22
D0560	04	083D5	083E5	63		9A 93 98 82 AD A1 81 94 AD 92 AB 85 A6 94 81 A2 98 97 BF FF 89 98 9E 83 99 FF 9A 93 A7 8F AE B0 8F 88 A9 93 AE FF A5 87 FF 85 9F 98 94 85 AE 81 84 AD 94 98 9A 93 AC 91 A9 92 86 92 81 8F AB	ひとのうんめいなんてわからないものね。 このまえは ひとりだったけれど よく かみのながいおんなのひとをつれてきていたわ	Судьба странна.Тогда он был один,но часто приводил длинноволосую женщину.	26	4	Судьба странна.Тогда он | был один,но часто приводил | длинноволосую женщину.	73
D0561	04	08417	08427	46		9E 83 95 FF 9F 8D 95 86 8F 89 93 85 AE 80 A8 AB BF FF 84 A2 81 91 A1 A8 93 FF 94 95 AC 8C A8 85 FF AB 85 A6 94 81 9A 93 8F AE 93 84 A2 82	まえに みせにきたことがあるわ。 おもいつめると なにをするか わからないひとだとおもう	Она бывала здесь.Если зациклится может сделать что угодно.	26	4	Она бывала здесь.Если | зациклится может сделать | что угодно.	58
D0562	04	08446	08456	31		80 98 9A 93 95 99 FF EA DA AE EC CC AE 8A AD AC FF 89 AA 8D 94 81 AD 8B AE B1 94 81 85 8B A6	あのひとには ロビヲズさんを ころせないんじゃないかしら	Не думаю,что он способен убить Роббинса.	26	4	Не думаю,что он способен | убить Роббинса.	40
D0563	04	08466	08476	5		8B A6 94 81 AB	しらないわ	Не знаю.	26	4	Не знаю.	8
D0564	04	0846E	0847E	18		94 AD 93 AE 85 FF 89 89 95 86 8F 89 93 85 AE 80 A8 AB	なんどか ここにきたことがあるわ	Он бывал здесь несколько раз.	26	4	Он бывал здесь несколько | раз.	29
D0565	04	08481	08491	64		80 98 9A 93 93 FF 8B AD 8F AE EA DA AE EC CC AE 8A AD 99 FF 9D AD 93 98 86 B3 82 8F AE 81 8B AE B1 94 85 B0 8F AD 92 AE 8B B3 82 BF 81 B0 92 81 8F AB BF 90 98 91 94 85 AE A7 99 94 81 B0 92 97	あのひとと しんだロビヲズさんは ほんとのきょうだいじゃなかったんでしょう。いっていたわ。ちのつながりはないってね	Он и погибший не родные братья.Он говорил.Крови общей нет.	26	4	Он и погибший не родные | братья.Он говорил.Крови | общей нет.	58
D0566	04	084C2	084D2	4		8B A6 94 81	しらない	Не знаю.	26	4	Не знаю.	8
D0567	04	084C9	084D9	4		8B A6 94 81	しらない	Не знаю.	26	4	Не знаю.	8
D0568	04	084D0	084E0	5		8B A6 94 81 AB	しらないわ	Не знаю.	26	4	Не знаю.	8
D0569	04	084D8	084E8	11		8E AD 94 9A 93 FF 8B A6 94 81 AB	そんなひと しらないわ	Такого не знаю.	26	4	Такого не знаю.	15
D0570	04	084E6	084F6	19		8B A6 94 81 AB BF 97 83 FF 07 FF 8F 81 87 91 8B 92 A8 98	しらないわ。ねえ わたし たいくつしてるの	Не знаю.Мне скучно.	26	4	Не знаю.Мне скучно.	19
D0571	04	084FC	0850C	4		8B A6 94 81	しらない	Не знаю.	26	4	Не знаю.	8
D0572	04	08503	08513	5		8B A6 94 81 AB	しらないわ	Не знаю.	26	4	Не знаю.	8
D0573	04	0850B	0851B	18		07 95 86 81 92 A2 A0 8F AE BF 94 95 A2 8B A6 94 81 AB	わたしにきいてもむだ。なにもしらないわ	Зря спрашиваете.Я ничего не знаю.	26	4	Зря спрашиваете.Я ничего | не знаю.	33
D0574	04	08520	08530	28		8A 80 0D FF 9D 85 98 9A 93 98 FF 8F AE A9 85 8A AD 95 99 FF 86 B3 82 9F 94 81 85 A6	さあ・・・ ほかのひとの だれかさんには きょうみないから	Не знаю.Другие мужчины мне не интересны.	26	4	Не знаю.Другие мужчины мне | не интересны.	40
D0575	04	0853F	0854F	4		8B A6 94 81	しらない	Не знаю.	26	4	Не знаю.	8
D0576	04	08546	08556	5		8B A6 94 81 AB	しらないわ	Не знаю.	26	4	Не знаю.	8
D0577	04	0854E	0855E	11		DE CC CF FC 99 FF 81 81 9A 93 A5	マスターは いいひとよ	Хозяин хороший человек.	26	4	Хозяин хороший человек.	23
D0578	04	08562	08572	79		83 81 85 AE 85 AD 98 C4 FC D4 FC A5 BF 81 91 A2 FF 99 9E 86 AC 87 AB 83 92 A8 AB BF 8E 82 8F AE BF BF 9F 8D 98 85 83 A7 95 FF 8F AE 81 85 AE 87 98 90 85 87 92 AE 9F 85 88 8F AB BF 86 B3 82 85 81 98 9D 82 85 A6 FF 80 A8 81 92 86 92 8F AB	えいがかんのオーナーよ。いつも はまきをくわえてるわ。そうだ。。みせのかえりに だいがくのちかくでみかけたわ。きょうかいのほうから あるいてきてたわ	Владелец кинотеатра.Всегда с сигарой.После работы видела его у колледжа.Он шёл от церкви.	26	4	Владелец кинотеатра.Всегда | с сигарой.После работы | видела его у колледжа.Он | шёл от церкви.	89
D0579	04	085B2	085C2	17		80 98 9A 93 FF 94 95 85 8B 92 81 8E 82 8F AE A2 98	あのひと なにかしていそうだもの	Кажется он что-то скрывает.	26	4	Кажется он что-то | скрывает.	27
D0580	04	085C4	085D4	52		81 91 A2 81 99 AE B0 92 81 92 FF 80 98 9A A2 EA DA AE EC CC AE 8A AD 95 FF 85 A6 AD 92 AE 8F AB BF EE 90 87 98 C0 D9 AF FC D3 95 8C AD 92 AE 81 A8 8E 82 A5	いつもいばっていて あのひもロビヲズさんに からんでたわ。Bちくのアパートにすんでいるそうよ	Он всегда хвастал и цеплялся к Роббинсу.Живёт в районе B.	26	4	Он всегда хвастал и | цеплялся к Роббинсу.Живёт | в районе B.	57
D0581	04	085F9	08609	21		80 98 9A 93 95 99 FF 9A 93 AC 89 AA 8C FF A4 82 86 99 94 81 AB	あのひとには ひとをころす ゆうきはないわ	Ему не хватит духа убить.	26	4	Ему не хватит духа убить.	25
D0582	04	0860F	0861F	40		84 9D AE 83 92 81 94 81 AB BF 8F AE 81 81 90 FF 8E 98 9A 93 85 AE 9D AD 93 82 95 8E AD 94 94 9E 83 85 FF AB 85 A6 94 81	おぼえていないわ。だいいち そのひとがほんとうにそんななまえか わからない	Не помню.И не уверена что это его настоящее имя.	26	4	Не помню.И не уверена что | это его настоящее имя.	48
D0583	04	0863A	0864A	24		8C AE B0 93 9F 8D 95 92 AE 92 8F BF B6 8B AE 89 AE AA 95 85 83 B0 8F AB	ずっとみせにでてた。2じごろにかえったわ	Работала до 2.Потом ушла домой.	26	4	Работала до 2.Потом ушла | домой.	31
D0584	04	08655	08665	10		A2 82 FF AB 8C A9 8F 89 93 A5	もう わすれたことよ	Это давно забыто.	26	4	Это давно забыто.	17
D0585	04	08660	08670	26		8F AE A9 85 AE 99 AD 95 AD 92 AE A2 FF 81 9E 98 07 95 99 FF 85 AD 88 81 94 81	だれがはんにんでも いまのわたしには かんけいない	Кто убийца мне всё равно?	26	4	Кто убийца мне всё равно?	25
D0586	04	0867B	0868B	31		DC AE F0 D3 AE E8 FC E0 95 FF C1 E3 E7 EC C7 AE AC AB 8C A9 A8 A5 82 94 89 93 99 8B 94 81 AB	ベッドルームに イヤリヲグをわすれるようなことはしないわ	Я не оставила бы серьгу в спальне.	26	4	Я не оставила бы серьгу в | спальне.	34
D0587	04	0869D	086AD	12		86 B3 82 9F 98 94 81 FF 99 94 8B 97	きょうみのない はなしね	Мне это не интересно.	26	4	Мне это не интересно.	21
D0588	04	086AC	086BC	13		8B AA 81 87 A8 9E 95 98 B0 92 81 A8 AB	しろいくるまにのっているわ	Езжу на белой машине.	26	4	Езжу на белой машине.	21
D0589	04	086C8	086D8	49		80 98 A5 A8 FF EA DA AE EC CC AE 8A AD 99 FF F6 E7 D9 AE D2 C1 85 0D F7 B0 92 FF 81 B0 92 81 8F AB BF ED 90 87 98 86 AE AD 89 82 98 89 93 85 8B A6	あのよる ロビヲズさんは 「リバテイか・・・」って いっていたわ。Aちくのぎんこうのことかしら	В ту ночь Роббинс говорил Либерти.Может о банке района A.	26	4	В ту ночь Роббинс говорил | Либерти.Может о банке | района A.	57
D0590	04	086FC	0870C	7		99 81 FF 94 AD 0A 85	はい なんですか	Да.Что?	26	4	Да.Что?	7
D0591	04	08704	08714	22		07 85 AE 8B B0 92 81 A8 89 93 99 FF 94 AD 92 AE A2 99 94 8B 9E 8C	わたしがしっていることは なんでもはなします	Расскажу всё что знаю.	26	4	Расскажу всё что знаю.	22
D0592	04	0871B	0872B	13		D2 AE C1 CB AE FC BF D9 FC D7 CC D3 0A	デイジー。ハーネストです	Дэйзи Эрнест.	26	4	Дэйзи Эрнест.	13
D0593	04	08729	08739	5		B5 BD 8A 81 0A	19さいです	19 лет.	26	4	19 лет.	7
D0594	04	0872F	0873F	66		D9 C2 E7 EC D3 EC C5 E9 F0 CB AE 98 85 AE 87 8D 81 0A BF 90 90 85 AE C4 FC D4 FC 98 CB AE E0 BF DE C7 DC AE C1 EC 8A AD 98 8B A7 80 81 94 98 92 AE FF C0 E8 D9 AE C1 D3 AC 8A 8D 92 A2 A6 B0 92 9E 8C	ハウリヲトヲカレッジのがくせいです。ちちがオーナーのジム。マクベイヲさんのしりあいなので アルバイトをさせてもらってます	Учусь в Хаулингтон Колледж.Отец знает Джима Макбейна.Поэтому подрабатываю.	26	4	Учусь в Хаулингтон | Колледж.Отец знает Джима | Макбейна.Поэтому | подрабатываю.	74
D0595	04	08772	08782	8		99 81 FF ED 85 AE 8F 0A	はい Aがたです	Да группа A.	26	4	Да группа A.	12
D0596	04	0877B	0878B	12		A7 B3 82 8B AD 93 FF 81 A2 82 93 0A	りょうしんと いもうとです	Родители и младшая сестра.	26	4	Родители и младшая сестра.	26
D0597	04	08788	08798	17		83 81 85 AE 93 FF CB AE F1 CC AE CF AE EC CC 85 94	えいがと ジャズダヲスかな	Кино и джаз танцы.	26	4	Кино и джаз танцы.	18
D0598	04	0879A	087AA	33		89 98 80 81 8F AE FF CB AE F1 CC AE CF AE EC CC 98 C1 EC CC D3 E6 C7 CF FC 98 8B 85 87 AC 93 A7 0C	このあいだ ジャズダヲスのイヲストラクターのしかくをとりました	Недавно получила диплом инструктора джаз танца.	26	4	Недавно получила диплом | инструктора джаз танца.	47
D0599	04	087BC	087CC	6		93 94 A7 9E 90 0A	となりまちです	Из соседнего города.	26	4	Из соседнего города.	20
D0600	04	087C3	087D3	25		8F AE 81 85 AE 87 98 83 81 85 AE 88 AD 86 B2 82 85 81 95 FF 99 81 B0 92 09	だいがくのえいがけんきゅうかいに はいっています	В киноклубе колледжа.	26	4	В киноклубе колледжа.	21
D0601	04	087DD	087ED	35		89 AA 8A A9 8F 9A 93 92 AE 8B B3 82 FE FF 99 AD 95 AD 99 FF 9E 8F AE 91 85 9E B0 92 81 94 81 8E 82 0A 97	ころされたひとでしょう？ はんにんは まだつかまっていないそうですね	Это убитый?Убийцу ещё не нашли?	26	4	Это убитый?Убийцу ещё не | нашли?	31
D0602	04	08803	08813	16		D9 C1 CC C7 FC E8 98 8D AD 99 AF 81 94 AD 0A A5	ハイスクールのせんぱいなんですよ	Он старше меня по школе.	26	4	Он старше меня по школе.	24
D0603	04	08816	08826	5		8B A6 94 81 0A	しらないです	Не знаю.	26	4	Не знаю.	8
D0604	04	08822	08832	4		8A 80 FF 06	さあ しりません	Не знаю.	26	4	Не знаю.	8
D0605	04	0882D	0883D	4		AB 85 A7 08	わかりません	Не знаю.	26	4	Не знаю.	8
D0606	04	08838	08848	4		AB 85 A7 08	わかりません	Не знаю.	26	4	Не знаю.	8
D0607	04	0883F	0884F	5		8B A6 94 81 0A	しらないです	Не знаю.	26	4	Не знаю.	8
D0608	04	08847	08857	41		E6 E8 DB 99 FF DD AE FC C1 DB E9 EC D3 AE 98 D5 F0 C7 98 93 A2 8F AE 90 0A BF 80 98 9A A2 FF D3 AE E6 C1 DB AE 95 81 86 0C	ラルフは ボーイフレヲドのニックのともだちです。あのひも ドライブにいきました	Ральф друг моего парня Ника.В ту ночь тоже ездил с нами.	26	4	Ральф друг моего парня | Ника.В ту ночь тоже ездил | с нами.	56
D0609	04	08877	08887	6		8F AE A9 0A 85 FE	だれですか？	Кто это?	26	4	Кто это?	8
D0610	04	08884	08894	4		AB 85 A7 08	わかりません	Не знаю.	26	4	Не знаю.	8
D0611	04	0888F	0889F	38		D5 F0 C7 99 8E 98 9A 93 98 DB C0 EC 94 AD 0A A5 BF 07 98 9E 83 92 AE FF 9D A1 A8 AD 0A BF 81 A3 95 94 B0 90 B1 82	ニックはそのひとのフアヲなんですよ。わたしのまえで ほめるんです。いやになっちゃう	Ник его фанат.Всё хвалит при мне.Надоело.	26	4	Ник его фанат.Всё хвалит | при мне.Надоело.	41
D0612	04	088B8	088C8	28		DE C7 DC AE C1 EC 8A AD 98 81 83 99 FF EF 90 87 98 8F AE 81 85 AE 87 98 8E 99 AE 0A	マクベイヲさんのいえは Cちくのだいがくのそばです	Дом Макбейна в районе C у колледжа.	26	4	Дом Макбейна в районе C у | колледжа.	35
D0613	04	088D7	088E7	29		8B B3 82 8D 91 85 92 AE 8B B3 82 BF 89 98 80 81 8F AE FF 83 81 85 AE AC 9F 95 86 0C BF	しょうせつかでしょう。このあいだ えいがをみにきました。	Писатель.Недавно приходил в кино.	26	4	Писатель.Недавно приходил | в кино.	33
D0614	04	088FB	0890B	44		80 98 9A 99 FF 83 81 85 AE 85 AE 84 AB B0 92 FF D5 F0 C7 93 D3 AE E6 C1 DB AE 95 81 86 0C BF B5 B5 8B AE 99 AD 95 99 FF 85 83 A7 0C	あのひは えいががおわって ニックとドライブにいきました。11じはんには かえりました	После кино мы с Ником поехали кататься.В 11 30 вернулась.	26	4	После кино мы с Ником | поехали кататься.В 11 30 | вернулась.	57
D0615	04	0892A	0893A	12		C1 E3 E7 EC C7 AE 99 8B 94 81 AD 0A	イヤリヲグはしないんです	Серьги не ношу.	26	4	Серьги не ношу.	15
D0616	04	08939	08949	10		8E AD 94 8B AE 88 AD 99 FF 06	そんなじけんは しりません	Не знаю такого дела.	26	4	Не знаю такого дела.	20
D0617	04	08946	08956	20		88 B0 89 AD 94 AD 92 FF 9E 8F AE 9E 8F AE 8A 86 98 89 93 0A	けっこんなんて まだまださきのことです	До свадьбы ещё далеко.	26	4	До свадьбы ещё далеко.	22
D0618	04	0895D	0896D	5		A2 B0 92 81 08	もっていません	У меня нет.	26	4	У меня нет.	11
D0619	04	08971	08981	11		88 81 8B AE 8A AD 92 FF CC D2 C6	けいじさんて ステキ	Детектив вы милый.	26	4	Детектив вы милый.	18
D0620	04	0897F	0898F	27		88 81 8A 91 98 85 8F 95 FF 84 92 8C 82 85 88 A8 A5 82 94 89 93 99 FF 80 A7 08 A5	けいさつのかたに おてすうかけるようなことは ありませんよ	Я не доставлю полиции хлопот.	26	4	Я не доставлю полиции | хлопот.	29
D0621	04	0899B	089AB	8		9E 8F AE FF 94 95 85 FE	まだ なにか？	Ещё что?	26	4	Ещё что?	8
D0622	04	089A4	089B4	16		C7 AE E9 C9 AE E7 BF E9 C1 E2 EC D3 AE 0A 85 AE	グレゴリ。レイモヲドですが	Грегори Рэймонд.	26	4	Грегори Рэймонд.	16
D0623	04	089B5	089C5	5		B9 B4 8A 81 0A	50さいです	50 лет.	26	4	50 лет.	7
D0624	04	089BB	089CB	17		E7 D9 AE D2 C1 BF D9 AE EC C7 98 93 82 93 AE A7 0A	リバテイ。バヲクのとうどりです	Управляющий Либерти Банк.	26	4	Управляющий Либерти Банк.	25
D0625	04	089CD	089DD	5		BE 85 AE 8F 0A	Oがたです	Группа O.	26	4	Группа O.	9
D0626	04	089D3	089E3	17		91 9E 93 FF 89 93 AE A2 85 AE B7 95 AD 84 A7 9E 8C	つまと こどもが3にんおります	Жена и трое детей.	26	4	Жена и трое детей.	18
D0627	04	089E5	089F5	5		C9 AE E8 DB 0A	ゴルフです	Гольф.	26	4	Гольф.	6
D0628	04	089EB	089FB	15		85 81 88 81 8B 98 FF 8B 85 87 AC A2 B0 92 09	かいけいしの しかくをもっています	Я бухгалтер.	26	4	Я бухгалтер.	12
D0629	04	089FB	08A0B	12		D7 D9 AE CF AE 98 8B B2 B0 8B AD 0A	ネバダのしゅっしんです	Родом из Невады.	26	4	Родом из Невады.	16
D0630	04	08A08	08A18	17		86 AE AD 89 82 86 B3 82 85 81 95 FF 99 81 B0 92 09	ぎんこうきょうかいに はいっています	Член банковской ассоциации.	26	4	Член банковской | ассоциации.	27
D0631	04	08A1A	08A2A	54		EA DA AE EC CC AE 8B B3 82 85 81 98 8B B1 90 B3 82 99 FF A3 A7 92 92 AE 8B 8F BF 8D AD 8B AE 91 A2 FF 90 B2 82 8B B1 8B AE B3 82 AC 88 AD 8D 91 8A A9 92 81 0C BF	ロビヲズしょうかいのしゃちょうは やりてでした。せんじつも ちゅうしゃじょうをけんせつされていました。	Глава Роббинс Компани был деловым.Недавно строил стоянку.	26	4	Глава Роббинс Компани был | деловым.Недавно строил | стоянку.	57
D0632	04	08A53	08A63	20		84 87 8A 9E 95 99 FF 84 80 81 8B 8F 89 93 99 80 A7 08 85 AE	おくさまには おあいしたことはありませんが	Его жену не встречал.	26	4	Его жену не встречал.	21
D0633	04	08A68	08A78	26		80 98 9A 93 85 AE FF 99 AD 95 AD 8F AE 93 81 82 98 99 FF 9D AD 93 82 0A 85 FE	あのひとが はんにんだというのは ほんとうですか？	Правда он убийца?	26	4	Правда он убийца?	17
D0634	04	08A83	08A93	64		85 81 90 B3 82 93 99 FF 94 85 AE 87 FF 84 91 86 80 81 81 8F 8F AE 81 92 84 A7 9E 8C BF 88 AE AD 8A AE 81 98 EA DA AE EC CC AE 8B B3 82 85 81 85 AE 80 A8 98 A2 FF 80 98 85 8F 98 89 82 8D 86 0A	かいちょうとは ながく おつきあいいただいております。げんざいのロビヲズしょうかいがあるのも あのかたのこうせきです	Председателя знаю давно.Фирма многим ему обязана.	26	4	Председателя знаю | давно.Фирма многим ему | обязана.	49
D0635	04	08AC4	08AD4	18		91 85 9E B0 8F 93 81 82 98 99 FF 9D AD 93 82 0A 85 FE	つかまったというのは ほんとうですか？	Правда его арестовали?	26	4	Правда его арестовали?	22
D0636	04	08AD7	08AE7	44		EA DA AE EC CC AE 8B B1 90 B3 82 98 FF 84 93 82 93 8A AD 0A 97 BF 91 86 AE 98 8B B1 90 B3 82 95 FF 94 A6 A9 A8 98 92 AE 8B B3 82 85	ロビヲズしゃちょうの おとうとさんですね。つぎのしゃちょうに なられるのでしょうか	Брат шефа.Наверно станет новым главой.	26	4	Брат шефа.Наверно станет | новым главой.	38
D0637	04	08B04	08B14	9		91 85 9E B0 8F 8E 82 0A 97	つかまったそうですね	Говорят его арестовали.	26	4	Говорят его арестовали.	23
D0638	04	08B0E	08B1E	11		84 80 81 8B 8F 89 93 99 80 A7 08	おあいしたことはありません	Не встречал.	26	4	Не встречал.	12
D0639	04	08B1C	08B2C	36		FB FB C5 EC D9 AF D5 FC 98 8B B1 90 B3 82 99 FF 88 81 83 81 85 AE FF 88 AD 8B AE 91 92 AE 99 94 81 A5 82 0A	HHカヲパニーのしゃちょうは けいえいが けんじつではないようです	HH Компания ведётся не очень надёжно.	26	4	HH Компания ведётся не | очень надёжно.	37
D0640	04	08B43	08B53	10		81 90 93 AE FF 84 80 81 8B 0C	いちど おあいしました	Встречал однажды.	26	4	Встречал однажды.	17
D0641	04	08B50	08B60	24		88 81 83 81 8B B1 95 94 A9 A8 CF C1 DB AF 8B AE B1 94 81 93 84 A2 09 97	けいえいしゃになれるタイプじゃないとおもいますね	Не думаю,что он годится в руководители.	26	4	Не думаю,что он годится в | руководители.	39
D0642	04	08B6B	08B7B	75		8B B1 90 B3 82 98 84 87 8A AD 98 84 93 82 8A AD 92 AE 8B 8F 97 BF 90 B2 82 8B B1 8B AE B3 82 98 93 90 99 FF 80 98 9A 93 85 AE A2 B0 92 8F FF 93 90 92 AE 8B 92 FF A3 8C 81 97 8F AE AD 92 AE FF 93 A7 9A 86 8A A9 8F A5 82 0A A5	しゃちょうのおくさんのおとうさんでしたね。ちゅうしゃじょうのとちは あのひとがもってた とちでして やすいねだんで とりひきされたようですよ	Это отец жены шефа.Земля стоянки была его и продана дёшево.	26	4	Это отец жены шефа.Земля | стоянки была его и продана | дёшево.	59
D0643	04	08BB7	08BC7	16		80 98 9A 93 85 AE FF 99 AD 95 AD 94 98 0A 85 FE	あのひとが はんにんなのですか？	Он убийца?	26	4	Он убийца?	10
D0644	04	08BC8	08BD8	12		84 80 81 8B 8F 89 93 99 80 A7 08 97	おあいしたことはありませんね	Не встречал.	26	4	Не встречал.	12
D0645	04	08BDB	08BEB	12		8D AD 8D 81 99 FF A1 81 81 FF 0A A5	せんせいは めいい ですよ	Доктор отличный врач.	26	4	Доктор отличный врач.	21
D0646	04	08BE8	08BF8	18		A5 82 86 AE 85 AE FF 85 88 A6 A9 92 81 A8 8E 82 0A 97	ようぎが かけられているそうですね	Говорят его подозревают.	26	4	Говорят его подозревают.	24
D0647	04	08C04	08C14	33		EA DA AE EC CC AE 8B B1 90 B3 82 98 9A 8B B3 0A 97 BF FF 8B B1 90 B3 82 A2 FF 86 95 81 B0 92 81 0C	ロビヲズしゃちょうのひしょですね。 しゃちょうも きにいっていました	Секретарь шефа.Он её ценил.	26	4	Секретарь шефа.Он её | ценил.	27
D0648	04	08C32	08C42	21		A0 85 8B 85 A6 FF 89 AE A7 A5 82 81 8F 8F AE 81 92 84 A7 9E 8C	むかしから ごりよういただいております	Давно пользуется нашим банком.	26	4	Давно пользуется нашим | банком.	30
D0649	04	08C48	08C58	12		9E 8A 85 FF 80 98 85 8F 85 AE BF BF	まさか あのかたが。。	Неужели он.	26	4	Неужели он.	11
D0650	04	08C55	08C65	13		8A 80 FF 84 9D AE 83 92 84 A7 08 85 AE	さあ おぼえておりませんが	Не помню.	26	4	Не помню.	9
D0651	04	08C69	08C79	21		80 98 9A 99 D5 F2 FC E5 FC C7 95 8B B2 B0 90 B3 82 92 AE 8B 8F	あのひはニューヨークにしゅっちょうでした	В тот день был в Нью Йорке.	26	4	В тот день был в Нью | Йорке.	27
D0652	04	08C81	08C91	59		8E 82 81 82 FF 8B AE 88 AD 85 AE 80 A7 0C BF DC EC E7 FC BF C7 E9 C1 EC 85 AE FF 99 AD 95 AD 8F AE B0 8F AD 92 AE 8B B3 82 97 BF 84 82 A7 B3 82 86 AD 99 FF 9F 91 85 B0 92 81 08	そういう じけんがありました。ヘヲリー。クレイヲが はんにんだったんでしょうね。おうりょうきんは みつかっていません	Да было такое дело.Генри Клейна считали виновным.Деньги не нашли.	26	4	Да было такое дело.Генри | Клейна считали | виновным.Деньги не нашли.	65
D0653	04	08CBD	08CCD	71		93 82 8B AE FF C7 E9 C1 EC 98 93 AE 82 A7 B3 82 92 AE 8B 8F BF 90 B1 81 AA 98 A1 98 FF A3 8D 8F 84 93 89 92 AE 8B 8F BF 85 8E AE 87 99 FF DD AE CC D3 EC 95 81 92 FF 89 89 92 AE 99 9A 93 A7 87 AE A6 8B 92 AE 8B 8F	とうじ クレイヲのどうりょうでした。ちゃいろのめの やせたおとこでした。かぞくは ボストヲにいて ここではひとりぐらしでした	Я работал с Клейном.Худой,с карими глазами.Семья была в Бостоне.Здесь жил один.	26	4	Я работал с | Клейном.Худой,с карими | глазами.Семья была в | Бостоне.Здесь жил один.	79
D0654	04	08D05	08D15	55		80 98 85 8B AE 92 AE FF 8B AE 88 AD 98 92 85 AE 85 A7 99 FF 86 83 92 8B 9E B0 8F AD 0A BF FF DC EC E7 FC BF C7 E9 C1 EC 95 85 AD 8C A8 A2 98 99 FF 98 89 B0 92 81 08	あのかじで じけんのてがかりは きえてしまったんです。 ヘヲリー。クレイヲにかんするものは のこっていません	Пожар уничтожил все следы.Ничего о Клейне не осталось.	26	4	Пожар уничтожил все | следы.Ничего о Клейне не | осталось.	54
D0655	04	08D3D	08D4D	27		85 A9 98 99 85 99 FF CF AE C2 EC CC AE BF DA E8 CC AE 9D AE 90 95 FF 80 A7 9E 8C	かれのはかは ダウヲズ。ヒルズぼちに あります	Его могила на Даунс Хиллс.	26	4	Его могила на Даунс Хиллс.	26
D0656	04	08D59	08D69	5		07 99 06 85 AE	わたしはしりませんが	Не знаю.	26	4	Не знаю.	8
D0657	04	08D61	08D71	30		E7 D9 AE D2 C1 BF D9 AE EC C7 99 FF 88 AD 8D AE AD 94 88 81 83 81 AC FF 8B 92 84 A7 9E 8C	リバテイ。バヲクは けんぜんなけいえいを しております	Либерти Банк работает надёжно.	26	4	Либерти Банк работает | надёжно.	30
D0658	04	08D8E	08D9E	65		89 98 89 AE AA FF FB FB C5 EC D9 AF D5 FC 98 FF 86 AE B3 82 8D 86 85 AE AB A8 81 A6 8B 81 AD 0A BF DD E8 D2 AE C1 EC C7 AE 8A AD 85 AE FF 85 97 AC 85 A7 92 81 A8 82 AB 8A A2 86 81 92 9E 8B 92 97	このごろ HHカヲパニーの ぎょうせきがわるいらしいんです。ホルデイヲグさんが かねをかりているうわさもきいてましてね	У HH Компания дела плохи.Говорят,Холдинг занимает деньги.	26	4	У HH Компания дела | плохи.Говорят,Холдинг | занимает деньги.	57
D0659	04	08DD2	08DE2	13		94 AD 92 AE 89 AE 8A AE 81 9E 8B B3 82	なんでございましょう	Что угодно?	26	4	Что угодно?	11
D0660	04	08DE0	08DF0	13		9E 8F AE FF 94 95 85 89 AE A5 82 0A 85	まだ なにかごようですか	Ещё что-то?	26	4	Ещё что-то?	11
D0661	04	08DEE	08DFE	14		EA D9 AE FC D3 BF C4 CC AE DD AE FC EC 0A	ロバート。オズボーヲです	Роберт Осборн.	26	4	Роберт Осборн.	14
D0662	04	08DFD	08E0D	5		B9 B8 8A 81 0A	54さいです	54 года.	26	4	54 года.	8
D0663	04	08E03	08E13	13		89 98 DD D2 E8 98 FF 8B 99 81 95 AD 0A	このホテルの しはいにんです	Я управляющий этого отеля.	26	4	Я управляющий этого отеля.	26
D0664	04	08E11	08E21	5		ED 85 AE 8F 0A	Aがたです	Группа A.	26	4	Группа A.	9
D0665	04	08E17	08E27	14		91 9E 93 FF 89 93 AE A2 85 AE 9B 8F A7 09	つまと こどもがふたりいます	Жена и двое детей.	26	4	Жена и двое детей.	18
D0666	04	08E26	08E36	21		D9 AE FC D3 AE C2 C4 F0 D0 EC C7 AE 94 93 AE FF 81 8F 8B 9E 8C	バードウオッチヲグなど いたします	Люблю наблюдать птиц.	26	4	Люблю наблюдать птиц.	21
D0667	04	08E3C	08E4C	30		84 86 B1 87 8A 9E 98 FF 85 84 93 94 9E 83 AC FF 81 90 93 AE 92 AE 84 9D AE 83 A8 89 93 0A	おきゃくさまの かおとなまえを いちどでおぼえることです	Запоминаю лица и имена гостей с первого раза.	26	4	Запоминаю лица и имена | гостей с первого раза.	45
D0668	04	08E5B	08E6B	9		D5 F2 FC C4 E7 EC CC AE 0A	ニューオリヲズです	Новый Орлеан.	26	4	Новый Орлеан.	13
D0669	04	08E65	08E75	17		DD D2 E8 DE EC 86 B3 82 85 81 95 FF 99 81 B0 92 09	ホテルマヲきょうかいに はいっています	Член ассоциации отелей.	26	4	Член ассоциации отелей.	23
D0670	04	08E77	08E87	52		EA DA AE EC CC AE 8A AD 95 99 FF 8F 9A AE 8F 9A AE FF 89 AE A7 A5 82 81 8F 8F AE 81 92 84 A7 0C FF 80 98 9A A2 FF D1 C1 EC 98 9C A3 AC A5 82 81 8B 92 81 0C	ロビヲズさんには たびたび ごりよういただいておりました あのひも ツイヲのへやをよういしていました	Роббинс часто бывал у нас.В тот день заказал номер на двоих.	26	4	Роббинс часто бывал у | нас.В тот день заказал | номер на двоих.	60
D0671	04	08EAE	08EBE	18		84 87 8A 9E 98 89 93 99 FF 8E AE AD 8B AE 80 88 AE 08	おくさまのことは ぞんじあげません	Его жену не знаю.	26	4	Его жену не знаю.	17
D0672	04	08EC3	08ED3	32		89 98 9E 90 98 A1 81 8B 92 AE FF 93 86 93 AE 86 FF 89 AE A7 A5 82 81 8F 8F AE 81 92 84 A7 9E 8C	このまちのめいしで ときどき ごりよういただいております	Известный человек города.Иногда бывает у нас.	26	4	Известный человек | города.Иногда бывает у | нас.	45
D0673	04	08EE4	08EF4	9		91 85 9E B0 8F 8E 82 0A 97	つかまったそうですね	Говорят его арестовали.	26	4	Говорят его арестовали.	23
D0674	04	08EEE	08EFE	12		A5 87 99 8E AE AD 8B AE 80 88 AE 08	よくはぞんじあげません	Плохо знаю.	26	4	Плохо знаю.	11
D0675	04	08F01	08F11	47		EA DA AE EC CC AE 8A AD 93 81 B0 8B B3 95 FF 84 9F 83 95 94 B0 8F 89 93 85 AE 84 80 A7 0A BF 8B B3 82 8F AE AD 98 FF A5 82 92 AE 8B 8F 85 AE	ロビヲズさんといっしょに おみえになったことがおありです。しょうだんの ようでしたが	Он приходил с Роббинсом.Похоже по делу.	26	4	Он приходил с | Роббинсом.Похоже по делу.	39
D0676	04	08F33	08F43	34		80 97 A2 97 C7 E6 DB AE 8B B2 8A 81 98 8B AE 8D AE AD D9 AF FC D2 C1 AC FF 89 89 92 AE 9A A6 85 A9 0C	あねもねクラブしゅさいのじぜんパーテイを ここでひらかれました	Благотворительный вечер клуба Анемона был здесь.	26	4	Благотворительный вечер | клуба Анемона был здесь.	48
D0677	04	08F5C	08F6C	6		8E AE AD 8B AE 08	ぞんじません	Не знаю.	26	4	Не знаю.	8
D0678	04	08F6D	08F7D	16		84 99 94 8B 8C A8 89 93 99 FF 94 95 A2 80 A7 08	おはなしすることは なにもありません	Мне нечего сказать.	26	4	Мне нечего сказать.	19
D0679	04	08F80	08F90	9		86 85 94 81 94 9E 83 0A 97	きかないなまえですね	Не знакомое имя.	26	4	Не знакомое имя.	16
D0680	04	08F90	08FA0	57		8E 98 9A 93 94 A6 FF EA DA AE EC CC AE 8A AD 93 89 AE 81 B0 8B B3 95 FF 93 86 93 AE 86 9F 83 92 81 0C A5 BF DB AE EA EC D3 AE 98 94 85 AE 81 85 9F 98 9A 93 92 AE 8B B3 82	そのひとなら ロビヲズさんとごいっしょに ときどきみえていましたよ。ブロヲドのながいかみのひとでしょう	Она часто приходила с Роббинсом.Длинные светлые волосы.	26	4	Она часто приходила с | Роббинсом.Длинные светлые | волосы.	55
D0681	04	08FD0	08FE0	26		9E 83 95 FF 89 98 DD D2 E8 98 D9 AE FC 92 AE FF DA AF C0 D8 AC 9A 81 92 81 0C	まえに このホテルのバーで ピアノをひいていました	Раньше играла на пианино в баре отеля.	26	4	Раньше играла на пианино в | баре отеля.	38
D0682	04	08FED	08FFD	67		DE C7 DC AE C1 EC 8A AD 99 FF 89 98 DD D2 E8 98 FF 85 9B AE 96 8B 98 9A 93 A7 94 AD 0A BF B6 B4 97 AD 9D 93 AE 9E 83 95 FF 84 93 82 8A AD AC 94 87 8A A9 92 FF 81 8A AD 85 AE 99 81 B0 8F A6 8B 81 0A 97	マクベイヲさんは このホテルの かぶぬしのひとりなんです。20ねんほどまえに おとうさんをなくされて いさんがはいったらしいですね	Макбейн акционер отеля.Отец умер 20 лет назад и оставил наследство.	26	4	Макбейн акционер | отеля.Отец умер 20 лет | назад и оставил | наследство.	67
D0683	04	09037	09047	33		8E 98 85 8F 94 A6 FF 89 89 95 93 9E B0 92 09 A5 BF FF B7 8B B2 82 85 AD 9D 93 AE 95 94 A7 9E 8C A5	そのかたなら ここにとまっていますよ。 3しゅうかんほどになりますよ	Этот господин живёт у нас.Около 3 недель.	26	4	Этот господин живёт у | нас.Около 3 недель.	41
D0684	04	09059	09069	19		8E 98 85 8F 99 FF 85 AE 81 8B B2 91 8A A9 8F 9E 9E 0A BF	そのかたは がいしゅつされたままです。	Он ушёл и ещё не вернулся.	26	4	Он ушёл и ещё не вернулся.	26
D0685	04	0906D	0907D	11		8E 98 A5 A8 99 FF 89 89 95 81 0C	そのよるは ここにいました	В ту ночь был здесь.	26	4	В ту ночь был здесь.	20
D0686	04	0907B	0908B	60		84 86 B1 87 8A 9E 85 A6 FF 93 93 AE 88 85 AE 80 A7 0C 85 AE FF 80 93 92 AE FF 9F 91 85 A7 0C BF 88 81 8A 91 95 FF 84 8B A6 8D 8B 94 88 A9 99 AE 93 FF 84 A2 B0 92 81 8F 93 89 AA 0A	おきゃくさまから とどけがありましたが あとで みつかりました。けいさつに おしらせしなければと おもっていたところです	Гость заявил о пропаже,но потом часы нашли.Я как раз хотел сообщить полиции.	26	4	Гость заявил о пропаже,но | потом часы нашли.Я как раз | хотел сообщить полиции.	76
D0687	04	090BA	090CA	18		CA E6 BF CB FC E8 CC AE 99 FF 80 98 80 93 FF A3 A1 0C	サラ。シールズは あのあと やめました	После того случая Сара Шилдс ушла.	26	4	После того случая Сара | Шилдс ушла.	34
D0688	04	090CF	090DF	22		8B AE 88 AD 85 AE 80 B0 8F 89 93 8F AE 88 99 FF 84 9D AE 83 92 09	じけんがあったことだけは おぼえています	Помню только что было нападение.	26	4	Помню только что было | нападение.	32
D0689	04	090E8	090F8	30		8A 80 0D 93 AE 89 85 92 AE 86 81 8F 89 93 85 AE 80 A8 AD 0A 85 AE FF 84 A2 81 8F AE 8D 08	さあ・・・どこかできいたことがあるんですが おもいだせません	Где-то слышал,но не вспомню?	26	4	Где-то слышал,но не | вспомню?	28
D0690	04	09107	09117	56		84 A2 81 8F AE 8B 0C BF A0 85 8B FF DE C7 DC AE C1 EC 8A AD A3 E9 EC D2 AE E8 8D AD 8D 81 85 AE A3 B0 92 81 8F FF 8C 81 A7 8B B3 82 8D 91 DE D5 C0 98 80 91 9E A7 0A A5	おもいだしました。むかし マクベイヲさんやレヲデルせんせいがやっていた すいりしょうせつマニアのあつまりですよ	Вспомнил.Старый клуб любителей детективов.Макбейна и доктора Ренделла.	26	4	Вспомнил.Старый клуб | любителей | детективов.Макбейна и | доктора Ренделла.	70
D0691	04	09140	09150	10		8E A9 99 84 9D AE 83 92 81 08	それはおぼえていません	Не помню.	26	4	Не помню.	9
D0692	04	09157	09167	50		80 98 8B AE 88 AD 98 A5 A8 FF B6 8B AE 89 AE AA 95 FF A2 93 AE B0 92 89 A6 A9 8F 85 8F 85 AE 81 A8 AD 0A BF DE D5 C3 E8 BF D9 AE FC C7 E7 FC 8A 9E 0A	あのじけんのよる 2じごろに もどってこられたかたがいるんです。マニエル。バークリーさまです	В ночь убийства около 2 вернулся один гость.Мануэль Баркли.	26	4	В ночь убийства около 2 | вернулся один | гость.Мануэль Баркли.	59
D0693	04	0918C	0919C	14		89 AD 90 AB FF 9D AE 87 95 FF 94 95 85 FE	こんちわ ぼくに なにか？	Привет.Что вам от меня?	26	4	Привет.Что вам от меня?	23
D0694	04	0919B	091AB	27		88 81 8B AE 8A AD 95 FF 91 85 9E 83 A6 A9 A8 A5 82 94 89 93 99 FF 8B 92 81 08 A5	けいじさんに つかまえられるようなことは していませんよ	Я ничего незаконного не делал.	26	4	Я ничего незаконного не | делал.	30
D0695	04	091B7	091C7	13		D5 F0 C7 BF C7 AE F0 D3 AE DE EC 0A BF	ニック。グッドマヲです。	Ник Гудман.	26	4	Ник Гудман.	11
D0696	04	091C5	091D5	5		B6 B4 8A 81 0A	20さいです	20 лет.	26	4	20 лет.	7
D0697	04	091CB	091DB	20		8F AE 81 85 AE 87 8D 81 0A BF 89 89 99 C0 E8 D9 AE C1 D3 0A	だいがくせいです。ここはアルバイトです	Студент.Здесь подрабатываю.	26	4	Студент.Здесь | подрабатываю.	27
D0698	04	091E0	091F0	5		ED 85 AE 8F 0A	Aがたです	Группа A.	26	4	Группа A.	9
D0699	04	091E6	091F6	14		A7 B3 82 8B AD 93 FF 81 A2 82 93 85 AE 09	りょうしんと いもうとがいます	Родители и младшая сестра.	26	4	Родители и младшая сестра.	26
D0700	04	091F5	09205	26		94 85 9E 93 D9 AE EC D3 AE AC 87 AD 92 AE FF C5 AE EC C5 AE EC A3 B0 92 9E 8C	なかまとバヲドをくんで ガヲガヲやってます	Играю с друзьями в рок группе.	26	4	Играю с друзьями в рок | группе.	30
D0701	04	09210	09220	19		9D AE 87 98 C6 AE CF FC FF 99 AE 91 87 AE AD 94 AD 0A A5	ぼくのギター ばつぐんなんですよ	Я отлично играю на гитаре.	26	4	Я отлично играю на гитаре.	26
D0702	04	09224	09234	10		89 98 9E 90 98 FF 82 9E A9 0A	このまちの うまれです	Родился здесь.	26	4	Родился здесь.	14
D0703	04	0922F	0923F	18		8F AE 81 85 AE 87 98 C7 E6 DB AE 95 99 81 B0 92 9E 8C	だいがくのクラブにはいってます	Член клуба колледжа.	26	4	Член клуба колледжа.	20
D0704	04	09242	09252	30		89 AA 8A A9 8F 9A 93 0A 97 BF 99 AD 95 AD 99 FF 91 85 9E B0 92 81 94 81 AD 92 AE 8B B3 82	ころされたひとですね。はんにんは つかまっていないんでしょう	Это убитый?Убийцу ещё не поймали?	26	4	Это убитый?Убийцу ещё не | поймали?	33
D0705	04	09263	09273	11		93 A2 8F AE 90 98 97 83 8A AD 0A	ともだちのねえさんです	Сестра моего друга.	26	4	Сестра моего друга.	19
D0706	04	09279	09289	5		8B A6 94 81 0A	しらないです	Не знаю.	26	4	Не знаю.	8
D0707	04	09281	09291	67		FB FB C5 EC D9 AF D5 FC 98 8B B1 90 B3 82 92 AE 8B B3 82 BF FF 9A 93 AE 81 A6 8B 81 0A A5 BF FF 93 A2 8F AE 90 85 AE C0 E8 D9 AE C1 D3 AC 8B 8F A6 FF 86 B2 82 A7 B3 82 AC 99 A6 AB 94 85 B0 8F 8E 82 0A	HHカヲパニーのしゃちょうでしょう。 ひどいらしいですよ。 ともだちがアルバイトをしたら きゅうりょうをはらわなかったそうです	Глава HH Компания?Ужасный.Один друг работал там и ему не заплатили.	26	4	Глава HH | Компания?Ужасный.Один друг | работал там и ему не | заплатили.	67
D0708	04	092CB	092DB	5		8B A6 94 81 0A	しらないです	Не знаю.	26	4	Не знаю.	8
D0709	04	092D3	092E3	27		93 A2 8F AE 90 98 84 A3 8B AE 8A AD 8F AE 88 93 AE FF 80 B0 8F 89 93 94 81 0A A5	ともだちのおやじさんだけど あったことないですよ	Отец друга.Но я его не встречал.	26	4	Отец друга.Но я его не | встречал.	32
D0710	04	092F1	09301	28		81 90 93 AE FF E6 E8 DB 98 82 90 95 80 8E 9A AE 95 81 B0 8F 93 86 95 FF 80 81 0C BF	いちど ラルフのうちにあそびにいったときに あいました。	Однажды видел его у Ральфа.	26	4	Однажды видел его у | Ральфа.	27
D0711	04	09310	09320	65		8F AE 81 85 AE 87 98 CD AE DF 85 AE 81 B0 8B B3 0A BF DB C4 FC D3 AE 86 B3 82 8B AE B2 98 FF 99 AD 8A AE 81 8B AD A7 85 AE 87 98 89 82 86 AE 0A BF 80 98 A5 A8 A2 FF D3 AE E6 C1 DB AE 95 81 86 0C	だいがくのゼミがいっしょです。フオードきょうじゅの はんざいしんりがくのこうぎです。あのよるも ドライブにいきました	Мы с Ральфом на семинаре Форда.Тема-криминальная психология.В ту ночь ездили вместе.	26	4	Мы с Ральфом на семинаре | Форда.Тема-криминальная | психология.В ту ночь | ездили вместе.	84
D0712	04	09352	09362	9		91 85 9E B0 8F 98 0A 85 0D	つかまったのですか・・・	Его арестовали?	26	4	Его арестовали?	15
D0713	04	09361	09371	6		8F AE A9 0A 85 FE	だれですか？	Кто это?	26	4	Кто это?	8
D0714	04	0936A	0937A	5		8B A6 94 81 0A	しらないです	Не знаю.	26	4	Не знаю.	8
D0715	04	09376	09386	17		93 86 93 AE 86 81 87 D9 AF DB AE 98 DE CC CF FC 0A	ときどきいくパブのマスターです	Хозяин паба куда я хожу.	26	4	Хозяин паба куда я хожу.	24
D0716	04	0938A	0939A	51		9D AE 87 FF DB C0 EC 94 AD 0A BF 85 88 AE 85 AE 80 A8 85 AD 8B AE 92 AE FF 81 81 AD 0A A5 97 BF 80 98 9A 93 A1 80 92 98 9A 93 FF 84 84 81 9F 8F 81 0A A5	ぼく フアヲなんです。かげがあるかんじで いいんですよね。あのひとめあてのひと おおいみたいですよ	Я её фанат.В ней есть загадка.Многие ходят ради неё.	26	4	Я её фанат.В ней есть | загадка.Многие ходят ради | неё.	52
D0717	04	093C0	093D0	46		D2 AE C1 CB AE FC 85 AE D9 AE C1 D3 8B 92 81 A8 FF 83 81 85 AE 85 AD 98 C4 FC D4 FC 0A FF 81 99 AE B0 8F 85 AD 8B AE 98 84 8B AE 8A AD 0A	デイジーがバイトしている えいがかんのオーナーです いばったかんじのおじさんです	Хозяин кинотеатра,где работает Дэйзи.Заносчивый старик.	26	4	Хозяин кинотеатра,где | работает Дэйзи.Заносчивый | старик.	55
D0718	04	093F1	09401	75		D9 AF DB AE BF E7 D9 AE FC CA C1 D3 AE 92 AE 9F 0C A5 BF 84 84 86 94 89 93 99 AE 85 A7 FF 81 B0 92 9E 8C A5 BF 81 81 8B 89 AE 93 85 AE 86 9E B0 8F B0 92 81 B0 92 81 A8 88 93 AE 82 A9 94 81 FF 8B B3 82 8D 91 85 92 AE 8B B3 82	パブ。リバーサイドでみましたよ。おおきなことばかり いってますよ。いいしごとがきまったっていっているけどうれない しょうせつかでしょう	Видел его в Паб Риверсайд.Всё хвастал новой работой.Хотя книги не продаются.	26	4	Видел его в Паб | Риверсайд.Всё хвастал | новой работой.Хотя книги | не продаются.	76
D0719	04	09444	09454	62		9F 8D 98 FF 85 81 8E 82 92 AE FF B7 8B AE 95 9F 8D AC 8B A1 0C BF 8E A9 85 A6 D2 AE C1 CB AE FC 93 FF E6 E8 DB 93 FF D3 AE E6 C1 DB AE 95 81 86 0C BF B5 B6 8B AE 95 99 FF 85 83 A7 0C A5	みせの かいそうで 3じにみせをしめました。それからデイジーと ラルフと ドライブにいきました。12じには かえりましたよ	Мы закрылись в 3.Потом ездили Дэйзи,Ральф и я.В 12 вернулся.	26	4	Мы закрылись в 3.Потом | ездили Дэйзи,Ральф и я.В | 12 вернулся.	60
D0720	04	09485	09495	13		8B AA 98 DD EC CF AE 95 98 B0 92 9E 8C	しろのホヲダにのってます	Езжу на белой Хонде.	26	4	Езжу на белой Хонде.	20
D0721	04	09495	094A5	16		8E 98 8B AE 88 AD 99 FF 99 8B AE A1 92 8B A7 0C	そのじけんは はじめてしりました	Впервые слышу об этом деле.	26	4	Впервые слышу об этом | деле.	27
D0722	04	094B8	094C8	54		8E 82 81 83 99 AE FF E6 E8 DB 99 80 98 9A FF A5 82 8B AE 92 AE FF 8A 86 95 85 83 A7 0C BF B5 B4 8B AE 89 AE AA FF 8F AE 81 85 AE 87 98 90 85 87 92 AE 84 AA 8B 0C	そういえば ラルフはあのひ ようじで さきにかえりました。10じごろ だいがくのちかくでおろしました	Ральф ушёл раньше около 10.Я высадил его у колледжа.	26	4	Ральф ушёл раньше около | 10.Я высадил его у | колледжа.	52
D0723	04	094F1	09501	11		99 81 FF 94 AD 92 AE 8B B3 82 85	はい なんでしょうか	Да.Что?	26	4	Да.Что?	7
D0724	04	094FD	0950D	26		07 99 FF 8D AE AD A7 B3 82 94 FF A7 B3 89 82 8B B1 0A BF 94 95 A2 8B 92 81 08	わたしは ぜんりょうな りょこうしゃです。なにもしていません	Я честный турист.Ничего не делал.	26	4	Я честный турист.Ничего не | делал.	33
D0725	04	09518	09528	12		DE D5 C3 E8 BF D9 AE FC C7 E7 FC 0A	マニエル。バークリーです	Мануэль Баркли.	26	4	Мануэль Баркли.	15
D0726	04	09525	09535	5		B8 BC 8A 81 0A	48さいです	48 лет.	26	4	48 лет.	7
D0727	04	0952B	0953B	17		DB AE E6 CB AE E8 85 A6 98 FF A7 B3 89 82 8B B1 0A	ブラジルからの りょこうしゃです	Турист из Бразилии.	26	4	Турист из Бразилии.	19
D0728	04	0953D	0954D	6		ED EE 85 AE 8F 0A	ABがたです	Группа AB.	26	4	Группа AB.	10
D0729	04	09544	09554	11		91 9E 93 FF 89 93 AE A2 85 AE 09	つまと こどもがいます	Жена и ребёнок.	26	4	Жена и ребёнок.	15
D0730	04	09550	09560	10		A7 B3 89 82 AC 8C A8 89 93 0A	りょこうをすることです	Люблю путешествия.	26	4	Люблю путешествия.	18
D0731	04	0955B	0956B	7		9C AE 91 95 80 A7 08	べつにありません	Ничего особого.	26	4	Ничего особого.	15
D0732	04	09563	09573	7		DB AE E6 CB AE E8 0A	ブラジルです	Бразилия.	26	4	Бразилия.	9
D0733	04	0956F	0957F	51		8B AD 9B AE AD 92 AE 9F 0C BF 8A 91 8B AE AD 8B AE 88 AD 85 AE 80 B0 8F 8E 82 0A 97 BF 99 AD 95 AD 99 FF 9E 8F AE FF 9F 91 85 B0 92 81 94 81 98 0A 85 0D	しんぶんでみました。さつじんじけんがあったそうですね。はんにんは まだ みつかっていないのですか・・・	Читал в газете.Было убийство.Убийцу ещё не нашли?	26	4	Читал в газете.Было | убийство.Убийцу ещё не | нашли?	49
D0734	04	095A9	095B9	13		8B B0 92 81 A8 AB 88 85 AE FF 80 A7 08	しっているわけが ありません	Откуда мне знать?	26	4	Откуда мне знать?	17
D0735	04	095BD	095CD	5		8B A6 94 81 0A	しらないです	Не знаю.	26	4	Не знаю.	8
D0736	04	095C5	095D5	6		8F AE A9 0A 85 FE	だれですか？	Кто это?	26	4	Кто это?	8
D0737	04	095CE	095DE	8		80 B0 8F 89 93 80 A7 08	あったことありません	Не встречал.	26	4	Не встречал.	12
D0738	04	095DD	095ED	31		93 AE 82 8B 92 FF A7 B3 89 82 8B B1 98 07 85 AE FF 89 89 98 9A 93 AC 8B B0 92 81 A8 AD 0A 85	どうして りょこうしゃのわたしが ここのひとをしっているんですか	Я турист.Как мне знать местных?	26	4	Я турист.Как мне знать | местных?	31
D0739	04	09603	09613	5		8B A6 94 81 0A	しらないです	Не знаю.	26	4	Не знаю.	8
D0740	04	0960B	0961B	14		07 95 99 FF 85 AD 88 81 FF 94 81 9A 93 0A	わたしには かんけい ないひとです	Этот человек мне не касается.	26	4	Этот человек мне не | касается.	29
D0741	04	09620	09630	8		80 B0 8F 89 93 80 A7 08	あったことありません	Не встречал.	26	4	Не встречал.	12
D0742	04	0962B	0963B	7		94 95 A2 AB 85 A7 08	なにもわかりません	Ничего не знаю.	26	4	Ничего не знаю.	15
D0743	04	09639	09649	6		8F AE A9 0A 85 FE	だれですか？	Кто это?	26	4	Кто это?	8
D0744	04	09642	09652	4		94 95 A2 06	なにもしりません	Ничего.	26	4	Ничего.	7
D0745	04	09649	09659	8		86 81 8F 89 93 80 A7 08	きいたことありません	Не слышал.	26	4	Не слышал.	10
D0746	04	09659	09669	5		9C A3 95 81 0C	へやにいました	Был в номере.	26	4	Был в номере.	13
D0747	04	0965F	0966F	46		A5 A8 FF 92 AE 85 88 8F 98 99 FF 9D AD 93 0A BF 92 AE A2 FF 8B AE 88 AD 95 99 FF 85 AD 88 81 80 A7 08 BF FF 8B AD 8B AE 92 87 8F AE 8A 81	よる でかけたのは ほんとです。でも じけんには かんけいありません。 しんじてください	Да я выходил ночью.Но к делу не причастен.Поверьте.	26	4	Да я выходил ночью.Но к | делу не | причастен.Поверьте.	51
D0748	04	09693	096A3	7		07 99 FF 94 95 A2 0D	わたしは なにも・・・	Я ничего...	26	4	Я ничего...	11
D0749	04	0969B	096AB	9		07 99 FF 94 95 A2 0D 8B 08	わたしは なにも・・・しません	Я ничего не делал.	26	4	Я ничего не делал.	18
D0750	04	096BB	096CB	39		88 81 8B AE 8A AD 95 FF 84 99 94 8B 8C A8 A5 82 94 89 93 99 FF 80 A7 08 BF 07 99 FF 8F 8F AE 98 A7 B3 89 82 8B B1 0A	けいじさんに おはなしするようなことは ありません。わたしは ただのりょこうしゃです	Мне нечего сказать.Я просто турист.	26	4	Мне нечего сказать.Я | просто турист.	35
D0751	04	096E5	096F5	12		94 AD 0A 85 FE FF A5 82 99 80 A7 08	なんですか？ ようはありません	Что?Мне ничего не нужно?	26	4	Что?Мне ничего не нужно?	24
D0752	04	096F2	09702	30		88 81 8A 91 98 85 8F 95 FF 92 AE 99 81 A7 8A A9 92 99 FF 8B B3 82 99 AE 81 95 94 A7 08 A5	けいさつのかたに ではいりされては しょうばいになりませんよ	Полиция мешает моему бизнесу.	26	4	Полиция мешает моему | бизнесу.	29
D0753	04	09711	09721	10		D9 E7 CE EC BF CF FC D4 FC 0A	ハリソヲ。ターナーです	Харрисон Тернер.	26	4	Харрисон Тернер.	16
D0754	04	0971C	0972C	5		B7 B9 8A 81 0A	35さいです	35 лет.	26	4	35 лет.	7
D0755	04	09722	09732	14		9D 88 AD 98 8F AE 81 A7 92 AD AC 8B 92 09	ほけんのだいりてんをしています	Страховой агент.	26	4	Страховой агент.	16
D0756	04	09731	09741	5		BE 85 AE 8F 0A	Oがたです	Группа O.	26	4	Группа O.	9
D0757	04	09737	09747	14		91 9E 93 FF 89 93 AE A2 85 AE 9A 93 A7 0A	つまと こどもがひとりです	Жена и один ребёнок.	26	4	Жена и один ребёнок.	20
D0758	04	09746	09756	16		CC C6 F2 FC D9 AE CF AE C1 DA AE EC C7 AE 0A 97	スキューバダイビヲグですね	Подводное плавание.	26	4	Подводное плавание.	19
D0759	04	09757	09767	7		93 87 95 80 A7 08 97	とくにありませんね	Ничего особого.	26	4	Ничего особого.	15
D0760	04	0975F	0976F	5		CF AE E6 CC 0A	ダラスです	Даллас.	26	4	Даллас.	7
D0761	04	09765	09775	20		9D 88 AD 98 8F AE 81 A7 92 AD 87 9F 80 81 95 FF 99 B0 92 09	ほけんのだいりてんくみあいに はっています	Член союза страховых агентов.	26	4	Член союза страховых | агентов.	29
D0762	04	0977A	0978A	23		8B AD 9B AE AD 92 AE 9F 0C A5 BF 9B AE B0 8E 82 94 FF 99 94 8B 0A 97	しんぶんでみましたよ。ぶっそうな はなしですね	Читал в газете.Страшное дело.	26	4	Читал в газете.Страшное | дело.	29
D0763	04	09794	097A4	52		84 87 8A AD 99 FF 8F 8B 85 95 FF 88 81 A3 87 AC 8B 92 09 A5 BF 8C 87 AE 95 89 AD 94 89 93 95 94 A8 94 AD 92 0D 82 90 98 9D 82 A2 FF 90 B3 82 8A 90 B2 82 0A	おくさんは たしかに けいやくをしていますよ。すぐにこんなことになるなんて・・・うちのほうも ちょうさちゅうです	Жена оформила полис.И сразу это.Мы тоже проверяем.	26	4	Жена оформила полис.И | сразу это.Мы тоже | проверяем.	50
D0764	04	097CB	097DB	32		CD FC E8 CC 95 81 B0 92 FF 89 93 AB A6 A9 0C A5 BF 9D 88 AD 94 AD 92 FF 86 A6 81 8F AE 8E 82 0A	セールスにいって ことわられましたよ。ほけんなんて きらいだそうです	Я предлагал Биллу страховку.Он отказался.Сказал,ненавидит её.	26	4	Я предлагал Биллу | страховку.Он | отказался.Сказал,ненавидит | её.	61
D0765	04	097EE	097FE	8		80 B0 8F 89 93 80 A7 08	あったことありません	Не встречал.	26	4	Не встречал.	12
D0766	04	097FD	0980D	61		FB FB C5 EC D9 AF D5 FC 98 8B B1 90 B3 82 0A 97 BF 8E AD 85 AE 81 9D 88 AD 95 99 B0 92 A2 A6 B0 92 09 BF FF 80 8E 89 98 F6 CB D3 E6 CC 98 85 84 A7 F7 99 82 A9 94 85 B0 8F 8E 82 0A 97	HHカヲパニーのしゃちょうですね。そんがいほけんにはってもらっています。 あそこの「シトラスのかおり」はうれなかったそうですね	Глава HH Компания.У нас страховка ущерба.Их аромат Цитрус плохо продавался.	26	4	Глава HH Компания.У нас | страховка ущерба.Их аромат | Цитрус плохо продавался.	75
D0767	04	09842	09852	30		DB C0 DF E7 FC 9D 88 AD 95 FF 99 81 B0 92 A2 A6 B0 92 09 BF 81 81 8F AE AD 94 8A AD 0A A5	フアミリーほけんに はいってもらっています。いいだんなさんですよ	У него семейная страховка.Хороший муж.	26	4	У него семейная | страховка.Хороший муж.	38
D0768	04	09863	09873	36		DD FC E0 C3 CC D2 C1 D3 98 9A 93 94 A6 FF 8B B0 92 09 A5 BF 85 8A 81 9D 88 AD 95 FF 99 81 B0 92 A2 A6 81 0C	ホームエステイトのひとなら しっていますよ。かさいほけんに はいってもらいました	Знаю агента Хоум Эстейт.Он страховал дом от пожара.	26	4	Знаю агента Хоум Эстейт.Он | страховал дом от пожара.	51
D0769	04	0988A	0989A	9		80 B0 8F 89 93 99 80 A7 08	あったことはありません	Не встречал.	26	4	Не встречал.	12
D0770	04	0989B	098AB	60		E9 EC D2 AE E8 8D AD 8D 81 95 A2 FF 89 AE 88 81 A3 87 81 8F 8F AE 81 92 9E 8C A5 BF FF 8D 81 A1 81 9D 88 AD 0A BF 82 88 93 A7 95 AD 99 FF CC FC CB AE FC BF DE C7 D4 E7 FC 8A AD 0A	レヲデルせんせいにも ごけいやくいただいてますよ。 せいめいほけんです。うけとりにんは スージー。マクナリーさんです	Доктор Ренделл тоже клиент.Страховка жизни.Получатель Сьюзи Макналли.	26	4	Доктор Ренделл тоже | клиент.Страховка | жизни.Получатель Сьюзи | Макналли.	69
D0771	04	098DA	098EA	11		84 80 81 8B 8F 89 93 99 80 A7 08	おあいしたことはありません	Не встречал.	26	4	Не встречал.	12
D0772	04	098F0	09900	10		D9 AF DB AE 98 DE CC CF FC 0A	パブのマスターです	Хозяин паба.	26	4	Хозяин паба.	12
D0773	04	098FD	0990D	20		8B B0 92 9E 8C A5 BF 07 A2 FF 85 98 8B AE B3 98 DB C0 EC 0A	しってますよ。わたしも かのじょのフアヲです	Знаю.Я тоже её поклонник.	26	4	Знаю.Я тоже её поклонник.	25
D0774	04	09921	09931	61		80 98 9A 99 FF 93 94 A7 98 9E 90 9E 92 AE FF 92 AE 85 88 92 81 92 FF 85 83 B0 92 86 8F 98 99 FF B5 B5 8B AE 89 AE AA 92 AE 8B 8F BF 91 85 A9 92 81 8F AD 92 AE FF 89 89 95 93 9E A7 0C	あのひは となりのまちまで でかけていて かえってきたのは 11じごろでした。つかれていたんで ここにとまりました	В тот день ездил в соседний город.Вернулся около 11.Устал и ночевал здесь.	26	4	В тот день ездил в | соседний город.Вернулся | около 11.Устал и ночевал | здесь.	74
D0775	04	09961	09971	72		EA DA AE EC CC AE 8A AD 98 84 87 8A AD 85 AE FF 88 81 A3 87 95 FF 81 A6 B0 8B B1 81 0C BF B5 85 88 AE 91 9D 93 AE 9E 83 98 89 93 0A BF 89 AE 9D AD 95 AD 99 FF A7 B3 82 85 81 8C AE 9F 8F AE 93 81 82 89 93 92 AE 8B 8F	ロビヲズさんのおくさんが けいやくに いらっしゃいました。1かげつほどまえのことです。ごほんにんは りょうかいずみだということでした	Жена.Роббинса оформила полис месяц назад.Сказала муж согласен.	26	4	Жена.Роббинса оформила | полис месяц назад.Сказала | муж согласен.	62
D0776	04	099AC	099BC	6		9E 80 9E 80 0A 97	まあまあですね	Нормально.	26	4	Нормально.	10
D0777	04	099B5	099C5	35		80 AD 94 80 91 9E A7 95 99 FF 85 84 99 8F AE 8B 08 A5 BF 88 81 83 81 8B B1 98 B6 8D 81 98 80 91 9E A7 0A	あんなあつまりには かおはだしませんよ。けいえいしゃの2せいのあつまりです	Я не хожу туда.Клуб детей бизнесменов.	26	4	Я не хожу туда.Клуб детей | бизнесменов.	38
D0778	04	099DB	099EB	12		8E 82 81 82 FF 8B AE 88 AD 99 FF 06	そういう じけんは しりません	Не знаю такого дела.	26	4	Не знаю такого дела.	20
D0779	04	099F6	09A06	68		8E 82 81 83 99 AE FF 80 98 A5 A8 FF EA DA AE EC CC AE 8A AD AC FF 84 93 82 8A AD 98 9D 82 0A 85 AE FF 9F 85 88 0C A5 BF 86 B3 82 85 81 98 90 85 87 92 AE 8B 8F 97 BF 9B 8F A7 92 AE FF 80 A8 81 92 81 0C A5	そういえば あのよる ロビヲズさんを おとうさんのほうですが みかけましたよ。きょうかいのちかくでしたね。ふたりで あるいていましたよ	В ту ночь видел старшего.Роббинса у церкви.Он шёл с кем то.	26	4	В ту ночь видел | старшего.Роббинса у | церкви.Он шёл с кем то.	59
D0780	04	09A3D	09A4D	21		8B 99 81 95 AD 99 FF 05 98 89 93 AC 8B AE B0 93 9F 92 81 8F BF	しはいにんは J.B.のことをじっとみていた。	Управляющий пристально смотрел на J.B.	26	4	Управляющий пристально | смотрел на J.B.	35
D0781	04	09A56	09A66	11		86 A9 81 94 9C A3 8F AE B0 8F BF	きれいなへやだった。	Комната была чистой.	26	4	Комната была чистой.	20
D0782	04	09A6B	09A7B	5		86 A9 81 94 9C	きれいなへ	Чистая комната.	26	4	Чистая комната.	15
D0783	04	09A71	09A81	20		89 89 95 99 FF 9D 85 95 FF 9A 93 99 81 94 81 A5 82 8F AE BF	ここには ほかに ひとはいないようだ。	Здесь больше никого нет.	26	4	Здесь больше никого нет.	24
D0784	04	09A86	09A96	16		A5 AD 8F AE 9A 93 99 FF 05 98 9E 83 95 81 8F BF	よんだひとは J.B.のまえにいた。	Вызванный стоял перед J.B.	26	4	Вызванный стоял перед J.B.	23
D0785	04	09A97	09AA7	33		05 99 9E 8F AE FF 89 98 81 83 98 FF 85 8F 87 8E 82 8A 87 98 86 B3 85 AC 93 B0 92 81 94 85 B0 8F BF	J.B.はまだ このいえの かたくそうさくのきょかをとっていなかった。	У J.B. ещё нет ордера на обыск.	26	4	У J.B. ещё нет ордера на | обыск.	28
D0786	04	09AB9	09AC9	34		8E 82 8A 87 98 FF 86 B3 85 8B AE B3 82 AC 9F 8D A8 93 FF 8E 98 9A 93 99 8E 98 99 AE AC 99 94 A9 8F BF	そうさくの きょかじょうをみせると そのひとはそのばをはなれた。	J.B. показал ордер и человек вышел.	26	4	J.B. показал ордер и | человек вышел.	32
D0787	04	09ADC	09AEC	37		89 89 92 AE 99 FF 89 A9 81 8B AE B3 82 FF 92 85 AE 85 A7 99 9F 91 85 A7 8E 82 A2 94 81 A5 82 95 84 A2 83 8F BF	ここでは これいじょう てがかりはみつかりそうもないようにおもえた。	Похоже здесь больше нет улик.	26	4	Похоже здесь больше нет | улик.	29
D0788	04	09B02	09B12	31		8B AE 88 AD 98 85 81 88 91 95 FF A3 87 8F AE 90 8E 82 94 A2 98 99 FF 94 95 A2 94 85 B0 8F BF	じけんのかいけつに やくだちそうなものは なにもなかった。	Ничего полезного для дела не было.	26	4	Ничего полезного для дела | не было.	34
D0789	04	09B22	09B32	8		05 99 8E 89 95 81 8F BF	J.B.はそこにいた。	J.B. был здесь.	26	4	J.B. был здесь.	12
D0790	04	09B2B	09B3B	21		05 95 A5 99 AE A9 92 FF 81 83 98 9A 93 85 AE A3 B0 92 86 8F BF	J.B.によばれて いえのひとがやってきた。	На зов J.B. пришёл хозяин.	26	4	На зов J.B. пришёл хозяин.	23
D0791	04	09B41	09B51	30		05 85 AE 8E 82 8A AC 91 91 AE 88 A8 93 FF 8E 98 9A 93 99 FF 8E 98 99 AE AC 99 94 A9 8F BF	J.B.がそうさをつづけると そのひとは そのばをはなれた。	J.B. продолжил обыск.Человек вышел.	26	4	J.B. продолжил | обыск.Человек вышел.	32
D0792	04	09B60	09B70	20		05 95 A5 99 AE A9 92 FF 9D AD 95 AD 85 AE 80 A6 AB A9 8F BF	J.B.によばれて ほんにんがあらわれた。	На зов J.B. появился нужный человек.	26	4	На зов J.B. появился | нужный человек.	33
D0793	04	09B75	09B85	10		8F AE A9 A2 81 94 85 B0 8F BF	だれもいなかった。	Никого нет.	26	4	Никого нет.	11
D0794	04	09B80	09B90	12		05 99 8E 82 8A 95 92 AE 85 88 8F BF	J.B.はそうさにでかけた。	J.B. выехал на следствие.	26	4	J.B. выехал на следствие.	22
D0795	04	09B8D	09B9D	19		8F 81 9D 8A A9 92 81 92 FF 8F AE A9 A2 81 94 85 B0 8F BF	たいほされていて だれもいなかった。	Все арестованы.Здесь никого нет.	26	4	Все арестованы.Здесь | никого нет.	32
D0796	04	09BA1	09BB1	17		05 99 FF 0B BF EA DA AE EC CC AE 98 81 83 95 86 8F	J.B.は ビル。ロビヲズのいえにきた	J.B. пришёл в дом Билла Роббинса.	26	4	J.B. пришёл в дом Билла | Роббинса.	30
D0797	04	09BB3	09BC3	20		8B 99 AE 9B 99 FF 86 A9 81 95 FF 92 81 A9 8A A9 92 81 8F BF	しばふは きれいに ていれされていた。	Газон был ухожен.	26	4	Газон был ухожен.	17
D0798	04	09BC8	09BD8	10		05 99 FF 81 83 AC 92 AE 8F BF	J.B.は いえをでた。	J.B. вышел из дома.	26	4	J.B. вышел из дома.	16
D0799	04	09BD3	09BE3	13		80 80 FF 88 81 8A 91 98 85 8F 0A 97 BF	ああ けいさつのかたですね。	А вы из полиции.	26	4	А вы из полиции.	16
D0800	04	09BE1	09BF1	17		88 81 8B AE 8A AD 92 AE 8B 8F 85 FF 93 AE 82 8E AE	けいじさんでしたか どうぞ	Детектив.Проходите.	26	4	Детектив.Проходите.	19
D0801	04	09BF8	09C08	35		05 99 FF 9A 85 AE 81 8B B1 98 90 90 C3 D3 AE EB FC D3 AE BF EA DA AE EC CC AE 98 A3 8B 86 95 91 81 8F BF	J.B.は ひがいしゃのちちエドワード。ロビヲズのやしきについた。	J.B. прибыл в особняк Эдварда,отца жертвы.	26	4	J.B. прибыл в особняк | Эдварда,отца жертвы.	39
D0802	04	09C1C	09C2C	25		A3 8B 86 99 FF 9B 82 85 87 98 80 A8 FF A7 B0 99 AF 94 A2 98 8F AE B0 8F BF	やしきは ふうかくのある りっぱなものだった。	Особняк был солидным и роскошным.	26	4	Особняк был солидным и | роскошным.	33
D0803	04	09C36	09C46	11		05 99 FF A3 8B 86 AC 92 AE 8F BF	J.B.は やしきをでた。	J.B. вышел из особняка.	26	4	J.B. вышел из особняка.	20
D0804	04	09C42	09C52	12		9E 80 FF 88 81 8A 91 98 85 8F 0A 97	まあ けいさつのかたですね	О вы из полиции.	26	4	О вы из полиции.	16
D0805	04	09C4F	09C5F	13		94 AD 98 89 AE A5 82 92 AE 8B B3 82 85	なんのごようでしょうか	Что вам угодно?	26	4	Что вам угодно?	15
D0806	04	09C62	09C72	19		05 99 FF DD E8 D2 AE C1 EC C7 AE 98 81 83 95 91 81 8F BF	J.B.は ホルデイヲグのいえについた。	J.B. пришёл в дом Холдингов.	26	4	J.B. пришёл в дом | Холдингов.	25
D0807	04	09C76	09C86	20		8B 8C AE 85 94 FF 8B AE B2 82 8F 87 85 AE 81 8F AE B0 8F BF	しずかな じゅうたくがいだった。	Это был тихий жилой район.	26	4	Это был тихий жилой район.	26
D0808	04	09C8B	09C9B	10		05 99 FF 81 83 AC 92 AE 8F BF	J.B.は いえをでた。	J.B. вышел из дома.	26	4	J.B. вышел из дома.	16
D0809	04	09C96	09CA6	12		80 80 FF 88 81 8A 91 98 85 8F 0A 85	ああ けいさつのかたですか	А вы из полиции?	26	4	А вы из полиции?	16
D0810	04	09CA3	09CB3	10		94 95 85 89 AE A5 82 0A 85 FE	なにかごようですか？	Что вам нужно?	26	4	Что вам нужно?	14
D0811	04	09CB3	09CC3	16		05 99 FF E9 EC D2 AE E8 81 81 AD 95 91 81 8F BF	J.B.は レヲデルいいんについた。	J.B. прибыл в клинику Ренделла.	26	4	J.B. прибыл в клинику | Ренделла.	28
D0812	04	09CC4	09CD4	20		8B AA 81 8F 92 A2 98 99 FF 91 A1 8F 87 9A 85 B0 92 81 8F BF	しろいたてものは つめたくひかっていた。	Белое здание холодно блестело.	26	4	Белое здание холодно | блестело.	30
D0813	04	09CD9	09CE9	10		05 99 FF 8E 93 95 92 AE 8F BF	J.B.は そとにでた。	J.B. вышел наружу.	26	4	J.B. вышел наружу.	15
D0814	04	09CE4	09CF4	17		84 A3 FF D9 EA E8 D3 AE 88 81 8B AE 92 AE 8B 8F 85	おや ハロルドけいじでしたか	О,детектив Харолд.	26	4	О,детектив Харолд.	18
D0815	04	09CF6	09D06	8		94 AD 92 AE 8B B3 82 85	なんでしょうか	Что такое?	26	4	Что такое?	10
D0816	04	09D04	09D14	17		05 99 FF E9 EC D2 AE E8 81 8B 98 FF 81 83 95 86 8F	J.B.は レヲデルいしの いえにきた	J.B. пришёл в дом доктора Ренделла.	26	4	J.B. пришёл в дом доктора | Ренделла.	32
D0817	04	09D16	09D26	19		81 83 95 99 FF 80 84 81 87 A8 9E 85 AE 93 9E B0 92 81 8F	いえには あおいくるまがとまっていた	У дома стояла синяя машина.	26	4	У дома стояла синяя | машина.	27
D0818	04	09D2A	09D3A	13		05 99 FF E9 EC D2 AE E8 88 AC 92 AE 8F	J.B.は レヲデルけをでた	J.B. вышел из дома Ренделла.	26	4	J.B. вышел из дома | Ренделла.	25
D0819	04	09D38	09D48	18		93 AE 94 8F 0A 85 FE FF 88 81 8A 91 98 9A 93 0A 85 BF	どなたですか？ けいさつのひとですか。	Кто вы?Из полиции?	26	4	Кто вы?Из полиции?	18
D0820	04	09D4B	09D5B	9		94 AD 92 AE 8B B3 82 85 0D	なんでしょうか・・・	Что вам...	26	4	Что вам...	10
D0821	04	09D5A	09D6A	21		05 99 FF 8B AE B2 82 8F 87 85 AE 81 98 C0 D9 AF FC D3 95 86 8F	J.B.は じゅうたくがいのアパートにきた	J.B. пришёл к дому в жилом районе.	26	4	J.B. пришёл к дому в жилом | районе.	31
D0822	04	09D70	09D80	20		8B 8C AE 85 94 FF 8B AE B2 82 8F 87 85 AE 81 8F AE B0 8F BF	しずかな じゅうたくがいだった。	Это был тихий жилой район.	26	4	Это был тихий жилой район.	26
D0823	04	09D85	09D95	25		05 99 FF CC CF EC E7 FC BF D9 EB FC D3 AE 98 C0 D9 AF FC D3 AC 92 AE 8F BF	J.B.は スタヲリー。ハワードのアパートをでた。	J.B. вышел из квартиры Стэнли Ховарда.	26	4	J.B. вышел из квартиры | Стэнли Ховарда.	35
D0824	04	09D9F	09DAF	7		94 AD 98 A5 82 0A 85	なんのようですか	Что вам надо?	26	4	Что вам надо?	13
D0825	04	09DA7	09DB7	9		9E 8F FF 80 94 8F 0A 85 BF	また あなたですか。	Опять вы.	26	4	Опять вы.	9
D0826	04	09DB6	09DC6	18		05 99 FF D3 AE E6 F0 C7 AE CC D3 C0 FC 95 91 81 8F BF	J.B.は ドラッグストアーについた。	J.B. пришёл в аптеку.	26	4	J.B. пришёл в аптеку.	18
D0827	04	09DC9	09DD9	26		DA AE C5 AE FC CC AE BF CC D3 C0 FC 98 85 AD 99 AE AD 85 AE 92 AE 92 81 8F BF	ビガーズ。ストアーのかんばんがでていた。	На вывеске Биггерс Стор.	26	4	На вывеске Биггерс Стор.	24
D0828	04	09DE4	09DF4	10		05 99 FF 9F 8D AC 92 AE 8F BF	J.B.は みせをでた。	J.B. вышел из магазина.	26	4	J.B. вышел из магазина.	20
D0829	04	09DEF	09DFF	7		81 A6 B0 8B B1 81 BF	いらっしゃい。	Добро пожаловать.	26	4	Добро пожаловать.	17
D0830	04	09DF9	09E09	24		9F 8D 98 94 85 99 FF 8B B3 82 9A AD 92 AE 81 B0 99 AF 81 8F AE B0 8F BF	みせのなかは しょうひんでいっぱいだった。	Магазин был забит товарами.	26	4	Магазин был забит | товарами.	27
D0831	04	09E16	09E26	14		80 8F A6 8B 81 FF 88 81 8B AE 8A AD 0A 85	あたらしい けいじさんですか	Вы новый детектив?	26	4	Вы новый детектив?	18
D0832	04	09E25	09E35	8		9E 8F AE FF 94 95 85 FE	まだ なにか？	Ещё что?	26	4	Ещё что?	8
D0833	04	09E2E	09E3E	46		DB E9 F0 D3 AE BF EA DA AE EC CC AE 0A BF CB AE F1 D7 F0 D3 99 FF 8B AE B0 85 95 85 83 B0 92 81 A8 98 92 AE FF A8 8C 99 AE AD AC 8B 92 09	フレッド。ロビヲズです。ジャネットは じっかにかえっているので るすばんをしています	Я.Фред Роббинс Джанет у родителей а я смотрю за домом.	26	4	Я.Фред Роббинс Джанет у | родителей а я смотрю за | домом.	54
D0834	04	09E5D	09E6D	5		B7 B4 8A 81 0A	30さいです	30 лет.	26	4	30 лет.	7
D0835	04	09E63	09E73	36		ED 90 87 95 80 A8 F6 FB FB C5 EC D9 AF D5 FC F7 93 81 82 FF 88 8B B3 82 9A AD 85 81 8B B1 95 91 93 A1 92 09	Aちくにある「HHカヲパニー」という けしょうひんかいしゃにつとめています	Работаю в косметической фирме HH Компания,район A.	26	4	Работаю в косметической | фирме HH Компания,район A.	50
D0836	04	09E88	09E98	5		ED 85 AE 8F 0A	Aがたです	Группа A.	26	4	Группа A.	9
D0837	04	09E8E	09E9E	42		90 90 98 C3 D3 AE EB FC D3 AE 93 FF 80 95 98 0B FF 81 A2 82 93 98 C8 C1 D3 FF 85 8E AE 87 93 AE 82 8D AE AD 98 D9 AF E1 E6 0A	ちちのエドワードと あにのビル いもうとのケイト かぞくどうぜんのパメラです	Отец Эдвард брат Билл сестра Кейт и почти родная Памела.	26	4	Отец Эдвард брат Билл | сестра Кейт и почти родная | Памела.	56
D0838	04	09EB9	09EC9	4		D2 D5 CC 0A	テニスです	Теннис.	26	4	Теннис.	7
D0839	04	09EBE	09ECE	15		ED 86 B2 82 E6 C1 CD EC CC AC A2 B0 92 9E 8C	Aきゅうライセヲスをもってます	Есть лицензия класса A.	26	4	Есть лицензия класса A.	23
D0840	04	09ECE	09EDE	9		89 98 9E 90 98 82 9E A9 0A	このまちのうまれです	Родился здесь.	26	4	Родился здесь.	14
D0841	04	09ED8	09EE8	20		F6 DD EB C1 D3 DD FC C7 BF C7 E6 DB AE F7 95 99 81 B0 92 09	「ホワイトホーク。クラブ」にはいっています	Член Уайт Хок Клуб.	26	4	Член Уайт Хок Клуб.	19
D0842	04	09EED	09EFD	17		9E 8A 85 FF 80 95 85 AE 89 AA 8A A9 A8 94 AD 92 0D	まさか あにがころされるなんて・・・	Не верится что брата убили...	26	4	Не верится что брата | убили...	29
D0843	04	09F01	09F11	49		8B AE 88 AD 81 A6 81 FF EF 90 87 95 80 A8 8B AE B0 85 98 FF C6 F1 E7 EC D3 EC 88 95 85 83 B0 92 09 BF 85 94 A7 FF CB F3 F0 C7 AC 82 88 8F A5 82 0A	じけんいらい Cちくにあるじっかの キャリヲトヲけにかえっています。かなり ショックをうけたようです	После убийства Джанет уехала к родителям в район C.Она в шоке.	26	4	После убийства Джанет | уехала к родителям в район | C.Она в шоке.	62
D0844	04	09F33	09F43	20		85 98 8B AE B3 85 AE FF 99 AD 95 AD 8F AE 93 99 84 A2 83 08	かのじょが はんにんだとはおもえません	Не думаю,что она убийца.	26	4	Не думаю,что она убийца.	24
D0845	04	09F48	09F58	21		8B 89 AE 93 97 B0 8B AD 92 AE FF 88 AE AD 85 87 94 90 90 0A BF	しごとねっしんで げんかくなちちです。	Отец строгий и живёт работой.	26	4	Отец строгий и живёт | работой.	29
D0846	04	09F65	09F75	18		DD E8 D2 AE C1 EC C7 AE 88 95 FF 93 91 81 92 AE 09 BF	ホルデイヲグけに とついでいます。	Сестра вышла за Холдинга.	26	4	Сестра вышла за Холдинга.	25
D0847	04	09F7A	09F8A	18		91 93 A1 92 81 A8 FF 85 81 8B B1 98 8B B1 90 B3 82 0A	つとめている かいしゃのしゃちょうです	Он глава фирмы где я работаю.	26	4	Он глава фирмы где я | работаю.	29
D0848	04	09F8D	09F9D	23		8B B1 90 B3 82 85 AE 0B 85 A6 FF 85 97 AC 85 A7 92 81 8F 94 AD 92 0D	しゃちょうがビルから かねをかりていたなんて・・・	Не знал что шеф занимал у Билла...	26	4	Не знал что шеф занимал у | Билла...	34
D0849	04	09FA5	09FB5	12		8B B1 90 B3 82 98 84 87 8A AD 0A BF	しゃちょうのおくさんです。	Это жена шефа.	26	4	Это жена шефа.	14
D0850	04	09FB4	09FC4	33		85 AE 87 8D 81 8B AE 8F AE 81 85 A6 98 FF 91 86 80 81 0A BF 81 A2 82 93 93 FF 88 B0 89 AD 8B 92 09	がくせいじだいからの つきあいです。いもうとと けっこんしています	Мы знакомы со студенчества.Он женат на сестре.	26	4	Мы знакомы со | студенчества.Он женат на | сестре.	46
D0851	04	09FD8	09FE8	26		0B 93 CB AE F1 D7 F0 D3 98 88 B0 89 AD 95 FF 99 AD 8F 81 8F AE B0 8F 8E 82 0A	ビルとジャネットのけっこんに はんたいだったそうです	Говорят он был против брака Билла и Джанет.	26	4	Говорят он был против | брака Билла и Джанет.	43
D0852	05	0A000	0A010	14		95 AD 93 81 82 98 99 FF 9D AD 93 82 0A 85	にんというのは ほんとうですか	Правда он убийца?	26	4	Правда он убийца?	17
D0853	05	0A00F	0A01F	13		CB AE F1 D7 F0 D3 98 84 85 80 8A AD 0A	ジャネットのおかあさんです	Мать Джанет.	26	4	Мать Джанет.	12
D0854	05	0A01F	0A02F	12		CB AE F1 D7 F0 D3 98 84 93 82 93 0A	ジャネットのおとうとです	Брат Джанет.	26	4	Брат Джанет.	12
D0855	05	0A02E	0A03E	28		84 A3 8B AE 98 93 A2 8F AE 90 0A BF 9D AE 87 A3 0B 98 89 93 A2 FF A5 87 8B B0 92 09	おやじのともだちです。ぼくやビルのことも よくしっています	Друг отца.Хорошо знает меня и Билла.	26	4	Друг отца.Хорошо знает | меня и Билла.	36
D0856	05	0A04D	0A05D	25		E9 EC D2 AE E8 81 81 AD 98 85 AD 89 AE 9B 8A AD 0A FF CC D2 C6 94 9A 93 0A	レヲデルいいんのかんごふさんです ステキなひとです	Медсестра Ренделла.Очень милая.	26	4	Медсестра Ренделла.Очень | милая.	31
D0857	05	0A069	0A079	34		84 9B 87 AA 85 AE 94 87 94 B0 92 85 A6 FF 82 90 95 09 FF 99 99 84 A3 85 AE AB A7 98 A5 82 94 9A 93 0A	おふくろがなくなってから うちにいます ははおやがわりのようなひとです	После смерти матери она у нас.Она мне как мать.	26	4	После смерти матери она у | нас.Она мне как мать.	47
D0858	05	0A08E	0A09E	7		80 95 98 9A 8B B3 0A	あにのひしょです	Секретарь брата.	26	4	Секретарь брата.	16
D0859	05	0A0A0	0A0B0	11		84 A3 8B AE 98 93 A2 8F AE 90 0A	おやじのともだちです	Друг отца.	26	4	Друг отца.	10
D0860	05	0A0B3	0A0C3	8		86 81 8F 89 93 80 A7 08	きいたことありません	Не слышал.	26	4	Не слышал.	10
D0861	05	0A0BE	0A0CE	61		9A 93 A7 92 AE FF 83 81 85 AE AC 9F 0C BF 84 AB B0 8F 98 99 B5 B5 8B AE 87 AE A6 81 92 AE FF 8C 87 AE 81 83 95 85 83 A7 0C BF FF ED 90 87 98 F6 C5 AE CC E6 C1 D3 BF CB C0 CF FC F7 0A	ひとりで えいがをみました。おわったのは11じぐらいで すぐいえにかえりました。 Aちくの「ガスライト。シアター」です	Один ходил в кино.Кончилось около 11 и я сразу домой.Гаслайт Театр район A.	26	4	Один ходил в | кино.Кончилось около 11 и | я сразу домой.Гаслайт | Театр район A.	75
D0862	05	0A0FC	0A10C	44		8E 82 8F AE FF 83 81 85 AE 85 AE 84 AB B0 92 FF B5 8B AE 85 AD 9D 93 AE FF D3 AE E6 C1 DB AE 8B 0C BF AB 8C A9 92 81 0C FF 99 99 99	そうだ えいががおわって 1じかんほど ドライブしました。わすれていました ははは	Да,после кино час ездил на машине.Забыл.Ха-ха.	26	4	Да,после кино час ездил на | машине.Забыл.Ха-ха.	46
D0863	05	0A129	0A139	16		92 85 AE 9F 87 A6 81 FF 9F AD 94 85 86 9E 8C A5	てがみくらい みんなかきますよ	Все пишут письма.	26	4	Все пишут письма.	17
D0864	05	0A13A	0A14A	34		0D 8F 8B 85 95 92 85 AE 9F AC 85 86 0C BF 8E A9 85 AE FF 8B AE 88 AD 93 FF 85 AD 88 81 80 A8 AD 0A 85	・・・たしかにてがみをかきました。それが じけんと かんけいあるんですか	Да письмо писал.И что оно значит для дела?	26	4	Да письмо писал.И что оно | значит для дела?	42
D0865	05	0A15D	0A16D	20		CB AE F1 D7 F0 D3 98 A2 98 8B AE B1 94 81 92 AE 8B B3 82 85	ジャネットのものじゃないでしょうか	Наверно это Джанет.	26	4	Наверно это Джанет.	19
D0866	05	0A179	0A189	5		94 95 A2 06 A5	なにもしりませんよ	Ничего не знаю.	26	4	Ничего не знаю.	15
D0867	05	0A181	0A191	19		84 A3 8B AE 85 AE 93 B0 92 84 81 8F A2 98 92 AE 8B B3 82	おやじがとっておいたものでしょう	Наверно отец хранил.	26	4	Наверно отец хранил.	20
D0868	05	0A197	0A1A7	10		8D 81 97 AD 98 80 91 9E A7 0A	せいねんのあつまりです	Клуб молодых людей.	26	4	Клуб молодых людей.	19
D0869	05	0A1A4	0A1B4	4		8A 80 FF 06	さあ しりません	Не знаю.	26	4	Не знаю.	8
D0870	05	0A1AB	0A1BB	15		88 B0 89 AD 8B 8F 81 FF 9A 93 99 09 85 AE 0D	けっこんしたい ひとはいますが・・・	Есть девушка на которой хочу жениться...	26	4	Есть девушка на которой | хочу жениться...	40
D0871	05	0A1BD	0A1CD	13		80 85 81 DB C4 FC D3 AE 95 98 B0 92 09	あかいフオードにのっています	Езжу на красном Форде.	26	4	Езжу на красном Форде.	22
D0872	05	0A1CF	0A1DF	24		9C AE 91 95 80 A7 08 97 BF 0B 93 99 FF 90 85 89 AE AA FF 99 94 8B 92 08	べつにありませんね。ビルとは ちかごろ はなしてません	Ничего.Билл и я давно не говорили.	26	4	Ничего.Билл и я давно не | говорили.	34
D0873	05	0A1EA	0A1FA	9		89 AE 87 AA 82 8A 9E 0A BF	ごくろうさまです。	Удачи.	26	4	Удачи.	6
D0874	05	0A1F4	0A204	8		9E 8F AE FF 94 95 85 FE	まだ なにか？	Ещё что?	26	4	Ещё что?	8
D0875	05	0A1FD	0A20D	13		C8 C1 D3 BF DD E8 D2 AE C1 EC C7 AE 0A	ケイト。ホルデイヲグです	Кейт Холдинг.	26	4	Кейт Холдинг.	13
D0876	05	0A20B	0A21B	5		B6 B8 8A 81 0A	24さいです	24 года.	26	4	24 года.	8
D0877	05	0A211	0A221	10		8B 89 AE 93 99 8B 92 84 A7 08	しごとはしておりません	Не работаю.	26	4	Не работаю.	11
D0878	05	0A21C	0A22C	5		ED 85 AE 8F 0A	Aがたです	Группа A.	26	4	Группа A.	9
D0879	05	0A222	0A232	24		84 B0 93 98 DE C1 C7 93 FF 85 A9 98 A7 B3 82 8B AD 93 FF 87 A6 8B 92 09	おっとのマイクと かれのりょうしんと くらしています	Живу с мужем Майком и его родителями.	26	4	Живу с мужем Майком и его | родителями.	37
D0880	05	0A23B	0A24B	23		8B B2 88 AE 81 85 AE 8C 86 92 AE FF D9 AF F0 D0 EB FC C7 AC 8B 92 09	しゅげいがすきで パッチワークをしています	Люблю рукоделие.Делаю лоскутные вещи.	26	4	Люблю рукоделие.Делаю | лоскутные вещи.	37
D0881	05	0A253	0A263	16		88 B0 89 AD 9E 83 99 FF 9D 9D AE AC 8B 92 81 0C	けっこんまえは ほぼをしていました	До брака была моделью.	26	4	До брака была моделью.	22
D0882	05	0A264	0A274	9		89 98 9E 90 98 82 9E A9 0A	このまちのうまれです	Родилась здесь.	26	4	Родилась здесь.	15
D0883	05	0A26E	0A27E	16		F6 80 97 A2 97 C7 E6 DB AE F7 95 99 81 B0 92 09	「あねもねクラブ」にはいっています	Член клуба Анемона.	26	4	Член клуба Анемона.	19
D0884	05	0A27F	0A28F	41		80 95 85 AE 89 AA 8A A9 A8 94 AD 92 0D AB A8 87 81 82 9A 93 A2 FF 81 0C 85 AE FF 93 92 A2 A3 8A 8B 81 FF 80 95 92 AE 8B 8F	あにがころされるなんて・・・わるくいうひとも いましたが とてもやさしい あにでした	Не верится,что брата убили.Его ругали,но он был добрым.	26	4	Не верится,что брата | убили.Его ругали,но он был | добрым.	55
D0885	05	0A2AB	0A2BB	39		93 AE AD 94 95 FF CB F3 F0 C7 AC 82 88 92 81 A8 89 93 85 BF 8E 82 86 AE 98 93 86 FF 94 86 91 91 AE 88 92 81 0C 85 A6	どんなに ショックをうけていることか。そうぎのとき なきつづけていましたから	Джанет в страшном шоке.На похоронах всё время плакала.	26	4	Джанет в страшном шоке.На | похоронах всё время | плакала.	54
D0886	05	0A2D3	0A2E3	25		CB AE F1 D7 F0 D3 85 AE 99 AD 95 AD 8F AE 94 AD 92 FF 8B AD 8B AE A6 A9 08	ジャネットがはんにんだなんて しんじられません	Не верю что Джанет убийца.	26	4	Не верю что Джанет убийца.	26
D0887	05	0A2ED	0A2FD	44		85 AE AD 89 0A 85 AE FF 81 81 90 90 84 A3 0A BF FF 8F 8F AE FF 0B 93 99 FF FF 88 81 83 81 98 89 93 92 AE FF A2 A1 92 81 8F A5 82 0A	がんこですが いいちちおやです。 ただ ビルとは  けいえいのことで もめていたようです	Отец упрям,но хороший.Они с Биллом спорили о бизнесе.	26	4	Отец упрям,но хороший.Они | с Биллом спорили о | бизнесе.	53
D0888	05	0A31A	0A32A	23		81 87 A6 94 AD 92 AE A2 FF 90 90 85 AE 99 AD 95 AD 8F AE 94 AD 92 0D	いくらなんでも ちちがはんにんだなんて・・・	Не может быть,чтобы отец убийца...	26	4	Не может быть,чтобы отец | убийца...	34
D0889	05	0A332	0A342	32		FB FB C5 EC D9 AF D5 FC 95 91 93 A1 92 09 BF 90 85 90 AE 85 FF 88 B0 89 AD 8C A8 85 A2 8B A9 08	HHカヲパニーにつとめています。ちかぢか けっこんするかもしれません	Фред работает в HH Компания.Возможно скоро женится.	26	4	Фред работает в HH | Компания.Возможно скоро | женится.	51
D0890	05	0A353	0A363	48		DB E9 F0 D3 AE 85 AE CC FC CB AE FC 98 89 93 92 AE FF 0B 93 A2 A1 92 81 0C BF FF 92 AE A2 FF DB E9 F0 D3 AE 99 FF 99 AD 95 AD 92 AE 99 80 A7 08	フレッドがスージーのことで ビルともめていました。 でも フレッドは はんにんではありません	Фред ссорился с Биллом из-за Сьюзи.Но он не убийца.	26	4	Фред ссорился с Биллом | из-за Сьюзи.Но он не | убийца.	51
D0891	05	0A389	0A399	21		86 9B AE AD 85 AE AB A8 81 93 81 B0 92 FF 85 83 B0 92 86 92 09	きぶんがわるいといって かえってきています	Мама вернулась домой.Ей плохо.	26	4	Мама вернулась домой.Ей | плохо.	30
D0892	05	0A39F	0A3AF	24		84 93 82 8A 9E 85 AE FF 0B AC 89 AA 8B 8F 94 AD 92 FF 9D AD 93 82 0A 85	おとうさまが ビルをころしたなんて ほんとうですか	Правда отец убил Билла?	26	4	Правда отец убил Билла?	23
D0893	05	0A3B8	0A3C8	15		99 B0 86 A7 93 A2 98 AC 81 AB A9 A8 85 8F 0A	はっきりとものをいわれるかたです	Говорит прямо что думает.	26	4	Говорит прямо что думает.	25
D0894	05	0A3CA	0A3DA	30		86 85 AE A5 AB 81 88 93 AE FF A3 8A 8B 81 FF 8B B2 8B AE AD 0A BF 81 9E 85 81 8B B1 95 09	きがよわいけど やさしい しゅじんです。いまかいしゃにいます	Муж слабый,но добрый.Сейчас на работе.	26	4	Муж слабый,но | добрый.Сейчас на работе.	38
D0895	05	0A3EB	0A3FB	26		CB AE F1 D7 F0 D3 98 84 93 82 8A 9E 93 99 FF 80 9E A7 FF 84 99 94 8B 8B 92 08	ジャネットのおとうさまとは あまり おはなししてません	С отцом Джанет почти не говорила.	26	4	С отцом Джанет почти не | говорила.	33
D0896	05	0A408	0A418	10		84 93 94 8B 8E 82 94 9A 93 0A	おとなしそうなひとです	Тихий человек.	26	4	Тихий человек.	14
D0897	05	0A415	0A425	16		0B 98 88 B0 89 AD 8B 86 81 A6 81 FF 80 B0 92 08	ビルのけっこんしきいらい あってません	Не виделись со свадьбы Билла.	26	4	Не виделись со свадьбы | Билла.	29
D0898	05	0A428	0A438	21		84 8B AE 8A 9E 99 FF EA DA AE EC CC AE 88 98 8B B2 8B AE 81 0A	おじさまは ロビヲズけのしゅじいです	Дядя семейный врач Роббинсов.	26	4	Дядя семейный врач | Роббинсов.	29
D0899	05	0A440	0A450	46		CA C1 E2 EC 8D AD 8D 81 98 93 89 AA 95 FF B7 97 AD 9E 83 85 A6 81 A8 FF 85 AD 89 AE 9B 0A BF 8B A7 80 81 98 A0 8C A1 8A AD 8F AE 8E 82 0A	サイモヲせんせいのところに 3ねんまえからいる かんごふです。しりあいのむすめさんだそうです	Сьюзи медсестра у Саймона уже 3 года.Дочь его знакомых.	26	4	Сьюзи медсестра у Саймона | уже 3 года.Дочь его | знакомых.	55
D0900	05	0A471	0A481	40		07 85 AE 90 81 8A 81 89 AA 85 A6 FF 80 98 81 83 95 09 BF EA DA AE EC CC AE 88 98 89 93 99 FF 94 AD 92 AE A2 8B B0 92 09	わたしがちいさいころから あのいえにいます。ロビヲズけのことは なんでもしっています	Памела у нас с моего детства.Знает семью Роббинсов лучше всех.	26	4	Памела у нас с моего | детства.Знает семью | Роббинсов лучше всех.	62
D0901	05	0A49C	0A4AC	39		80 95 98 9A 8B B3 0A BF F6 D9 C2 E7 EC D3 EC BF C5 E9 F0 CB AE F7 98 90 85 87 98 C0 D9 AF FC D3 95 FF 8C AD 92 AE 09	あにのひしょです。「ハウリヲトヲ。カレッジ」のちかくのアパートに すんでいます	Секретарь брата.Живёт у Хаулингтон Колледж.	26	4	Секретарь брата.Живёт у | Хаулингтон Колледж.	43
D0902	05	0A4C4	0A4D4	10		80 98 9A 93 85 AE 80 95 AC FE	あのひとがあにを？	Она убила брата?	26	4	Она убила брата?	16
D0903	05	0A4D7	0A4E7	29		90 90 98 A4 82 8B AE AD 0A BF 80 98 9A 93 95 99 FF 86 AC A4 A8 8B 92 81 A8 9F 8F 81 0A	ちちのゆうじんです。あのひとには きをゆるしているみたいです	Друг отца.Кажется отец ему доверяет.	26	4	Друг отца.Кажется отец ему | доверяет.	36
D0904	05	0A4FF	0A50F	10		80 98 9A 99 FF 81 83 95 81 0C	あのひは いえにいました	В тот день была дома.	26	4	В тот день была дома.	21
D0905	05	0A50C	0A51C	15		8B 89 AE 93 98 89 93 99 FF AB 85 A7 08 85 A6	しごとのことは わかりませんから	О работе ничего не знаю.	26	4	О работе ничего не знаю.	24
D0906	05	0A51E	0A52E	26		84 85 80 8A 9E 85 AE 8B B2 8A 81 8B 92 81 A8 FF 9B 8B AE AD 98 80 91 9E A7 0A	おかあさまがしゅさいしている ふじんのあつまりです	Женский клуб моей матери.	26	4	Женский клуб моей матери.	25
D0907	05	0A53B	0A54B	13		9C AE 91 95 0D 07 99 FF 94 95 A2 06 BF	べつに・・・わたしは なにもしりません。	Ничего.Я ничего не знаю.	26	4	Ничего.Я ничего не знаю.	24
D0908	05	0A549	0A559	55		0B 99 FF 85 81 8B B1 98 FF 93 A7 9A 86 8A 86 98 9A 93 98 FF 89 93 AE A2 92 AE FF 0B 85 AE 90 81 8A 81 93 86 95 FF 94 87 94 B0 92 85 A6 FF 90 90 85 AE 9A 86 93 A7 0C	ビルは かいしゃの とりひきさきのひとの こどもで ビルがちいさいときに なくなってから ちちがひきとりました	Билл был сыном партнёра отца.Родители умерли когда он был мал и отец взял его.	26	4	Билл был сыном партнёра | отца.Родители умерли когда | он был мал и отец взял | его.	78
D0909	05	0A581	0A591	16		DE C1 C7 93 FF 88 B0 89 AD 8B 92 FF A5 85 B0 8F	マイクと けっこんして よかった	Я рада что вышла за Майка.	26	4	Я рада что вышла за Майка.	26
D0910	05	0A5A0	0A5B0	34		80 98 A5 A8 FF 8F AE A9 85 85 AE FF 92 AE 92 81 87 84 93 AC 86 86 0C FF B5 B4 8B AE 99 AD 92 AE 8B 8F	あのよる だれかが でていくおとをききました 10じはんでした	В ту ночь слышала как кто-то вышел.Было 10 30.	26	4	В ту ночь слышала как | кто-то вышел.Было 10 30.	46
D0911	05	0A5C5	0A5D5	11		9D 82 FF 88 81 8B AE 8A AD 0A 85	ほう けいじさんですか	О детектив.	26	4	О детектив.	11
D0912	05	0A5D1	0A5E1	5		94 95 A2 06 A5	なにもしりませんよ	Ничего не знаю.	26	4	Ничего не знаю.	15
D0913	05	0A5D7	0A5E7	13		D3 D5 FC BF DD E8 D2 AE C1 EC C7 AE 0A	トニー。ホルデイヲグです	Тони Холдинг.	26	4	Тони Холдинг.	13
D0914	05	0A5E5	0A5F5	5		B9 BC 8A 81 0A	58さいです	58 лет.	26	4	58 лет.	7
D0915	05	0A5EB	0A5FB	17		F6 FB FB C5 EC D9 AF D5 FC F7 98 8B B1 90 B3 82 0A	「HHカヲパニー」のしゃちょうです	Глава HH Компания.	26	4	Глава HH Компания.	18
D0916	05	0A5FD	0A60D	5		BE 85 AE 8F 0A	Oがたです	Группа O.	26	4	Группа O.	9
D0917	05	0A603	0A613	22		91 9E 98 E7 CA FF A0 8C 89 98 DE C1 C7 93 FF A5 A1 98 C8 C1 D3 0A	つまのリサ むすこのマイクと よめのケイトです	Жена Лиза сын Майк и невестка Кейт.	26	4	Жена Лиза сын Майк и | невестка Кейт.	35
D0918	05	0A61A	0A62A	27		DB AE E6 EC D2 AE FC AC 98 9F 94 85 AE A6 FF C7 E6 F0 CB F0 C7 AC 86 87 89 93 0A	ブラヲデーをのみながら クラッシックをきくことです	Люблю бренди и классику.	26	4	Люблю бренди и классику.	24
D0919	05	0A636	0A646	16		C7 E8 FC CA AE FC 98 A1 AD 86 B3 AC A2 B0 92 09	クルーザーのめんきょをもっています	Есть права на яхту.	26	4	Есть права на яхту.	19
D0920	05	0A647	0A657	23		C4 D9 C1 C4 98 82 9E A9 0A BF 89 89 95 99 B5 B9 97 AD 95 94 A7 9E 8C	オハイオのうまれです。ここには15ねんになります	Родился в Огайо.Живу тут 15 лет.	26	4	Родился в Огайо.Живу тут | 15 лет.	32
D0921	05	0A65F	0A66F	18		9E 90 98 FF 8B B3 82 89 82 85 81 95 FF 99 81 B0 92 09	まちの しょうこうかいに はいっています	Член торговой палаты.	26	4	Член торговой палаты.	21
D0922	05	0A672	0A682	26		84 86 98 93 AE 87 95 BF AB 85 81 85 AE FF 94 85 94 85 98 A3 A7 92 92 AE 8B 8F	おきのどくに。わかいが なかなかのやりてでした	Соболезную.Молодой,но очень деловой человек.	26	4	Соболезную.Молодой,но | очень деловой человек.	44
D0923	05	0A68F	0A69F	9		84 87 8A AD 99 FF A5 87 06	おくさんは よくしりません	Его жену почти не знаю.	26	4	Его жену почти не знаю.	23
D0924	05	0A69B	0A6AB	35		EA DA AE EC CC AE 8A AD 99 FF A0 85 8B 85 A6 FF 9E 90 95 89 82 88 AD 8A A9 8F FF A7 B0 99 AF 94 85 8F 0A	ロビヲズさんは むかしから まちにこうけんされた りっぱなかたです	Эдвард много сделал для города.Уважаемый человек.	26	4	Эдвард много сделал для | города.Уважаемый человек.	49
D0925	05	0A6C1	0A6D1	45		82 90 98 85 81 8B B1 92 AE FF 99 8F A6 81 92 09 BF FF 0B 98 A5 82 95 FF 8B 89 AE 93 85 AE 92 AE 86 A8 CF C1 DB AF 92 AE 99 80 A7 08 97	うちのかいしゃで はたらいています。 ビルのように しごとができるタイプではありませんね	Фред работает у нас.Но он не такой деловой как Билл.	26	4	Фред работает у нас.Но он | не такой деловой как Билл.	52
D0926	05	0A6F1	0A701	23		A3 8A 8B 81 A5 A1 0A BF 85 94 81 93 A2 FF 82 9E 87 A3 B0 92 9E 8C A5	やさしいよめです。かないとも うまくやってますよ	Добрая невестка.С женой ладит.	26	4	Добрая невестка.С женой | ладит.	30
D0927	05	0A710	0A720	23		80 A9 99 FF 92 AE 8B B1 99 AE A7 92 AE FF 84 8B B1 9C AE A7 94 AD 0A	あれは でしゃばりで おしゃべりなんです	Жена слишком болтлива и вмешивается.	26	4	Жена слишком болтлива и | вмешивается.	36
D0928	05	0A72A	0A73A	23		93 AE 82 A2 A2 82 8C 89 8B FF 8B B0 85 A7 8B 92 9D 8B 81 AD 0A 85 AE	どうももうすこし しっかりしてほしいんですが	Сыну надо быть твёрже.	26	4	Сыну надо быть твёрже.	22
D0929	05	0A744	0A754	12		99 94 8B AC 8B 8F 89 93 99 80 A7 08	はなしをしたことはありません	Не говорил с ним.	26	4	Не говорил с ним.	17
D0930	05	0A757	0A767	8		80 B0 8F 89 93 80 A7 08	あったことありません	Не встречал.	26	4	Не встречал.	12
D0931	05	0A762	0A772	18		82 92 AE 98 81 81 FF 81 8B B1 8F AE 93 81 82 89 93 0A	うでのいい いしゃだということです	Говорят хороший врач.	26	4	Говорят хороший врач.	21
D0932	05	0A777	0A787	40		85 98 8B AE B3 93 0B 87 AD 85 AE FF 8A 85 A7 99 AE 92 AE 81 B0 8B B3 98 93 89 AA AC FF 9F 8F 89 93 85 AE 80 A7 9E 8C A5	かのじょとビルくんが さかりばでいっしょのところを みたことがありますよ	Видел её с Биллом в городе.	26	4	Видел её с Биллом в | городе.	27
D0933	05	0A7A2	0A7B2	19		95 85 AE 92 92 AE 8B 92 97 BF 80 9E A7 99 94 8B 99 8B 08	にがてでしてね。あまりはなしはしません	Не люблю её.Почти не говорю с ней.	26	4	Не люблю её.Почти не | говорю с ней.	34
D0934	05	0A7B8	0A7C8	9		0B 87 AD 98 9A 8B B3 0A BF	ビルくんのひしょです。	Секретарь Билла.	26	4	Секретарь Билла.	16
D0935	05	0A7CD	0A7DD	20		F6 C5 AE CC E6 C1 D3 BF CB C0 CF FC F7 98 C4 FC D4 FC 0A BF	「ガスライト。シアター」のオーナーです。	Владелец Гаслайт Театра.	26	4	Владелец Гаслайт Театра.	24
D0936	05	0A7E4	0A7F4	9		80 B0 8F 89 93 99 80 A7 08	あったことはありません	Не встречал.	26	4	Не встречал.	12
D0937	05	0A7F4	0A804	16		80 98 A5 A8 99 FF 93 AE 89 9C A2 92 AE 92 81 08	あのよるは どこへもでていません	В ту ночь никуда не выходил.	26	4	В ту ночь никуда не | выходил.	28
D0938	05	0A805	0A815	27		80 98 A5 A8 FF 92 AE 85 88 0C BF 80 A8 9A 93 93 80 82 8F A1 0A BF 80 81 92 99 0D	あのよる でかけました。あるひととあうためです。あいては・・・	В ту ночь выходил.Встречался с одним человеком.Это...	26	4	В ту ночь | выходил.Встречался с одним | человеком.Это...	53
D0939	05	0A821	0A831	12		9C AE 91 95 94 AD 92 AE A2 80 A7 08	べつになんでもありません	Ничего особого.	26	4	Ничего особого.	15
D0940	05	0A82E	0A83E	17		90 FF 90 B3 82 9D AE 85 AE FF 93 AE 82 85 8B 0C 85	ち ちょうぼが どうかしましたか	К книга?Что с ней?	26	4	К книга?Что с ней?	18
D0941	05	0A840	0A850	8		8B B1 B0 86 AD 8B 92 08	しゃっきんしてません	У меня нет долгов.	26	4	У меня нет долгов.	18
D0942	05	0A849	0A859	15		8B FF 06 BF FF 85 97 94 AD 92 85 A7 92 81 08	し しりません。 かねなんてかりていません	Не знаю.Я не занимал денег.	26	4	Не знаю.Я не занимал | денег.	27
D0943	05	0A859	0A869	20		AB 85 AE 8B B1 99 FF 88 AD 8B AE 91 94 FF 88 81 83 81 0A A5	わがしゃは けんじつな けいえいですよ	Наша фирма работает надёжно.	26	4	Наша фирма работает | надёжно.	28
D0944	05	0A86E	0A87E	20		86 AE B3 82 8D 86 99 FF 81 81 93 81 B0 92 A8 92 AE 8B B3 82	ぎょうせきは いいといってるでしょう	Я сказал дела идут хорошо.	26	4	Я сказал дела идут хорошо.	26
D0945	05	0A883	0A893	16		8E 98 8B AE 88 AD 99 FF 99 8B AE A1 92 86 86 0C	そのじけんは はじめてききました	Впервые слышу об этом.	26	4	Впервые слышу об этом.	22
D0946	05	0A896	0A8A6	8		94 AD 0A 85 FF 8E A9 99	なんですか それは	Что это?	26	4	Что это?	8
D0947	05	0A8A5	0A8B5	57		07 99 FF A5 82 8B 92 AE 8B 92 97 BF FB FB C5 EC D9 AF D5 FC 99 FF 85 94 81 98 90 90 84 A3 98 FF 85 81 8B B1 94 AD 0A A5 BF 91 9E 95 A2 FF 86 87 AE AA 82 85 AE 80 A8 AD 0A	わたしは ようしでしてね。HHカヲパニーは かないのちちおやの かいしゃなんですよ。つまにも きぐろうがあるんです	Я приёмный сын HH.Компания принадлежала отцу жены.У жены много забот.	26	4	Я приёмный сын HH.Компания | принадлежала отцу жены.У | жены много забот.	69
D0948	05	0A8E1	0A8F1	19		87 AA 98 DA AE FC BF C3 E0 0A FF BB CB E7 FC CC AE 0A A5	くろのビー。エムです 7シリーズですよ	Езжу на чёрном БМВ 7.	26	4	Езжу на чёрном БМВ 7.	21
D0949	05	0A8FB	0A90B	45		0B 87 AD 99 FF 8B AE B3 8D 81 85 AD 88 81 85 AE FF 99 92 AE 92 AE 8B 92 97 BF FF 89 98 8B AE 88 AD A2 FF 85 AD 88 81 80 A8 93 84 A2 09	ビルくんは じょせいかんけいが はででしてね。 このじけんも かんけいあるとおもいます	Билл любил женщин.Думаю это связано с убийством.	26	4	Билл любил женщин.Думаю | это связано с убийством.	48
D0950	05	0A92B	0A93B	7		94 AD 92 AE 8B B3 82	なんでしょう	Что такое?	26	4	Что такое?	10
D0951	05	0A933	0A943	12		AB 8F 87 8B FF 94 95 A2 8B 92 08 AB	わたくし なにもしてませんわ	Я ничего не делала.	26	4	Я ничего не делала.	19
D0952	05	0A940	0A950	13		E7 CA BF DD E8 D2 AE C1 EC C7 AE 0A AB	リサ。ホルデイヲグですわ	Лиза Холдинг.	26	4	Лиза Холдинг.	13
D0953	05	0A94E	0A95E	21		E9 D2 AE C1 95 93 8B AC 86 87 94 AD 92 0D FF B9 B6 8A 81 0A F7	レデイにとしをきくなんて・・・ 52さいです」	Невежливо спрашивать возраст.Мне 52.	26	4	Невежливо спрашивать | возраст.Мне 52.	36
D0954	05	0A964	0A974	17		F6 FB FB C5 EC D9 AF D5 FC F7 98 85 81 90 B3 82 0A	「HHカヲパニー」のかいちょうです	Председатель HH Компания.	26	4	Председатель HH Компания.	25
D0955	05	0A976	0A986	5		ED 85 AE 8F 0A	Aがたです	Группа A.	26	4	Группа A.	9
D0956	05	0A97C	0A98C	24		84 B0 93 98 D3 D5 FC 93 FF A0 8C 89 98 DE C1 C7 FF 8E A9 95 C8 C1 D3 0A	おっとのトニーと むすこのマイク それにケイトです	Муж Тони сын Майк и Кейт.	26	4	Муж Тони сын Майк и Кейт.	25
D0957	05	0A995	0A9A5	11		CF AE EC CC 93 C9 AE E8 DB 0A AB	ダヲスとゴルフですわ	Танцы и гольф.	26	4	Танцы и гольф.	14
D0958	05	0A9A1	0A9B1	20		AB 8F 87 8B FF 82 8F 95 99 8B AE 8B AD 85 AE 80 A7 9E 8C BF	わたくし うたにはじしんがあります。	Я хорошо пою.	26	4	Я хорошо пою.	13
D0959	05	0A9B6	0A9C6	9		89 98 9E 90 98 82 9E A9 0A	このまちのうまれです	Родилась здесь.	26	4	Родилась здесь.	15
D0960	05	0A9C0	0A9D0	20		F6 80 97 A2 97 C7 E6 DB AE F7 95 FF 99 81 B0 92 84 A7 9E 8C	「あねもねクラブ」に はいっております	Член клуба Анемона.	26	4	Член клуба Анемона.	19
D0961	05	0A9D5	0A9E5	52		9E 8A 85 BF BF FF DD E8 D2 AE C1 EC C7 AE 88 93 FF 83 AD 91 91 AE 86 98 93 89 AA 85 A6 9A 85 AE 81 8B B1 85 AE 92 AE A8 94 AD 92 FF 8B AD 8B AE A6 A9 08 AB	まさか。。 ホルデイヲグけと えんつづきのところからひがいしゃがでるなんて しんじられませんわ	Не верится,что жертва связана с Холдингами.	26	4	Не верится,что жертва | связана с Холдингами.	43
D0962	05	0AA0C	0AA1C	62		0B 93 CB AE F1 D7 F0 D3 98 FF 88 B0 89 AD 8B 86 99 FF EF 90 87 98 F6 8D 81 D8 FC CC 86 B3 82 85 81 F7 92 AE 84 89 94 AB A9 8F 99 AE 85 A7 94 AD 0A A5 BF 84 86 98 93 AE 87 94 89 93 0A AB	ビルとジャネットの けっこんしきは Cちくの「せいノースきょうかい」でおこなわれたばかりなんですよ。おきのどくなことですわ	Билл и Джанет всего полгода назад венчались в Сент Норт.Очень жаль.	26	4	Билл и Джанет всего | полгода назад венчались в | Сент Норт.Очень жаль.	67
D0963	05	0AA4B	0AA5B	19		9E 8A 85 FF 99 AD 95 AD 8B AE B1 94 81 92 AE 8B B3 82 97	まさか はんにんじゃないでしょうね	Неужели он убийца?	26	4	Неужели он убийца?	18
D0964	05	0AA5F	0AA6F	46		EA DA AE EC CC AE 8B B3 82 85 81 AC 84 84 86 87 8C A8 8F A1 95 99 FF 9A 8B AE B3 82 94 89 93 AC FF 8B 92 86 8F 93 81 82 99 94 8B 0A AB BF	ロビヲズしょうかいをおおきくするためには ひじょうなことを してきたというはなしですわ。	Говорят ради роста фирмы Роббинс шёл на всё.	26	4	Говорят ради роста фирмы | Роббинс шёл на всё.	44
D0965	05	0AA8E	0AA9E	17		91 85 9E B0 8F 93 81 82 98 99 FF 9D AD 93 82 0A 85	つかまったというのは ほんとうですか	Правда его арестовали?	26	4	Правда его арестовали?	22
D0966	05	0AAA0	0AAB0	37		84 95 81 8A AD A5 A7 FF 8C 89 8B 99 9E 93 A2 0A 88 93 AE 97 BF 82 90 98 A0 8C 89 95 99 FF 9E 8F AE 9E 8F AE 0A	おにいさんより すこしはまともですけどね。うちのむすこには まだまだです	Он лучше брата.Но моему сыну ещё уступает.	26	4	Он лучше брата.Но моему | сыну ещё уступает.	42
D0967	05	0AAC8	0AAD8	11		8B B0 85 A7 A2 98 98 A5 A1 0A 98	しっかりもののよめですの	Кейт крепкая девушка.	26	4	Кейт крепкая девушка.	21
D0968	05	0AAD6	0AAE6	19		80 98 9A 81 A6 81 FF 88 AE AD 86 85 AE 94 81 AD 0A 98 BF	あのひいらい げんきがないんですの。	После того дня ей плохо.	26	4	После того дня ей плохо.	24
D0969	05	0AAEA	0AAFA	18		80 98 9A 93 95 99 FF 8E AD 94 89 93 99 92 AE 86 08 BF	あのひとには そんなことはできません。	Он не способен на такое.	26	4	Он не способен на такое.	24
D0970	05	0AB02	0AB12	37		81 81 A0 8C 89 0A AB BF 80 98 A5 A8 A2 FF 86 9B AE AD 98 AB A8 81 FF 07 98 8E 99 AE 95 FF 81 92 87 A9 0C A2 98	いいむすこですわ。あのよるも きぶんのわるい わたしのそばに いてくれましたもの	Хороший сын.В ту ночь был рядом когда мне было плохо.	26	4	Хороший сын.В ту ночь был | рядом когда мне было | плохо.	53
D0971	05	0AB30	0AB40	38		F6 80 97 A2 97 C7 E6 DB AE F7 98 95 B2 82 85 81 AC FF 84 8C 8C A1 8B 8F AD 0A 88 A9 93 AE FF 89 93 AB A6 A9 0C BF	「あねもねクラブ」のにゅうかいを おすすめしたんですけれど ことわられました。	Я звала её в Анемона Клуб,но она отказалась.	26	4	Я звала её в Анемона | Клуб,но она отказалась.	44
D0972	05	0AB5F	0AB6F	34		80 98 8D AD 8D 81 A2 FF 93 A2 8F AE 90 98 A0 8C A1 AC 9A 86 93 B0 8F A7 8B 92 FF 8C 86 0A AB A5 97 BF	あのせんせいも ともだちのむすめをひきとったりして すきですわよね。	Доктор добрый.Взял к себе дочь друга.	26	4	Доктор добрый.Взял к себе | дочь друга.	37
D0973	05	0AB84	0AB94	22		CA C1 E2 EC 8D AD 8D 81 98 FF 93 89 AA 98 85 AD 89 AE 9B 0A A5 BF	サイモヲせんせいの ところのかんごふですよ。	Медсестра доктора Саймона.	26	4	Медсестра доктора Саймона.	26
D0974	05	0AB9D	0ABAD	23		EA DA AE EC CC AE 88 98 E1 C1 D3 AE 0A FF 94 9E 81 86 94 AD 0A A5 BF	ロビヲズけのメイドです なまいきなんですよ。	Мэйд у Роббинсов.Дерзкая женщина.	26	4	Мэйд у Роббинсов.Дерзкая | женщина.	33
D0975	05	0ABC4	0ABD4	23		81 91 A2 EA DA AE EC CC AE 8A AD 93 FF 80 8E AD 92 AE 81 A6 8B 8F AB	いつもロビヲズさんと あそんでいらしたわ	Часто общался с Роббинсом.	26	4	Часто общался с Роббинсом.	26
D0976	05	0ABE7	0ABF7	40		80 98 9A 99 FF 8D AE AD 8B AE 91 98 D9 AF FC D2 C1 98 91 85 A9 92 AE FF 99 A3 87 85 A6 FF A3 8C AD 92 AE 84 A7 0C AB BF	あのひは ぜんじつのパーテイのつかれで はやくから やすんでおりましたわ。	После вчерашней вечеринки я рано легла.	26	4	После вчерашней вечеринки | я рано легла.	39
D0977	05	0AC12	0AC22	30		85 81 8B B1 98 89 93 99 FF 8B B2 8B AE AD 95 8C 9C AE 92 FF 9E 85 8D 92 84 A7 9E 8C 85 A6	かいしゃのことは しゅじんにすべて まかせておりますから	Делами фирмы занимается муж.	26	4	Делами фирмы занимается | муж.	28
D0978	05	0AC33	0AC43	33		89 AE 9B 8B AE AD 98 FF 8B AE 8D AE AD 8F AE AD 8F 81 0A FF AB 8F 87 8B 85 AE FF 85 81 90 B3 82 0A	ごふじんの じぜんだんたいです わたくしが かいちょうです	Женская благотворительная группа.Я председатель.	26	4	Женская благотворительная | группа.Я председатель.	48
D0979	05	0AC57	0AC67	36		8B B2 8B AE AD 99 FF 90 90 98 A2 93 92 AE 99 8F A6 81 92 81 92 BF 8E A9 85 AE 83 AD 92 AE 88 B0 89 AD 8B 0C	しゅじんは ちちのもとではたらいていて。それがえんでけっこんしました	Муж работал у моего отца.Так мы и поженились.	26	4	Муж работал у моего | отца.Так мы и поженились.	45
D0980	05	0AC7E	0AC8E	54		8E 82 81 83 99 AE FF 82 90 98 90 90 A2 FF E7 D9 AE D2 C1 BF D9 AE EC C7 95 93 A7 9A 86 85 AE 80 B0 8F AD 92 AE FF 8A AB 81 92 AE 81 8F A5 82 95 84 9D AE 83 92 09	そういえば うちのちちも リバテイ。バヲクにとりひきがあったんで さわいでいたようにおぼえています	Отец тоже работал с Либерти Банк.Помню тогда был шум.	26	4	Отец тоже работал с | Либерти Банк.Помню тогда | был шум.	53
D0981	05	0ACB7	0ACC7	46		07 85 AE AB 85 81 93 86 95 FF 8C 81 A7 8B B3 82 8D 91 DE D5 C0 85 AE FF 91 87 B0 92 81 8F C7 E6 DB AE 98 94 9E 83 8F AE B0 8F 93 84 A2 09	わたしがわかいときに すいりしょうせつマニアが つくっていたクラブのなまえだったとおもいます	Кажется так назывался клуб любителей детективов моей молодости.	26	4	Кажется так назывался клуб | любителей детективов моей | молодости.	63
D0982	05	0ACE8	0ACF8	9		A5 87 84 9D AE 83 92 81 08	よくおぼえていません	Плохо помню.	26	4	Плохо помню.	12
D0983	05	0ACFC	0AD0C	65		80 98 A5 A8 FF 86 9B AE AD 85 AE AB A8 87 92 FF E9 EC D2 AE E8 8D AD 8D 81 95 FF 84 82 8B AD AC 84 97 85 AE 81 8B A5 82 93 FF 92 AE AD AB 8B 8F 98 95 FF 8F AE A9 A2 92 AE 08 92 AE 8B 8F 98 A5 BF	あのよる きぶんがわるくて レヲデルせんせいに おうしんをおねがいしようと でんわしたのに だれもでませんでしたのよ。	В ту ночь мне стало плохо.Я звонила доктору Ренделлу,но никто не ответил.	26	4	В ту ночь мне стало | плохо.Я звонила доктору | Ренделлу,но никто не | ответил.	73
D0984	05	0AD40	0AD50	12		07 95 FF 94 95 85 89 AE A5 82 0A 85	わたしに なにかごようですか	Что вам от меня?	26	4	Что вам от меня?	16
D0985	05	0AD4D	0AD5D	7		9E 8F AE 94 95 85 FE	まだなにか？	Ещё что?	26	4	Ещё что?	8
D0986	05	0AD55	0AD65	11		CA C1 E2 EC BF E9 EC D2 AE E8 0A	サイモヲ。レヲデルです	Саймон Ренделл.	26	4	Саймон Ренделл.	15
D0987	05	0AD61	0AD71	7		B9 BC 8A 81 0A 85 AE	58さいですが	58 лет.	26	4	58 лет.	7
D0988	05	0AD69	0AD79	4		81 8B B1 0A	いしゃです	Врач.	26	4	Врач.	5
D0989	05	0AD6E	0AD7E	5		BE 85 AE 8F 0A	Oがたです	Группа O.	26	4	Группа O.	9
D0990	05	0AD74	0AD84	54		91 9E 99 FF B9 97 AD 9E 83 95 94 87 94 A7 0C BF 89 93 AE A2 99 81 08 85 AE FF 85 AD 89 AE 9B 98 CC FC CB AE FC BF DE C7 D4 E7 FC 93 81 B0 8B B3 95 8C AD 92 AE 09	つまは 5ねんまえになくなりました。こどもはいませんが かんごふのスージー。マクナリーといっしょにすんでいます	Жена умерла 5 лет назад.Детей нет.Живу с медсестрой Сьюзи Макналли.	26	4	Жена умерла 5 лет | назад.Детей нет.Живу с | медсестрой Сьюзи Макналли.	67
D0991	05	0ADAB	0ADBB	16		9A AE 8B AE B2 91 9A AD 98 8B B2 82 8B B2 82 0A	びじゅつひんのしゅうしゅうです	Коллекционирую искусство.	26	4	Коллекционирую искусство.	25
D0992	05	0ADBC	0ADCC	12		81 8B 98 A1 AD 86 B3 AC A2 B0 92 09	いしのめんきょをもっています	У меня врачебная лицензия.	26	4	У меня врачебная лицензия.	26
D0993	05	0ADC9	0ADD9	25		DD AE CC D3 EC 98 8B B2 B0 8B AD 0A BF B7 B4 97 AD 9E 83 85 A6 89 89 95 09	ボストヲのしゅっしんです。30ねんまえからここにいます	Родом из Бостона.Здесь уже 30 лет.	26	4	Родом из Бостона.Здесь уже | 30 лет.	34
D0994	05	0ADE3	0ADF3	11		81 8B 85 81 95 FF 99 81 B0 92 09	いしかいに はいっています	Член медицинской ассоциации.	26	4	Член медицинской | ассоциации.	28
D0995	05	0ADEF	0ADFF	31		8B AE 9B AE AD 98 89 93 AE A2 98 A5 82 94 A2 98 92 AE 8B 8F 85 A6 FF CB F3 F0 C7 92 AE 8B 8F	じぶんのこどものようなものでしたから ショックでした	Он был мне как сын.Это потрясло меня.	26	4	Он был мне как сын.Это | потрясло меня.	37
D0996	05	0AE11	0AE21	20		85 94 A7 8D 81 8B AD 92 86 95 FF 9E 81 B0 92 81 8F A5 82 0A	かなりせいしんてきに まいっていたようです	Она была сильно подавлена.	26	4	Она была сильно подавлена.	26
D0997	05	0AE26	0AE36	17		85 98 8B AE B3 85 AE 99 AD 95 AD 94 98 0A 85 BF BF	かのじょがはんにんなのですか。。	Она убийца?	26	4	Она убийца?	11
D0998	05	0AE38	0AE48	38		A0 85 8B 85 A6 98 A4 82 8B AE AD 0A BF 84 A2 B0 8F 89 93 99 FF 8A 81 89 AE 9E 92 AE A3 A8 FF 91 A5 81 84 93 89 0A	むかしからのゆうじんです。おもったことは さいごまでやる つよいおとこです	Старый друг.Сильный человек и всегда идёт до конца.	26	4	Старый друг.Сильный | человек и всегда идёт до | конца.	51
D0999	05	0AE61	0AE71	13		9E 8B AE A1 94 FF 81 81 8D 81 97 AD 0A	まじめな いいせいねんです	Серьёзный хороший юноша.	26	4	Серьёзный хороший юноша.	24
D1000	05	0AE6F	0AE7F	21		DB E9 F0 D3 AE 85 AE 99 AD 95 AD 93 99 FF 8B AD 8B AE A6 A9 08	フレッドがはんにんとは しんじられません	Не верю что Фред убийца.	26	4	Не верю что Фред убийца.	24
D1001	05	0AE85	0AE95	48		88 B0 89 AD 8B 92 FF 84 90 91 81 92 81 A8 A5 82 0A BF EA DA AE EC CC AE 8A AD A2 99 A3 87 FF 9E 89 AE 98 85 84 85 AE FF 9F 8F 81 92 AE 8B B3 82	けっこんして おちついているようです。ロビヲズさんもはやく まごのかおが みたいでしょう	После свадьбы он успокоился.Роббинс наверно хочет внуков.	26	4	После свадьбы он | успокоился.Роббинс наверно | хочет внуков.	57
D1002	05	0AEB8	0AEC8	22		90 B3 82 8B 98 81 81 95 AD 88 AE AD 99 FF 8C 86 92 AE 99 80 A7 08	ちょうしのいいにんげんは すきではありません	Не люблю легкомысленных людей.	26	4	Не люблю легкомысленных | людей.	30
D1003	05	0AED1	0AEE1	12		86 98 81 81 89 AE 9B 8B AE AD 0A A5	きのいいごふじんですよ	Приятная женщина.	26	4	Приятная женщина.	17
D1004	05	0AEE0	0AEF0	4		A5 87 99 06	よくはしりません	Плохо знаю.	26	4	Плохо знаю.	11
D1005	05	0AEED	0AEFD	14		CB AE F1 D7 F0 D3 98 84 85 80 8A AD 0A BF	ジャネットのおかあさんです。	Мать Джанет.	26	4	Мать Джанет.	12
D1006	05	0AEFE	0AF0E	21		85 A9 99 CB AE F1 D7 F0 D3 93 FF 9B 8F 89 AE 8F AE 8E 82 0A 97	かれはジャネットと ふたごだそうですね	Говорят он близнец Джанет.	26	4	Говорят он близнец Джанет.	26
D1007	05	0AF1B	0AF2B	22		81 9E FF 81 83 98 9D 82 95 09 BF FF 8C 87 AE 90 85 87 94 AD 0A A5	いま いえのほうにいます。 すぐちかくなんですよ	Сейчас дома.Живёт совсем рядом.	26	4	Сейчас дома.Живёт совсем | рядом.	31
D1008	05	0AF34	0AF44	23		99 B0 86 A7 93 81 82 9A 93 0A 85 AE FF 9D AD 93 99 81 81 9A 93 0A A5	はっきりというひとですが ほんとはいいひとですよ	Говорит прямо,но в душе добрый.	26	4	Говорит прямо,но в душе | добрый.	31
D1009	05	0AF4E	0AF5E	6		0B 98 9A 8B B3 0A	ビルのひしょです	Секретарь Билла.	26	4	Секретарь Билла.	16
D1010	05	0AF5F	0AF6F	17		80 87 A4 82 0A A5 BF FF A5 87 FF 81 86 86 8B 92 09	あくゆうですよ。 よく いききしています	Старый приятель.Часто бываем друг у друга.	26	4	Старый приятель.Часто | бываем друг у друга.	42
D1011	05	0AF73	0AF83	17		94 AD 8F AE 85 80 A3 8B 88 AE 94 FF 84 93 89 0A 97	なんだかあやしげな おとこですね	Подозрительный человек.	26	4	Подозрительный человек.	23
D1012	05	0AF8B	0AF9B	34		80 98 9A 99 FF A5 94 85 9E 92 AE 89 89 95 81 0C BF 81 83 95 99 B5 8B AE 87 AE A6 81 95 A2 93 AE A7 0C	あのひは よなかまでここにいました。いえには1じぐらいにもどりました	В ту ночь был здесь до полуночи.Домой вернулся около 1.	26	4	В ту ночь был здесь до | полуночи.Домой вернулся | около 1.	55
D1013	05	0AFAE	0AFBE	14		93 AE 89 95 A2 FF 92 AE 85 88 92 99 81 08	どこにも でかけてはいません	Никуда не выходил.	26	4	Никуда не выходил.	18
D1014	05	0AFBD	0AFCD	23		E1 CC 94 A6 FF 9A AE B3 82 81 AD 95 99 8F 87 8A AD 80 A7 9E 8C A5 BF	メスなら びょういんにはたくさんありますよ。	Скальпелей в клинике много.	26	4	Скальпелей в клинике | много.	27
D1015	05	0AFD5	0AFE5	13		84 99 94 8B 8C A8 A5 82 94 89 93 99 0D	おはなしするようなことは・・・	Мне нечего сказать...	26	4	Мне нечего сказать...	21
D1016	05	0AFE3	0AFF3	17		CC FC CB AE FC 98 9C A3 98 8B B1 8B AD FE FF 06 A5	スージーのへやのしゃしん？ しりませんよ	Фото из комнаты Сьюзи?Не знаю.	26	4	Фото из комнаты Сьюзи?Не | знаю.	30
D1017	05	0AFF7	0B007	13		07 98 A2 98 92 AE 99 FF 80 A7 08 85 AE	わたしのものでは ありませんが	Это не моё.	26	4	Это не моё.	11
D1018	05	0B007	0B017	8		94 AD 98 89 93 0A 85 94	なんのことですかな	О чём вы?	26	4	О чём вы?	9
D1019	05	0B010	0B020	4		AB 85 A7 08	わかりません	Не знаю.	26	4	Не знаю.	8
D1020	05	0B015	0B025	50		B6 B4 97 AD 9E 83 93 81 83 99 AE FF 8F AE 81 85 AE 87 9A AE B3 82 81 AD 95 81 92 FF 81 8E 85 AE 8B 85 B0 8F 98 92 AE FF A5 87 84 9D AE 83 92 81 08 97	20ねんまえといえば だいがくびょういんにいて いそがしかったので よくおぼえていませんね	20 лет назад я был в университетской клинике и много работал.Плохо помню.	26	4	20 лет назад я был в | университетской клинике и | много работал.Плохо помню.	73
D1021	05	0B048	0B058	34		81 8B B1 93 84 82 A7 B3 82 8B AE 88 AD 94 AD 92 FF 94 AD 98 85 85 AB A7 85 AE 80 A8 93 81 82 0A 85 BF	いしゃとおうりょうじけんなんて なんのかかわりがあるというですか。	Как врач связан с растратой?	26	4	Как врач связан с | растратой?	28
D1022	05	0B06D	0B07D	16		84 99 94 8B 8C A8 A5 82 94 89 93 99 FF 80 A7 08	おはなしするようなことは ありません	Мне нечего сказать.	26	4	Мне нечего сказать.	19
D1023	05	0B07E	0B08E	18		91 9E 99 FF B9 97 AD 9E 83 95 9A AE B3 82 8B FF 8B 0C	つまは 5ねんまえにびょうし しました	Жена умерла 5 лет назад.	26	4	Жена умерла 5 лет назад.	24
D1024	05	0B093	0B0A3	12		80 84 98 DC AE EC D1 95 98 B0 92 09	あおのベヲツにのっています	Езжу на синем Бенце.	26	4	Езжу на синем Бенце.	20
D1025	05	0B0A2	0B0B2	8		07 99 FF 94 95 A2 06 97	わたしは なにもしりませんね	Я ничего не знаю.	26	4	Я ничего не знаю.	17
D1026	05	0B0AF	0B0BF	65		88 AD 8B 98 93 86 95 84 A2 B0 8F 98 0A 85 AE FF 8D 94 85 98 86 8C AE 80 93 99 FF 8B AE B3 8D 81 85 AE FF 93 93 AE A1 AC 8A 8C 8F A1 95 FF 94 AD 93 AE A2 8A 8B 8F A5 82 94 85 AD 8B AE 92 AE 8B 8F	けんしのときにおもったのですが せなかのきずあとは じょせいが とどめをさすために なんどもさしたようなかんじでした	На вскрытии раны показались мне нанесёнными женщиной которая добивала жертву много раз.	26	4	На вскрытии раны | показались мне нанесёнными | женщиной которая добивала | жертву много раз.	87
D1027	05	0B0F1	0B101	7		9C AE 91 95 80 A7 08	べつにありません	Ничего особого.	26	4	Ничего особого.	15
D1028	05	0B0F9	0B109	12		99 81 FF 94 AD 92 AE 8B B3 82 85 0D	はい なんでしょうか・・・	Да.Что?	26	4	Да.Что?	7
D1029	05	0B106	0B116	8		9E 8F AE FF 94 95 85 0D	まだ なにか・・・	Ещё что...	26	4	Ещё что...	10
D1030	05	0B10F	0B11F	12		CC FC CB AE FC BF DE C7 D4 E7 FC 0A	スージー。マクナリーです	Сьюзи Макналли.	26	4	Сьюзи Макналли.	15
D1031	05	0B11C	0B12C	5		B6 B8 8A 81 0A	24さいです	24 года.	26	4	24 года.	8
D1032	05	0B122	0B132	20		E9 EC D2 AE E8 81 81 AD 92 AE FF 85 AD 89 AE 9B AC 8B 92 09	レヲデルいいんで かんごふをしています	Медсестра в клинике Ренделла.	26	4	Медсестра в клинике | Ренделла.	29
D1033	05	0B137	0B147	5		EE 85 AE 8F 0A	Bがたです	Группа B.	26	4	Группа B.	9
D1034	05	0B13D	0B14D	6		07 99 9A 93 A7 0A	わたしはひとりです	Я одна.	26	4	Я одна.	7
D1035	05	0B144	0B154	11		84 AD 85 AE 87 AC 86 87 89 93 0A	おんがくをきくことです	Люблю музыку.	26	4	Люблю музыку.	13
D1036	05	0B150	0B160	14		85 AD 89 AE 9B 98 8B 85 87 AC A2 B0 92 09	かんごふのしかくをもっています	Есть диплом медсестры.	26	4	Есть диплом медсестры.	22
D1037	05	0B15F	0B16F	26		DC AF EC CB E8 D9 AE D5 C0 98 82 9E A9 0A BF BA 97 AD 9E 83 85 A6 89 89 95 09	ペヲシルバニアのうまれです。6ねんまえからここにいます	Родилась в Пенсильвании.Здесь 6 лет.	26	4	Родилась в | Пенсильвании.Здесь 6 лет.	36
D1038	05	0B17A	0B18A	11		93 AE 89 95 A2 99 81 B0 92 81 08	どこにもはいっていません	Никуда не вхожу.	26	4	Никуда не вхожу.	16
D1039	05	0B186	0B196	48		84 86 98 93 AE 87 0A 97 BF 07 99 B5 97 AD 9E 83 95 FF A2 82 90 B3 82 92 AE 95 B2 82 81 AD 8A A9 8F 93 86 95 FF 99 94 8B AC 8B 8F 87 AE A6 81 0A	おきのどくですね。わたしは1ねんまえに もうちょうでにゅういんされたときに はなしをしたぐらいです	Жаль его.Год назад при аппендиците немного говорила с ним.	26	4	Жаль его.Год назад при | аппендиците немного | говорила с ним.	58
D1040	05	0B1B9	0B1C9	13		07 99 FF A5 87 8B A6 94 81 0A 85 A6 BF	わたしは よくしらないですから。	Я его плохо знаю.	26	4	Я его плохо знаю.	17
D1041	05	0B1C7	0B1D7	13		9E 8A 85 FF 80 98 9A 93 85 AE 0B AC 0D	まさか あのひとがビルを・・・	Неужели она убила Билла...	26	4	Неужели она убила Билла...	26
D1042	05	0B1D5	0B1E5	44		E9 EC D2 AE E8 8D AD 8D 81 95 FF 80 81 95 FF 81 A6 B0 8B B1 09 BF 8B AE 88 AD 98 FF 9E 83 98 9A 98 A5 A8 A2 81 A6 B0 8B B1 81 0C AB	レヲデルせんせいに あいに いらっしゃいます。じけんの まえのひのよるもいらっしゃいましたわ	Он приходит к доктору Ренделлу.Был и вечером накануне убийства.	26	4	Он приходит к доктору | Ренделлу.Был и вечером | накануне убийства.	63
D1043	05	0B204	0B214	11		81 81 85 8F 0A 85 AE 0D 07 99 0D	いいかたですが・・・わたしは・・・	Он хороший,но я...	26	4	Он хороший,но я...	18
D1044	05	0B210	0B220	13		9E 8A 85 FF 80 98 9A 93 85 AE 0B AC 0D	まさか あのひとがビルを・・・	Неужели он убил Билла...	26	4	Неужели он убил Билла...	24
D1045	05	0B228	0B238	16		84 99 94 8B FF 8B 8F 89 93 99 80 A7 08 98 92 AE	おはなし したことはありませんので	Мы не разговаривали.	26	4	Мы не разговаривали.	20
D1046	05	0B241	0B251	11		84 80 81 8B 8F 89 93 99 80 A7 08	おあいしたことはありません	Не встречала.	26	4	Не встречала.	13
D1047	05	0B24F	0B25F	9		80 B0 8F 89 93 A2 80 A7 08	あったこともありません	Не встречала.	26	4	Не встречала.	13
D1048	05	0B25B	0B26B	12		84 99 94 8B 8C A8 89 93 99 80 A7 08	おはなしすることはありません	Мне нечего сказать.	26	4	Мне нечего сказать.	19
D1049	05	0B26A	0B27A	74		90 90 93 E9 EC D2 AE E8 8D AD 8D 81 99 FF 8B AD A4 82 8F AE B0 8F 8E 82 0A BF FF 99 99 85 AE 8B AD 92 AE 9F A5 A7 98 94 81 FF 07 AC FF 9A 86 93 B0 92 87 A9 8F AD 0A BF 81 9E 92 AE 99 FF 84 93 82 8A AD 98 A5 82 94 9A 93 0A	ちちとレヲデルせんせいは しんゆうだったそうです。 ははがしんでみよりのない わたしを ひきとってくれたんです。いまでは おとうさんのようなひとです	Отец и доктор были близкими друзьями.После смерти мамы он взял меня к себе.Он мне как отец.	26	4	Отец и доктор были | близкими друзьями.После | смерти мамы он взял меня к | себе.Он мне как отец.	91
D1050	05	0B2B5	0B2C5	16		8D AD 8D 81 99 FF 99 AD 95 AD 92 AE 99 80 A7 08	せんせいは はんにんではありません	Доктор не убийца.	26	4	Доктор не убийца.	17
D1051	05	0B2CB	0B2DB	55		CC DF CC 8A AD 99 FF EA DA AE EC CC AE 8A AD AC FF 86 A6 B0 92 81 8F 9F 8F 81 0A 97 BF 95 B2 82 81 AD 8B 8F 93 86 95 FF 84 9F 9E 81 95 A2 FF 89 94 85 B0 8F 0A 85 A6	スミスさんは ロビヲズさんを きらっていたみたいですね。にゅういんしたときに おみまいにも こなかったですから	Смит не любила Роббинса.Когда он лежал в больнице даже не пришла.	26	4	Смит не любила | Роббинса.Когда он лежал в | больнице даже не пришла.	65
D1052	05	0B30D	0B31D	5		06 88 A9 93 AE	しりませんけれど	Не знаю.	26	4	Не знаю.	8
D1053	05	0B315	0B325	61		8D AD 8D 81 98 84 93 A2 8F AE 90 0A BF FF 93 86 93 AE 86 DE C7 DC AE C1 EC 8A AD 98 81 83 95 81 85 A9 9E 8C BF 8B AE 88 AD 98 A5 A8 A2 FF 81 B0 92 86 8F 93 99 94 8A A9 92 81 0C 85 AE	せんせいのおともだちです。 ときどきマクベイヲさんのいえにいかれます。じけんのよるも いってきたとはなされていましたが	Друг доктора.Иногда ходит к Макбейну.В ночь убийства доктор тоже был там.	26	4	Друг доктора.Иногда ходит | к Макбейну.В ночь убийства | доктор тоже был там.	73
D1054	05	0B35F	0B36F	5		9C A3 95 81 0C	へやにいました	Была в комнате.	26	4	Была в комнате.	15
D1055	05	0B365	0B375	12		93 AE 89 95 A2 92 AE 85 88 92 81 08	どこにもでかけていません	Никуда не выходила.	26	4	Никуда не выходила.	19
D1056	05	0B372	0B382	25		84 85 8B 81 0A 97 BF FF E1 CC AC FF 81 83 95 A2 B0 92 85 83 A8 94 AD 92 0D	おかしいですね。 メスを いえにもってかえるなんて・・・	Странно.Скальпель брать домой...	26	4	Странно.Скальпель брать | домой...	32
D1057	05	0B38E	0B39E	35		89 93 AE A2 98 93 86 98 8B B1 8B AD 0A BF 90 90 93 82 91 B0 92 81 A8 98 99 FF 89 98 B5 9E 81 8F AE 88 0A	こどものときのしゃしんです。ちちとうつっているのは この1まいだけです	Фото моего детства.Единственное где я с отцом.	26	4	Фото моего | детства.Единственное где я | с отцом.	46
D1058	05	0B3BA	0B3CA	46		07 85 AE B8 8A 81 98 93 86 95 FF 8B AD 8E AE 82 DE DA 92 AE FF 8F 9A AE 8A 86 92 AE 94 87 94 A7 0C BF 89 98 9E 90 95 86 92 81 8F 93 86 0A	わたしが4さいのときに しんぞうマヒで たびさきでなくなりました。このまちにきていたときです	Когда мне было 4 отец умер от сердца в поездке.Он был в этом городе?	26	4	Когда мне было 4 отец умер | от сердца в поездке.Он был | в этом городе?	68
D1059	05	0B3EB	0B3FB	16		9E 8F AE FF 88 B0 89 AD 8C A8 86 99 80 A7 08 BF	まだ けっこんするきはありません。	Пока не хочу замуж.	26	4	Пока не хочу замуж.	19
D1060	05	0B3FE	0B40E	13		87 A8 9E 99 FF A2 B0 92 81 94 81 AD 0A	くるまは もっていないんです	У меня нет машины.	26	4	У меня нет машины.	18
D1061	05	0B40E	0B41E	25		90 90 98 99 85 99 FF CF AE C2 EC CC AE DA E8 CC AE 9D AE 90 95 80 A7 9E 8C	ちちのはかは ダウヲズヒルズぼちにあります	Могила отца на Даунс Хиллс.	26	4	Могила отца на Даунс | Хиллс.	27
D1062	05	0B430	0B440	7		9C AE 91 95 80 A7 08	べつにありません	Ничего особого.	26	4	Ничего особого.	15
D1063	05	0B43A	0B44A	27		88 81 8B AE 8A AD FF 99 A3 87 FF 99 AD 95 AD AC 91 85 9E 83 92 87 8F AE 8A 81 A5	けいじさん はやく はんにんをつかまえてくださいよ	Детектив скорее найдите убийцу.	26	4	Детектив скорее найдите | убийцу.	31
D1064	05	0B456	0B466	8		9E 8F AE FF 94 95 85 FE	まだ なにか？	Ещё что?	26	4	Ещё что?	8
D1065	05	0B45F	0B46F	9		D9 AF E1 E6 BF CC DF CC 0A	パメラ。スミスです	Памела Смит.	26	4	Памела Смит.	12
D1066	05	0B469	0B479	5		B9 B9 8A 81 0A	55さいです	55 лет.	26	4	55 лет.	7
D1067	05	0B46F	0B47F	10		89 98 81 83 98 E1 C1 D3 AE 0A	このいえのメイドです	Я прислуга в этом доме.	26	4	Я прислуга в этом доме.	23
D1068	05	0B47A	0B48A	5		BE 85 AE 8F 0A	Oがたです	Группа O.	26	4	Группа O.	9
D1069	05	0B480	0B490	9		07 99 9A 93 A7 A2 98 0A A5	わたしはひとりものですよ	Я одинока.	26	4	Я одинока.	10
D1070	05	0B48A	0B49A	58		CF EA F0 D3 82 A6 94 81 0A BF B5 85 88 AE 91 9D 93 AE 9E 83 FF 0B 8A AD 98 89 93 AC 82 A6 94 B0 8F A6 FF 8A 81 94 AD 85 AE A3 B0 92 87 A8 93 92 AE 8F AD 0A BF 80 8F A7 0C A5	タロットうらないです。1かげつほどまえ ビルさんのことをうらなったら さいなんがやってくるとでたんです。あたりましたよ	Люблю Таро.Месяц назад карты Билла показали беду.И сбылось.	26	4	Люблю Таро.Месяц назад | карты Билла показали | беду.И сбылось.	59
D1071	05	0B4C5	0B4D5	16		8B AE B3 8A AD 9B 98 FF 8B 85 87 AC A2 B0 92 09	じょさんふの しかくをもっています	Есть диплом акушерки.	26	4	Есть диплом акушерки.	21
D1072	05	0B4D6	0B4E6	6		E1 EC DB C1 CC 0A	メヲフイスです	Мемфис.	26	4	Мемфис.	7
D1073	05	0B4DD	0B4ED	8		9C AE 91 95 80 A7 08 97	べつにありませんね	Ничего особого.	26	4	Ничего особого.	15
D1074	05	0B4E6	0B4F6	46		89 AD 94 89 93 95 94 B0 92 8B 9E B0 92 BF 8F AE AD 94 8A 9E A2 FF 93 AE A9 9D 93 AE FF 89 89 AA AC 81 8F A1 92 81 A6 B0 8B B1 A8 89 93 85	こんなことになってしまって。だんなさまも どれほど こころをいためていらっしゃることか	Какая беда.Хозяин очень страдает?	26	4	Какая беда.Хозяин очень | страдает?	33
D1075	05	0B517	0B527	38		84 AB 85 81 AD 8F AE 85 A6 FF 80 8F A6 8B 81 8B AE AD 8D 81 AC FF 80 A4 AD 92 AE 81 8F 8F AE 86 8F 81 93 84 A2 09	おわかいんだから あたらしいじんせいを あゆんでいただきたいとおもいます	Она молода.Пусть начнёт новую жизнь.	26	4	Она молода.Пусть начнёт | новую жизнь.	36
D1076	05	0B53E	0B54E	15		9E 8A 85 FF CB AE F1 D7 F0 D3 8A AD 85 AE 0D	まさか ジャネットさんが・・・	Неужели Джанет...	26	4	Неужели Джанет...	17
D1077	05	0B54E	0B55E	17		89 AE 8B B2 8B AE AD 99 FF A7 B0 99 AF 94 85 8F 0A	ごしゅじんは りっぱなかたです	Хозяин достойный человек.	26	4	Хозяин достойный человек.	25
D1078	05	0B560	0B570	19		8F AE AD 94 8A 9E 99 FF 99 AD 95 AD 92 AE 99 80 A7 08 BF	だんなさまは はんにんではありません。	Хозяин не убийца.	26	4	Хозяин не убийца.	17
D1079	05	0B574	0B584	46		DB E9 F0 D3 AE 8A 9E 99 FF 84 A2 81 A3 A7 98 80 A8 85 8F 0A BF 85 81 8B B1 A2 DB E9 F0 D3 AE 8A 9E 85 AE 91 88 AE 99 AE FF 80 AD 8B AD 0A	フレッドさまは おもいやりのあるかたです。かいしゃもフレッドさまがつげば あんしんです	Фред добрый.Если он возглавит фирму всё будет хорошо.	26	4	Фред добрый.Если он | возглавит фирму всё будет | хорошо.	53
D1080	05	0B5A3	0B5B3	19		DB E9 F0 D3 AE 8A 9E 99 FF 99 AD 95 AD 92 AE 99 80 A7 08	フレッドさまは はんにんではありません	Фред не убийца.	26	4	Фред не убийца.	15
D1081	05	0B5B7	0B5C7	37		84 A5 A1 95 81 85 A9 92 A2 FF 84 93 82 8A 9E A3 FF 84 95 81 8A 9E 8F 90 95 FF 89 89 AA AC 87 99 AE A6 A9 92 09	およめにいかれても おとうさまや おにいさまたちに こころをくばられています	Даже после свадьбы Кейт заботится об отце и братьях.	26	4	Даже после свадьбы Кейт | заботится об отце и | братьях.	52
D1082	05	0B5DF	0B5EF	21		88 81 99 87 94 FF 85 AD 8B AE 92 AE 8B AD A5 82 92 AE 86 08 97	けいはくな かんじでしんようできませんね	Легкомысленный тип.Я ему не верю.	26	4	Легкомысленный тип.Я ему | не верю.	33
D1083	05	0B5F5	0B605	13		80 98 9A 93 94 A6 FF A3 A7 85 97 08 97	あのひとなら やりかねませんね	От него можно ожидать.	26	4	От него можно ожидать.	22
D1084	05	0B603	0B613	36		C8 C1 D3 8A AD A2 FF 87 AA 82 0A A5 BF FF 80 98 AB 85 AE 9E 9E 94 9A 93 93 FF 87 A6 8B 92 81 A8 AD 0A 85 A6	ケイトさんも くろうですよ。 あのわがままなひとと くらしているんですから	Кейт тяжело.Она живёт с таким эгоистом.	26	4	Кейт тяжело.Она живёт с | таким эгоистом.	39
D1085	05	0B62A	0B63A	47		8F AE A9 85 98 A5 82 95 FF 84 AD 94 80 8E 9A AE 99 8B 08 85 AE FF 84 85 80 8A AD 98 81 82 89 93 8F AE 88 AC 86 87 FF 8F A5 A7 94 81 9A 93 0A	だれかのように おんなあそびはしませんが おかあさんのいうことだけをきく たよりないひとです	Он не бабник,но слушает только мать.Ненадёжный человек.	26	4	Он не бабник,но слушает | только мать.Ненадёжный | человек.	55
D1086	05	0B65C	0B66C	12		99 94 8B AC 8B 8F 89 93 99 80 A7 08	はなしをしたことはありません	Не разговаривала.	26	4	Не разговаривала.	17
D1087	05	0B669	0B679	15		80 98 9A 93 85 AE FF 99 AD 95 AD 94 98 0A 85	あのひとが はんにんなのですか	Он убийца?	26	4	Он убийца?	10
D1088	05	0B679	0B689	15		9A AD 98 81 81 FF 8C 92 86 94 84 87 8A 9E 0A	ひんのいい すてきなおくさまです	Прекрасная благородная женщина.	26	4	Прекрасная благородная | женщина.	31
D1089	05	0B68B	0B69B	20		80 98 85 8F 99 FF 0B 8A AD 98 89 93 AC 86 A6 B0 92 81 0C A5	あのかたは ビルさんのことをきらっていましたよ	Она не любила Билла.	26	4	Она не любила Билла.	20
D1090	05	0B6A2	0B6B2	41		E9 EC D2 AE E8 8D AD 8D 81 99 EA DA AE EC CC AE 88 98 8B B2 8B AE 81 0A BF 9A AE B3 82 81 AD 99 FF EE 90 87 95 80 A7 9E 8C	レヲデルせんせいはロビヲズけのしゅじいです。びょういんは Bちくにあります	Доктор Ренделл семейный врач Роббинсов.Клиника в районе B.	26	4	Доктор Ренделл семейный | врач Роббинсов.Клиника в | районе B.	58
D1091	05	0B6CC	0B6DC	15		8D AD 8D 81 85 AE FF 94 95 85 8B 8F 98 0A 85	せんせいが なにかしたのですか	Доктор что-то сделал?	26	4	Доктор что-то сделал?	21
D1092	05	0B6DC	0B6EC	62		CC FC CB AE FC 99 FF 81 81 A0 8C A1 8A AD 93 99 FF 81 81 95 87 81 93 89 AA 85 AE FF 80 A7 9E 8B 92 97 BF 8F AE A9 93 92 AE A2 FF 8C 87 AE FF 8B 8F 8B 87 94 B0 92 8B 9E 82 9A 93 0A 85 A6	スージーは いいむすめさんとは いいにくいところが ありましてね。だれとでも すぐ したしくなってしまうひとですから	Сьюзи трудно назвать хорошей девушкой.Она быстро сближается с любым.	26	4	Сьюзи трудно назвать | хорошей девушкой.Она | быстро сближается с любым.	68
D1093	05	0B722	0B732	64		AB 85 AE 9E 9E 94 0B 8A AD 98 A2 93 92 AE FF A5 87 99 8F A6 81 92 9E 8C A5 BF FF 81 A2 82 93 8A AD 85 AE FF 8B AD 8F AE 98 A2 FF 8F AE A9 98 8D 81 85 FF 8B B0 92 81 A8 AD 92 AE 8B B3 82 85 97	わがままなビルさんのもとで よくはたらいてますよ。 いもうとさんが しんだのも だれのせいか しっているんでしょうかね	Она хорошо работает на капризного Билла.Знает ли кто виноват в смерти её сестры?	26	4	Она хорошо работает на | капризного Билла.Знает ли | кто виноват в смерти её | сестры?	80
D1094	05	0B76D	0B77D	15		8F AE AD 94 8A 9E 98 89 AE A4 82 8B AE AD 0A	だんなさまのごゆうじんです	Друг хозяина.	26	4	Друг хозяина.	13
D1095	05	0B784	0B794	28		8E 82 81 82 94 9E 83 98 9A 93 94 A6 FF 8F AE AD 94 8A 9E AC 8F 8C AE 97 92 86 0C A5	そういうなまえのひとなら だんなさまをたずねてきましたよ	Человек с таким именем приходил к хозяину.	26	4	Человек с таким именем | приходил к хозяину.	42
D1096	05	0B7A3	0B7B3	57		8F AE AD 94 8A 9E 93 DB E9 F0 D3 AE 8A 9E 99 FF 84 92 AE 85 88 92 AE BF 07 99 FF 89 89 95 81 0C BF 84 9B 8F A7 93 A2 FF 97 8F 80 93 95 FF 85 83 B0 92 89 A6 A9 8F A5 82 0A	だんなさまとフレッドさまは おでかけで。わたしは ここにいました。おふたりとも ねたあとに かえってこられたようです	Хозяин и Фред ушли.Я была дома.Оба вернулись когда я уже спала.	26	4	Хозяин и Фред ушли.Я была | дома.Оба вернулись когда я | уже спала.	63
D1097	05	0B7DF	0B7EF	19		EA DA AE EC CC AE 88 93 99 FF 85 AD 88 81 94 81 89 93 0A	ロビヲズけとは かんけいないことです	Это не касается семьи Роббинсов.	26	4	Это не касается семьи | Роббинсов.	32
D1098	05	0B7F3	0B803	64		0D 8B AE 91 99 FF 8B AE 88 AD 98 99 AD 95 AD 99 FF 0B 8A AD 92 AE 99 94 81 85 93 81 82 FF 82 8F 85 AE 81 85 AE 80 B0 8F 98 0A BF 8F AE AD 94 8A 9E 85 AE 88 81 8A 91 95 92 AC 9E AB 8B 8F 98 0A	・・・じつは じけんのはんにんは ビルさんではないかという うたがいがあったのです。だんなさまがけいさつにてをまわしたのです	На деле Билла подозревали в том нападении.Хозяин через полицию всё замял.	26	4	На деле Билла подозревали | в том нападении.Хозяин | через полицию всё замял.	73
D1099	05	0B834	0B844	15		DB E9 F0 D3 AE 8A 9E 98 A2 98 92 AE 8B B3 82	フレッドさまのものでしょう	Наверно это Фреда.	26	4	Наверно это Фреда.	18
D1100	05	0B846	0B856	22		8F AE AD 94 8A 9E 98 84 9C A3 98 A2 98 99 FF 07 95 99 AB 85 A7 08	だんなさまのおへやのものは わたしにはわかりません	Что лежит в комнате хозяина я не знаю?	26	4	Что лежит в комнате | хозяина я не знаю?	38
D1101	05	0B85F	0B86F	61		B6 B4 8A 81 98 89 AA FF 88 B0 89 AD 8B 0C BF FF 92 AE A2 FF 84 B0 93 93 FF 89 93 AE A2 AC 9A AE B3 82 86 92 AE 94 87 8B 92 8B 9E 81 FF 8E A9 85 A6 FF 89 89 92 AE FF 99 8F A6 81 92 09	20さいのころ けっこんしました。 でも おっとと こどもをびょうきでなくしてしまい それから ここで はたらいています	В 20 лет вышла замуж.Муж и ребёнок умерли от болезни.С тех пор работаю здесь.	26	4	В 20 лет вышла замуж.Муж и | ребёнок умерли от | болезни.С тех пор работаю | здесь.	77
D1102	05	0B89F	0B8AF	11		9C AE 91 95 0D 94 95 A2 80 A7 08	べつに・・・なにもありません	Ничего.	26	4	Ничего.	7
D1103	05	0B8AB	0B8BB	29		07 99 94 95 A2 06 BF 0B 8A AD 99 EA DA AE EC CC AE 88 98 FF 89 AE 90 B3 82 94 AD 0A 0D	わたしはなにもしりません。ビルさんはロビヲズけの ごちょうなんです・・・	Я ничего не знаю.Билл старший сын Роббинсов...	26	4	Я ничего не знаю.Билл | старший сын Роббинсов...	46
D1104	05	0B8C9	0B8D9	20		89 98 9E 90 95 87 A8 9E 83 98 8B AE 88 AD 98 89 93 99 FF 06	このまちにくるまえのじけんのことは しりません	О событиях до моего приезда не знаю.	26	4	О событиях до моего | приезда не знаю.	36
D1105	05	0B8E0	0B8F0	16		84 99 94 8B 8C A8 A5 82 94 89 93 99 FF 80 A7 08	おはなしするようなことは ありません	Мне нечего рассказать.	26	4	Мне нечего рассказать.	22
D1106	05	0B8F1	0B901	48		BF BF 8F AE AD 94 8A 9E 85 AE FF B6 B4 97 AD 9E 83 FF 8E 82 81 82 80 91 9E A7 AC FF 8B B2 8A 81 94 8A B0 92 81 8F 93 81 82 89 93 AC 86 81 92 09	。。だんなさまが 20ねんまえ そういうあつまりを しゅさいなさっていたということをきいています	слышала,что хозяин 20 лет назад устраивал такие встречи.	26	4	слышала,что хозяин 20 лет | назад устраивал такие | встречи.	56
D1107	05	0B922	0B932	4		94 95 A2 06	なにもしりません	Не знаю.	26	4	Не знаю.	8
D1108	05	0B92D	0B93D	52		8B AE 88 AD 98 A5 A8 FF CB AE F1 D7 F0 D3 8A AD 95 FF 92 AE AD AB AC 8B 8F 98 0A 88 A9 93 AE FF 94 81 92 81 8F A5 82 94 89 83 92 AE FF 9C AD 92 AE 8B 8F A5	じけんのよる ジャネットさんに でんわをしたのですけれど ないていたようなこえで へんでしたよ	В ночь убийства я звонила Джанет.Голос был странный будто она плакала.	26	4	В ночь убийства я звонила | Джанет.Голос был странный | будто она плакала.	70
D1109	05	0B964	0B974	21		88 81 8A 91 98 95 AD 88 AE AD 95 FF A5 82 94 93 AE 94 81 0A A5	けいさつのにんげんに ようなどないですよ	Мне нечего сказать полиции.	26	4	Мне нечего сказать | полиции.	27
D1110	05	0B97A	0B98A	15		9E 8F AE FF 94 95 85 80 A8 93 81 82 AD 0A 85	まだ なにかあるというんですか	Ещё что-то?	26	4	Ещё что-то?	11
D1111	05	0B98A	0B99A	12		CC CF EC E7 FC BF D9 EB FC D3 AE 0A	スタヲリー。ハワードです	Стэнли Ховард.	26	4	Стэнли Ховард.	14
D1112	05	0B997	0B9A7	5		B7 B9 8A 81 0A	35さいです	35 лет.	26	4	35 лет.	7
D1113	05	0B99D	0B9AD	31		8B B3 82 8D 91 85 0A A5 BF F6 86 AE AD 85 AE 98 FF 99 92 F7 99 FF 89 92 AD 95 94 A7 9E 8C A5	しょうせつかですよ。「ぎんがの はて」は こてんになりますよ	Я писатель.Моя Граница Галактики станет классикой.	26	4	Я писатель.Моя Граница | Галактики станет | классикой.	50
D1114	05	0B9BD	0B9CD	5		EE 85 AE 8F 0A	Bがたです	Группа B.	26	4	Группа B.	9
D1115	05	0B9C3	0B9D3	13		86 9E 9E 94 FF 9A 93 A7 87 AE A6 8B 0A	きままな ひとりぐらしです	Живу один как хочу.	26	4	Живу один как хочу.	19
D1116	05	0B9D1	0B9E1	31		D3 AE E6 C1 DB AE 0A BF CC D3 E9 CC 85 81 8B B3 82 95 99 FF 89 A9 85 AE 81 90 99 AE AD 0A A5	ドライブです。ストレスかいしょうには これがいちばんですよ	Люблю ездить.Это снимает стресс.	26	4	Люблю ездить.Это снимает | стресс.	32
D1117	05	0B9F1	0BA01	22		88 AE AD 89 82 AC FF 8B A1 86 A7 95 FF 9E 95 80 AB 8D A8 89 93 0A	げんこうを しめきりに まにあわせることです	Главное сдавать рукописи в срок.	26	4	Главное сдавать рукописи в | срок.	32
D1118	05	0BA08	0BA18	56		D5 F2 FC E5 FC C7 98 8B B2 B0 8B AD 94 AD 0A BF FF 8B B3 82 8D 91 AC FF 85 87 8F A1 95 99 FF 81 94 85 85 AE 81 81 0A A5 BF B7 97 AD 9E 83 85 A6 89 89 95 8C AD 92 AE 09	ニューヨークのしゅっしんなんです。 しょうせつを かくためには いなかがいいですよ。3ねんまえからここにすんでいます	Я из Нью Йорка.Для писателя лучше тишина.Живу здесь 3 года.	26	4	Я из Нью Йорка.Для | писателя лучше тишина.Живу | здесь 3 года.	59
D1119	05	0BA41	0BA51	19		C0 E1 E7 C5 8A B0 85 86 B3 82 85 81 95 FF 99 81 B0 92 09	アメリカさっかきょうかいに はいっています	Член союза писателей.	26	4	Член союза писателей.	21
D1120	05	0BA55	0BA65	40		85 A9 93 99 FF D9 AF DB AE BF E7 D9 AE FC CA C1 D3 AE 92 AE FF 81 90 93 AE 99 94 8B AC 8B 0C 85 AE FF 8E A9 8F AE 88 0A	かれとは パブ。リバーサイドで いちどはなしをしましたが それだけです	Раз говорил с ним в Риверсайде.И всё.	26	4	Раз говорил с ним в | Риверсайде.И всё.	37
D1121	05	0BA85	0BA95	8		80 B0 8F 89 93 80 A7 08	あったことありません	Не встречал.	26	4	Не встречал.	12
D1122	05	0BA90	0BAA0	17		94 AD 93 AE 85 FF 80 B0 8F 89 93 85 AE 80 A7 9E 8C	なんどか あったことがあります	Встречал несколько раз.	26	4	Встречал несколько раз.	23
D1123	05	0BAA4	0BAB4	20		DA AE C5 AE FC CC AE BF CC D3 C0 FC 92 AE A5 87 80 09 A5 BF	ビガーズ。ストアーでよくあいますよ。	Часто вижу в магазине Биггерса.	26	4	Часто вижу в магазине | Биггерса.	31
D1124	05	0BAC0	0BAD0	29		9B AE AD 85 AE 87 92 86 92 AE 94 81 FF 84 AD 94 95 99 FF 86 B3 82 9F 85 AE 94 87 92 97	ぶんがくてきでない おんなには きょうみがなくてね	Женщины без тяги к литературе мне не интересны.	26	4	Женщины без тяги к | литературе мне не | интересны.	47
D1125	05	0BAE5	0BAF5	22		C0 D9 AF FC D3 AC FF 80 B0 8D AD 8B 8F FF 9B 93 AE 82 8A AD A3 0A	アパートを あっせんした ふどうさんやです	Это риелтор.Он нашёл мне квартиру.	26	4	Это риелтор.Он нашёл мне | квартиру.	34
D1126	05	0BB02	0BB12	10		99 94 8B 8F 89 93 A2 80 A7 08	はなしたこともありません	Не говорил с ним.	26	4	Не говорил с ним.	17
D1127	05	0BB13	0BB23	53		E9 EC D2 AE E8 81 81 AD 98 FF 85 AD 89 AE 9B 92 AE 8B B3 82 BF 85 98 8B AE B3 A1 80 92 92 AE 9A AE B3 82 81 AD 95 81 B0 92 A8 84 93 89 A2 FF 84 84 81 0A A5 BF	レヲデルいいんの かんごふでしょう。かのじょめあてでびょういんにいってるおとこも おおいですよ。	Медсестра Ренделла.Ради неё многие ходят в клинику.	26	4	Медсестра Ренделла.Ради | неё многие ходят в | клинику.	51
D1128	05	0BB54	0BB64	10		D9 AF DB AE 98 DE CC CF FC 0A	パブのマスターです	Хозяин паба.	26	4	Хозяин паба.	12
D1129	05	0BB61	0BB71	41		0B BF EA DA AE EC CC AE 99 FF 80 98 89 95 FF 86 85 AE 80 B0 8F AD 8B AE B1 94 81 0A 85 BF 81 91 A2 FF 86 AC 91 85 B0 92 0C	ビル。ロビヲズは あのこに きがあったんじゃないですか。いつも きをつかってました	Кажется Билл был к ней неравнодушен.Всегда заботился о ней.	26	4	Кажется Билл был к ней | неравнодушен.Всегда | заботился о ней.	59
D1130	05	0BB9B	0BBAB	32		D9 AF DB AE BF E7 D9 AE FC CA C1 D3 AE 92 AE 98 AD 8F AE 80 93 FF 9E B0 8C 87 AE FF 85 83 A7 0C	パブ。リバーサイドでのんだあと まっすぐ かえりました	Выпил в Риверсайде и сразу домой.	26	4	Выпил в Риверсайде и сразу | домой.	33
D1131	05	0BBBC	0BBCC	32		9D AD 93 0A A5 BF A5 B0 92 FF 97 92 8B 9E 81 0C BF FF 0B BF EA DA AE EC CC AE 98 89 93 99 FF 06	ほんとですよ。よって ねてしまいました。 ビル。ロビヲズのことは しりません	Правда.Я был пьян и уснул.О Билле ничего не знаю?	26	4	Правда.Я был пьян и | уснул.О Билле ничего не | знаю?	49
D1132	05	0BBDD	0BBED	29		91 FF 91 82 90 B3 82 87 AE A6 81 A2 B0 92 09 A5 BF 8E FF 8E A9 85 AE 93 AE 82 8B 0C FE	つ つうちょうぐらいもっていますよ。そ それがどうしました？	Счёт в банке?Есть.И что?	26	4	Счёт в банке?Есть.И что?	24
D1133	05	0BBFB	0BC0B	59		80 A8 FF 8B B2 B0 99 AF AD 8B B1 93 88 81 A3 87 92 AE 86 8F AD 0A A5 BF FF 8E A9 92 AE FF 85 97 85 AE 99 81 B0 8F AD 0A BF 9D FF 9D AD 93 0A A5 FF 8B AD 8B AE 92 87 8F AE 8A 81	ある しゅっぱんしゃとけいやくできたんですよ。 それで かねがはいったんです。ほ ほんとですよ しんじてください	Я получил деньги по договору с издателем.Это правда.Поверьте.	26	4	Я получил деньги по | договору с издателем.Это | правда.Поверьте.	61
D1134	05	0BC37	0BC47	6		D4 C1 DB FE 06 A5	ナイフ？しりませんよ	Нож?Не знаю.	26	4	Нож?Не знаю.	12
D1135	05	0BC40	0BC50	15		8E AD 94 8B AE 88 AD 85 AE 80 A7 0C 85 97 BF	そんなじけんがありましたかね。	Разве было такое дело?	26	4	Разве было такое дело?	22
D1136	05	0BC52	0BC62	17		87 FF 87 A8 9E 94 AD 92 0D 96 8C AD 92 AE 81 08 0D	く くるまなんて・・・ぬすんでいません・・・	Машину я не крал...	26	4	Машину я не крал...	19
D1137	05	0BC66	0BC76	58		84 99 8C AE 85 8B 81 99 94 8B 92 AE FF 91 9E 95 99 FF 95 88 AE A6 A9 9E 8B 92 97 BF FF 88 AE 81 8B AE B2 91 95 81 86 A8 07 93 99 FF 81 86 85 8F 85 AE 90 85 AE B0 8F AB 88 0A	おはずかしいはなしで つまには にげられましてね。 げいじゅつにいきるわたしとは いきかたがちがったわけです	Жена ушла от меня.Наши взгляды на жизнь не совпали.	26	4	Жена ушла от меня.Наши | взгляды на жизнь не | совпали.	51
D1138	05	0BCAD	0BCBD	11		81 83 FF 9C AE 91 95 80 A7 08 97	いえ べつにありませんね	Больше ничего.	26	4	Больше ничего.	14
D1139	05	0BCBB	0BCCB	11		9D 82 FF 88 81 8B AE 8A AD 0A 85	ほう けいじさんですか	Так вы детектив.	26	4	Так вы детектив.	16
D1140	05	0BCC7	0BCD7	17		94 95 85 84 86 86 95 94 A7 8F 81 89 93 92 AE A2 FE	なにかおききになりたいことでも？	Что хотите знать?	26	4	Что хотите знать?	17
D1141	05	0BCD9	0BCE9	13		CF AE D5 FC BF DA AE C5 AE FC CC AE 0A	ダニー。ビガーズです	Дэнни Биггерс.	26	4	Дэнни Биггерс.	14
D1142	05	0BCE7	0BCF7	5		BA B4 8A 81 0A	60さいです	60 лет.	26	4	60 лет.	7
D1143	05	0BCED	0BCFD	18		89 98 D3 AE E6 F0 C7 AE BF CC D3 C0 FC AC A3 B0 92 09	このドラッグ。ストアーをやっています	Держу эту аптеку.	26	4	Держу эту аптеку.	17
D1144	05	0BD00	0BD10	5		ED 85 AE 8F 0A	Aがたです	Группа A.	26	4	Группа A.	9
D1145	05	0BD06	0BD16	20		91 9E 93 FF A5 A1 95 8F AE 8B 8F A0 8C A1 85 AE 9A 93 A7 09	つまと よめにだしたむすめがひとりいます	Есть жена и взрослая дочь.	26	4	Есть жена и взрослая дочь.	26
D1146	05	0BD1B	0BD2B	35		91 A7 0A 94 BF E7 D9 AE D2 C1 BF E7 D9 AE FC 95 A5 87 81 86 9E 8C A5 BF FF 80 94 99 AE 85 AE 80 A8 AD 0A	つりですな。リバテイ。リバーによくいきますよ。 あなばがあるんです	Люблю рыбалку.Часто езжу на Либерти Ривер.Знаю хорошее место.	26	4	Люблю рыбалку.Часто езжу | на Либерти Ривер.Знаю | хорошее место.	61
D1147	05	0BD3F	0BD4F	50		8E 82 0A 94 FF 85 81 A2 98 95 87 A8 9A 93 8F 90 98 8D 81 85 91 85 AE FF 8E 89 99 85 93 94 87 FF 8E 82 8E AE 82 92 AE 86 A8 89 93 87 AE A6 81 0A 85 97	そうですな かいものにくるひとたちのせいかつが そこはかとなく そうぞうできることぐらいですかね	По покупкам людей можно многое понять об их жизни.	26	4	По покупкам людей можно | многое понять об их жизни.	50
D1148	05	0BD72	0BD82	10		89 98 9E 90 98 FF 82 9E A9 0A	このまちの うまれです	Родился здесь.	26	4	Родился здесь.	14
D1149	05	0BD7D	0BD8D	4		94 81 0A 94	ないですな	Нет.	26	4	Нет.	4
D1150	05	0BD82	0BD92	61		EA DA AE EC CC AE 88 98 90 B3 82 94 AD 92 AE 8B B3 82 BF 8B AE 9B AE AD 98 FF A7 83 86 95 94 A8 89 93 94 A6 FF 9D 85 98 9A 93 AC FF 86 AE 8D 81 95 8B 92 8B 9E 82 9A 93 92 AE 8B 8F 97	ロビヲズけのちょうなんでしょう。じぶんの りえきになることなら ほかのひとを ぎせいにしてしまうひとでしたね	Старший сын Роббинсов.Ради выгоды мог пожертвовать любым.	26	4	Старший сын Роббинсов.Ради | выгоды мог пожертвовать | любым.	57
D1151	05	0BDC2	0BDD2	31		AB 85 84 87 8A AD 99 FF 8B AD 89 AD 98 AB A7 95 FF 8A 9A AE 8B 8E 82 94 85 84 AC 8B 92 81 0C	わかおくさんは しんこんのわりに さびしそうなかおをしていました	Молодая миссис Роббинс даже после свадьбы выглядела одинокой.	26	4	Молодая миссис Роббинс | даже после свадьбы | выглядела одинокой.	61
D1152	05	0BDE4	0BDF4	65		07 93 EA DA AE EC CC AE 8A AD 99 FF D9 C1 CC C7 FC E8 92 AE 81 B0 8B B3 8F AE B0 8F 89 93 A2 80 A8 AD 0A A5 BF 80 98 89 AA 85 A6 FF 85 AD 9C AF 86 8B B2 86 AE 98 FF A4 82 93 82 8D 81 92 AE 8B 8F	わたしとロビヲズさんは ハイスクールでいっしょだったこともあるんですよ。あのころから かんぺきしゅぎの ゆうとうせいでした	Мы с Роббинсом учились вместе.Он и тогда был отличником и перфекционистом.	26	4	Мы с Роббинсом учились | вместе.Он и тогда был | отличником и | перфекционистом.	74
D1153	05	0BE2C	0BE3C	35		DD E8 D2 AE C1 EC C7 AE 98 84 87 8A AD 99 FF A5 87 81 A6 B0 8B B1 09 BF 85 AD 8B AE 98 81 81 85 8F 0A A5	ホルデイヲグのおくさんは よくいらっしゃいます。かんじのいいかたですよ	Миссис Холдинг часто приходит.Приятная женщина.	26	4	Миссис Холдинг часто | приходит.Приятная женщина.	47
D1154	05	0BE52	0BE62	17		FB FB C5 EC D9 AF D5 FC 98 8B B1 90 B3 82 8A AD 0A	HHカヲパニーのしゃちょうさんです	Президент HH.	26	4	Президент HH.	13
D1155	05	0BE66	0BE76	4		A5 87 06 97	よくしりませんね	Плохо знаю.	26	4	Плохо знаю.	11
D1156	05	0BE6D	0BE7D	16		C8 C1 D3 8A AD 98 89 AE 8B B2 8B AE AD 99 FF 06	ケイトさんのごしゅじんは しりません	Мужа Кейт не знаю.	26	4	Мужа Кейт не знаю.	18
D1157	05	0BE80	0BE90	12		80 B0 8F 89 93 99 94 81 93 84 A2 09	あったことはないとおもいます	Кажется не встречал.	26	4	Кажется не встречал.	20
D1158	05	0BE93	0BEA3	6		8B A6 94 81 0A 97	しらないですね	Не знаю.	26	4	Не знаю.	8
D1159	05	0BE9C	0BEAC	20		81 90 93 AE 9F 92 81 8F 8F AE 81 8F 89 93 85 AE 80 A7 9E 8C	いちどみていただいたことがあります	Однажды лечился у него.	26	4	Однажды лечился у него.	23
D1160	05	0BEB3	0BEC3	38		E9 EC D2 AE E8 81 81 AD 98 85 AD 89 AE 9B 8A AD 0A 97 BF FF 80 81 95 FF 94 A3 AD 92 AE 81 A8 85 84 AC 8B 92 09 A5	レヲデルいいんのかんごふさんですね。 あいに なやんでいるかおをしていますよ	Медсестра Ренделла.По лицу видно что мучается из-за любви.	26	4	Медсестра Ренделла.По лицу | видно что мучается из-за | любви.	58
D1161	05	0BEDC	0BEEC	20		EA DA AE EC CC AE 8A AD 98 93 89 AA 98 E1 C1 D3 AE 8A AD 0A	ロビヲズさんのところのメイドさんです	Горничная Роббинсов.	26	4	Горничная Роббинсов.	20
D1162	05	0BEF3	0BF03	5		8A 80 FF 06 94	さあ しりませんな	Не знаю.	26	4	Не знаю.	8
D1163	05	0BEFB	0BF0B	9		8E 82 81 82 9A 93 99 FF 06	そういうひとは しりません	Такого не знаю.	26	4	Такого не знаю.	15
D1164	05	0BF07	0BF17	10		8F AE A9 92 AE 8B B3 82 85 BF	だれでしょうか。	Кто это?	26	4	Кто это?	8
D1165	05	0BF14	0BF24	24		83 81 85 AE 85 AD 98 C4 FC D4 FC 0A A5 BF 99 94 8B 8F 89 93 99 80 A7 08	えいがかんのオーナーですよ。はなしたことはありません	Владелец театра.Мы не говорили.	26	4	Владелец театра.Мы не | говорили.	31
D1166	05	0BF2F	0BF3F	42		89 89 98 8A 86 95 8C AD 92 AE 81 A8 FF 8B B3 82 8D 91 85 0A BF 8A 81 86 AD FF A3 8F A6 93 85 97 9E AB A7 85 AE A5 8A 8E 82 0A	ここのさきにすんでいる しょうせつかです。さいきん やたらとかねまわりがよさそうです	Писатель живёт рядом.В последнее время у него вдруг появились деньги.	26	4	Писатель живёт рядом.В | последнее время у него | вдруг появились деньги.	69
D1167	05	0BF60	0BF70	28		BC 8B AE 95 FF 9F 8D AC 8B A1 92 FF 85 83 A7 0C BF BD 8B AE 95 99 FF 81 83 95 81 0C	8じに みせをしめて かえりました。9じには いえにいました	Закрыл магазин в 8.В 9 был дома.	26	4	Закрыл магазин в 8.В 9 был | дома.	32
D1168	05	0BF7F	0BF8F	52		8E 82 94 AD 0A FF 8B AE 88 AD 98 FF B6 FF B7 95 90 9E 83 98 89 93 0A BF FF 9E 8A 85 FF 96 8C 9E A9 8F D4 C1 DB 85 AE FF 91 85 AB A9 92 81 A8 AD 8B AE B1 FE	そうなんです じけんの 2 3にちまえのことです。 まさか ぬすまれたナイフが つかわれているんじゃ？	Да.За 2 или 3 дня до убийства.Неужели украденным ножом убили Билла?	26	4	Да.За 2 или 3 дня до | убийства.Неужели | украденным ножом убили | Билла?	67
D1169	05	0BFB6	0BFC6	27		81 B0 8F 81 FF 80 98 8F 81 86 AD 99 FF 93 AE 89 95 81 B0 8F AD 92 AE 8B B3 82 97	いったい あのたいきんは どこにいったんでしょうね	Куда делась та крупная сумма?	26	4	Куда делась та крупная | сумма?	29
D1170	06	0C000	0C010	25		9E A8 93 81 82 99 94 8B 92 AE 8B 8F BF B6 B4 97 AD 9E 83 98 99 94 8B 0A A5	まるというはなしでした。20ねんまえのはなしですよ	Говорили что он умер.Это было 20 лет назад.	26	4	Говорили что он умер.Это | было 20 лет назад.	43
D1171	06	0C01C	0C02C	34		80 98 A3 88 80 93 99 FF EA DA AE EC CC AE 8B B3 82 85 81 98 90 B2 82 8B B1 8B AE B3 82 95 94 B0 92 09	あのやけあとは ロビヲズしょうかいのちゅうしゃじょうになっています	На месте пожара теперь парковка Роббинсов.	26	4	На месте пожара теперь | парковка Роббинсов.	42
D1172	06	0C041	0C051	14		90 B1 81 AA 98 EB C9 AE EC 95 98 B0 92 09	ちゃいろのワゴヲにのっています	Езжу на коричневом фургоне.	26	4	Езжу на коричневом | фургоне.	27
D1173	06	0C05C	0C06C	18		9C AE 91 95 85 AB B0 8F 89 93 99 80 A7 08 92 AE 8B 8F	べつにかわったことはありませんでした	Ничего странного.	26	4	Ничего странного.	17
D1174	06	0C071	0C081	28		E7 DA AE EC C7 AE E8 FC E0 95 99 FF 9A 8A AE 8B 85 AE 9B A7 8E 8E 81 92 AE 81 8F BF	リビヲグルームには ひざしがふりそそいでいた。	Гостиную заливал солнечный свет.	26	4	Гостиную заливал солнечный | свет.	32
D1175	06	0C08E	0C09E	23		92 85 AE 85 A7 95 94 A8 A5 82 94 A2 98 99 94 81 A5 82 8F AE B0 8F BF	てがかりになるようなものはないようだった。	Похоже улик здесь нет.	26	4	Похоже улик здесь нет.	22
D1176	06	0C0AA	0C0BA	22		9C A3 98 94 85 99 FF 86 A9 81 95 85 8F 91 AE 88 A6 A9 92 81 8F BF	へやのなかは きれいにかたづけられていた。	Комната была идеально убрана.	26	4	Комната была идеально | убрана.	29
D1177	06	0C0C1	0C0D1	24		92 85 AE 85 A7 95 94 A7 8E 82 94 A2 98 99 FF 9F 91 85 A6 94 85 B0 8F BF	てがかりになりそうなものは みつからなかった。	Улик не найдено.	26	4	Улик не найдено.	16
D1178	06	0C0DA	0C0EA	35		05 99 FF DC AE F0 D3 AE 98 8B 8F 92 AE FF 86 AE AD 81 AA 95 9A 85 A8 C1 E3 E7 EC C7 AE AC 9F 91 88 8F BF	J.B.は ベッドのしたで ぎんいろにひかるイヤリヲグをみつけた。	J.B. нашёл под кроватью серебряную серьгу.	26	4	J.B. нашёл под кроватью | серебряную серьгу.	39
D1179	06	0C0FE	0C10E	21		05 99 FF C1 E3 E7 EC C7 AE AC DD AF C8 F0 D3 95 8B 9E B0 8F BF	J.B.は イヤリヲグをポケットにしまった。	J.B. взял серьгу.	26	4	J.B. взял серьгу.	14
D1180	06	0C114	0C124	38		0B BF EA DA AE EC CC AE 98 8B B3 8A 81 8F AE B0 8F BF 8B AE 88 AD 98 80 93 99 FF 8E 98 9E 9E 95 8B 92 80 B0 8F BF	ビル。ロビヲズのしょさいだった。じけんのあとは そのままにしてあった。	Кабинет Билла.После убийства здесь ничего не трогали.	26	4	Кабинет Билла.После | убийства здесь ничего не | трогали.	53
D1181	06	0C13B	0C14B	24		8B AE 88 AD 93 85 AD 88 81 80 A8 A2 98 99 FF 9F 91 85 A6 94 85 B0 8F BF	じけんとかんけいあるものは みつからなかった。	Ничего связанного с делом.	26	4	Ничего связанного с делом.	26
D1182	06	0C154	0C164	56		05 99 FF 9A 86 8F AE 8B 98 94 85 92 AE FF 80 A8 8B AE AD 9B AE 91 85 AE FF 0B BF EA DA AE EC CC AE 95 80 92 8F FF 8F 85 AE 87 98 8B B1 87 A5 82 8B B3 AC 9F 91 88 8F BF	J.B.は ひきだしのなかで あるじんぶつが ビル。ロビヲズにあてた たがくのしゃくようしょをみつけた。	В ящике J.B. нашёл расписку на крупную сумму выданную Биллу.	26	4	В ящике J.B. нашёл | расписку на крупную сумму | выданную Биллу.	57
D1183	06	0C18D	0C19D	14		05 99 FF 8E 98 85 9F 86 A9 AC 93 B0 8F BF	J.B.は そのかみきれをとった。	J.B. взял бумагу.	26	4	J.B. взял бумагу.	14
D1184	06	0C19C	0C1AC	20		C6 F0 D0 EC 99 86 A9 81 95 85 8F 8C AE 88 A6 A9 92 81 8F BF	キッチヲはきれいにかたずけられていた。	Кухня была чистой.	26	4	Кухня была чистой.	18
D1185	06	0C1B1	0C1C1	21		8F 94 98 94 85 85 A6 99 FF 94 95 A2 9F 91 85 A6 94 85 B0 8F BF	たなのなかからは なにもみつからなかった。	В шкафу ничего.	26	4	В шкафу ничего.	15
D1186	06	0C1C7	0C1D7	40		05 99 C6 F0 D0 EC 98 93 8F AE 94 85 A6 FF 86 B3 82 86 95 FF 8E 82 93 82 8C A8 FF 9D 8E 9F 98 D4 C1 DB AC 9F 91 88 8F BF	J.B.はキッチヲのとだなから きょうきに そうとうする ほそみのナイフをみつけた。	В кухонном шкафу J.B. нашёл тонкий нож похожий на орудие убийства.	26	4	В кухонном шкафу J.B. | нашёл тонкий нож похожий | на орудие убийства.	63
D1187	06	0C1F0	0C200	26		05 99 8E 98 D4 C1 DB AC 8B B3 82 89 9A AD 93 8B 92 FF 84 82 8B B2 82 8B 8F BF	J.B.はそのナイフをしょうこひんとして おうしゅうした。	J.B. изъял нож как улику.	26	4	J.B. изъял нож как улику.	22
D1188	06	0C20B	0C21B	32		9E 90 98 A1 81 8B 98 81 83 A6 8B 87 FF A7 B0 99 AF 94 FF 85 87 AE 85 AE 8E AA 83 92 80 B0 8F BF	まちのめいしのいえらしく りっぱな かぐがそろえてあった。	Дом известной семьи был обставлен дорогой мебелью.	26	4	Дом известной семьи был | обставлен дорогой мебелью.	50
D1189	06	0C22C	0C23C	19		92 85 AE 85 A7 93 94 A8 A5 82 94 A2 98 99 94 85 B0 8F BF	てがかりとなるようなものはなかった。	Улик не было.	26	4	Улик не было.	13
D1190	06	0C242	0C252	24		8E 89 99 EA DA AE EC CC AE 88 98 FF 93 82 8B B2 98 9C A3 8F AE B0 8F BF	そこはロビヲズけの とうしゅのへやだった。	Комната главы семьи Роббинсов.	26	4	Комната главы семьи | Роббинсов.	30
D1191	06	0C25B	0C26B	12		85 AB B0 8F A2 98 99 94 85 B0 8F BF	かわったものはなかった。	Ничего необычного.	26	4	Ничего необычного.	18
D1192	06	0C268	0C278	50		05 99 85 9C AE 95 85 88 92 80 A8 FF 85 AE 87 9B AE 90 98 80 81 8F AE 85 A6 FF B5 9E 81 98 8B AD 9B AE AD 98 86 A7 96 86 FF 86 8B AE AC 9F 91 88 8F BF	J.B.はかべにかけてある がくぶちのあいだから 1まいのしんぶんのきりぬき きじをみつけた。	За рамой на стене J.B. нашёл газетную вырезку.	26	4	За рамой на стене J.B. | нашёл газетную вырезку.	43
D1193	06	0C29B	0C2AB	37		89 98 86 8B AE 95 93 AE 82 81 82 81 9F FF 85 AE 80 A8 98 8F AE AA 82 85 0D 05 99 DD AF C8 F0 D3 95 81 A9 8F BF	このきじにどういういみ があるのだろうか・・・J.B.はポケットにいれた。	Что значит эта статья?J.B. взял её.	26	4	Что значит эта статья?J.B. | взял её.	32
D1194	06	0C2C1	0C2D1	37		C1 E6 CC D3 DD AF CC CF FC 93 DC AE F0 D3 AE 85 AE 80 A8 8F AE 88 98 FF CB EC DB AF E8 94 9C A3 8F AE B0 8F BF	イラストポスターとベッドがあるだけの シヲプルなへやだった。	Простая комната.Только постер и кровать.	26	4	Простая комната.Только | постер и кровать.	40
D1195	06	0C2E7	0C2F7	25		99 AD 8A AE 81 98 95 84 81 85 AE 8C A8 A5 82 94 A2 98 99 FF 94 85 B0 8F BF	はんざいのにおいがするようなものは なかった。	Ничего подозрительного.	26	4	Ничего подозрительного.	23
D1196	06	0C301	0C311	35		05 99 DC AE F0 D3 AE 98 9E 87 A6 A2 93 85 A6 FF 8F AE A9 85 95 80 92 8F FF 92 85 AE 9F AC 9F 91 88 8F BF	J.B.はベッドのまくらもとから だれかにあてた てがみをみつけた。	У кровати J.B. нашёл письмо кому-то.	26	4	У кровати J.B. нашёл | письмо кому-то.	33
D1197	06	0C325	0C335	17		05 99 92 85 AE 9F AC DD AF C8 F0 D3 95 81 A9 8F BF	J.B.はてがみをポケットにいれた。	J.B. взял письмо.	26	4	J.B. взял письмо.	14
D1198	06	0C337	0C347	19		E1 C1 D3 AE 98 9C A3 99 FF 8D 9E 81 9C A3 8F AE B0 8F BF	メイドのへやは せまいへやだった。	Комната горничной была тесной.	26	4	Комната горничной была | тесной.	30
D1199	06	0C34B	0C35B	23		8F 94 98 82 83 95 CF EA F0 D3 C5 FC D3 AE 85 AE 84 81 92 80 B0 8F BF	たなのうえにタロットカードがおいてあった。	На полке лежали карты Таро.	26	4	На полке лежали карты | Таро.	27
D1200	06	0C365	0C375	32		EA DA AE EC CC AE 88 98 C8 AE CC D3 E8 FC E0 98 FF 8E 82 8B AE 99 A4 86 93 93 AE 81 92 81 8F BF	ロビヲズけのゲストルームの そうじはゆきとどいていた。	Гостевая комната Роббинсов была чистой.	26	4	Гостевая комната Роббинсов | была чистой.	39
D1201	06	0C386	0C396	25		93 87 95 FF 92 85 AE 85 A7 93 94 A8 A2 98 99 FF 9F 80 8F A6 94 85 B0 8F BF	とくに てがかりとなるものは みあたらなかった。	Улик не видно.	26	4	Улик не видно.	14
D1202	06	0C3A2	0C3B2	12		9A AA 81 C6 F0 D0 EC 8F AE B0 8F BF	ひろいキッチヲだった。	Большая кухня.	26	4	Большая кухня.	14
D1203	06	0C3AF	0C3BF	20		86 B3 82 86 95 8E 82 93 82 8C A8 A2 98 99 FF 94 85 B0 8F BF	きょうきにそうとうするものは なかった。	Орудия убийства нет.	26	4	Орудия убийства нет.	20
D1204	06	0C3C6	0C3D6	11		9A AA 81 FF 81 9E 8F AE B0 8F BF	ひろい いまだった。	Большая гостиная.	26	4	Большая гостиная.	17
D1205	06	0C3D2	0C3E2	16		92 85 AE 85 A7 99 FF 9F 91 85 A6 94 85 B0 8F BF	てがかりは みつからなかった。	Улик нет.	26	4	Улик нет.	9
D1206	06	0C3E5	0C3F5	34		8B AD 8B 91 95 99 FF 99 92 AE 94 86 AD 98 85 8A AE A7 85 AE 80 A8 FF DC AE F0 D3 AE 85 AE 80 B0 8F BF	しんしつには はでなきんのかざりがある ベッドがあった。	В спальне стояла кровать с яркой золотой отделкой.	26	4	В спальне стояла кровать с | яркой золотой отделкой.	50
D1207	06	0C408	0C418	31		C7 EA CD AE F0 D3 98 94 85 95 99 FF 81 9E 98 93 89 AA FF 92 85 AE 85 A7 99 FF 94 85 B0 8F BF	クロゼットのなかには いまのところ てがかりは なかった。	В шкафу пока ничего.	26	4	В шкафу пока ничего.	20
D1208	06	0C42A	0C43A	34		DE C1 C7 9B 82 9B 98 9C A3 99 FF 84 90 91 81 8F FF 8B 8C AE 85 94 9B AD 81 86 98 9C A3 8F AE B0 8F BF	マイクふうふのへやは おちついた しずかなふんいきのへやだった。	Комната Майка и Кейт была спокойной и тихой.	26	4	Комната Майка и Кейт была | спокойной и тихой.	44
D1209	06	0C44D	0C45D	31		89 98 9C A3 85 A6 99 FF 99 AD 8A AE 81 95 85 AD 8C A8 A2 98 99 FF 9F 91 85 A6 94 85 B0 8F BF	このへやからは はんざいにかんするものは みつからなかった。	Ничего связанного с убийством.	26	4	Ничего связанного с | убийством.	30
D1210	06	0C46F	0C47F	26		8E 89 99 DC AE F0 D3 AE 85 AE FF B6 91 80 A8 8F AE 88 98 9C A3 8F AE B0 8F BF	そこはベッドが 2つあるだけのへやだった。	В комнате лишь две кровати.	26	4	В комнате лишь две | кровати.	27
D1211	06	0C48A	0C49A	28		9C A3 98 94 85 95 99 FF 92 85 AE 85 A7 95 94 A7 8E 82 94 A2 98 99 FF 94 85 B0 8F BF	へやのなかには てがかりになりそうなものは なかった。	Улик нет.	26	4	Улик нет.	9
D1212	06	0C4A7	0C4B7	39		05 99 FF DC AE F0 D3 AE C5 D9 AE FC 98 8B 8F 85 A6 FF 93 AE 89 85 98 85 81 8B B1 98 90 B3 82 9D AE AC 9F 91 88 8F BF	J.B.は ベッドカバーのしたから どこかのかいしゃのちょうぼをみつけた。	Под покрывалом J.B. нашёл бухгалтерскую книгу какой-то фирмы.	26	4	Под покрывалом J.B. нашёл | бухгалтерскую книгу | какой-то фирмы.	58
D1213	06	0C4CF	0C4DF	18		05 99 FF 90 B3 82 9D AE AC FF 84 82 8B B2 82 8B 8F BF	J.B.は ちょうぼを おうしゅうした。	J.B. взял книгу.	26	4	J.B. взял книгу.	13
D1214	06	0C4E2	0C4F2	44		C6 F0 D0 EC 92 AE 99 FF 80 9E 81 85 84 A7 85 AE 8B 92 81 8F BF D2 FC DB AE E8 95 99 FF 84 90 B1 98 A5 82 81 85 AE 8B 92 80 B0 8F BF	キッチヲでは あまいかおりがしていた。テーブルには おちゃのよういがしてあった。	На кухне пахло сладким.На столе был чай.	26	4	На кухне пахло сладким.На | столе был чай.	40
D1215	06	0C50F	0C51F	37		05 99 C6 F0 D0 EC AC 8E 82 8A 87 8B 8F 85 AE FF 92 85 AE 85 A7 95 94 A8 A2 98 99 FF 9F 91 85 A6 94 85 B0 8F BF	J.B.はキッチヲをそうさくしたが てがかりになるものは みつからなかった。	J.B. обыскал кухню,но улик не нашёл.	26	4	J.B. обыскал кухню,но улик | не нашёл.	33
D1216	06	0C537	0C547	23		82 88 91 88 99 FF 87 8C A7 87 8A 81 FF 95 84 81 85 AE 8B 92 81 8F BF	うけつけは くすりくさい においがしていた。	У стойки пахло лекарствами.	26	4	У стойки пахло | лекарствами.	27
D1217	06	0C54F	0C55F	23		8B AE 88 AD 95 85 AD 88 81 80 A7 8E 82 94 A2 98 99 FF 94 85 B0 8F BF	じけんにかんけいありそうなものは なかった。	Ничего связанного с делом.	26	4	Ничего связанного с делом.	26
D1218	06	0C569	0C579	15		8E 89 99 FF 8B AD 8A 91 8B 91 8F AE B0 8F BF	そこは しんさつしつだった。	Это кабинет врача.	26	4	Это кабинет врача.	18
D1219	06	0C579	0C589	26		89 89 95 99 FF 8B AE 88 AD 98 92 85 AE 85 A7 99 FF 94 81 A5 82 8F AE B0 8F BF	ここには じけんのてがかりは ないようだった。	Улик здесь нет.	26	4	Улик здесь нет.	15
D1220	06	0C596	0C5A6	24		9C A3 95 99 FF 9A AE B3 82 81 AD A5 82 DC AE F0 D3 AE 85 AE 80 B0 8F BF	へやには びょういんようベッドがあった。	В комнате стояла больничная кровать.	26	4	В комнате стояла | больничная кровать.	36
D1221	06	0C5AF	0C5BF	29		05 95 99 FF 92 85 AE 85 A7 95 94 A7 8E 82 94 A2 98 AC FF 9F 91 88 A6 A9 94 85 B0 8F BF	J.B.には てがかりになりそうなものを みつけられなかった。	J.B. не нашёл улик.	26	4	J.B. не нашёл улик.	16
D1222	06	0C5CD	0C5DD	30		DC AE F0 D3 AE 98 8B 8F 85 A6 FF DB AE EA EC D3 AE 98 DC C0 DA AF FC CC AC 9F 91 88 8F BF	ベッドのしたから ブロヲドのヘアピースをみつけた。	Под кроватью лежал светлый парик.	26	4	Под кроватью лежал светлый | парик.	33
D1223	06	0C5EC	0C5FC	18		05 99 FF DC C0 DA AF FC CC AC 84 82 8B B2 82 8B 8F BF	J.B.は ヘアピースをおうしゅうした。	J.B. взял парик.	26	4	J.B. взял парик.	13
D1224	06	0C5FF	0C60F	31		92 AE 9E 93 AE 85 A6 98 9A 85 A7 85 AE FF D2 FC DB AE E8 98 82 83 95 8A 8B 89 AD 92 AE 81 8F	でまどからのひかりが テーブルのうえにさしこんでいた	Свет из окна падал на стол.	26	4	Свет из окна падал на | стол.	27
D1225	06	0C61F	0C62F	28		89 98 9C A3 85 A6 99 FF 92 85 AE 85 A7 94 93 AE FF 9F 91 85 A7 8E 82 A2 94 85 B0 8F	このへやからは てがかりなど みつかりそうもなかった	Здесь улик не найти.	26	4	Здесь улик не найти.	20
D1226	06	0C63E	0C64E	50		E9 EC D2 AE E8 81 8B 98 9C A3 99 FF 9A AE 8B AE B2 91 9A AD 92 AE 81 B0 99 AF 81 8F AE B0 8F BF 85 9C AE 95 99 FF 83 85 AE 85 8A AE B0 92 80 B0 8F BF	レヲデルいしのへやは びじゅつひんでいっぱいだった。かべには えがかざってあった。	Комната доктора Ренделла полна искусства.На стенах картины.	26	4	Комната доктора Ренделла | полна искусства.На стенах | картины.	59
D1227	06	0C671	0C681	21		8E 82 8A 95 A3 87 8F AE 91 A2 98 99 94 81 A5 82 8F AE B0 8F BF	そうさにやくだつものはないようだった。	Для следствия ничего.	26	4	Для следствия ничего.	21
D1228	06	0C687	0C697	32		05 99 FF 91 87 83 98 9A 86 8F AE 8B 85 A6 FF 8B B2 8B AE B2 91 A5 82 98 E1 CC AC 9F 91 88 8F BF	J.B.は つくえのひきだしから しゅじゅつようのメスをみつけた。	В ящике стола J.B. нашёл хирургический скальпель.	26	4	В ящике стола J.B. нашёл | хирургический скальпель.	46
D1229	06	0C6A8	0C6B8	14		05 99 FF E1 CC AC 84 82 8B B2 82 8B 8F BF	J.B.は メスをおうしゅうした。	J.B. изъял скальпель.	26	4	J.B. изъял скальпель.	18
D1230	06	0C6B7	0C6C7	26		DC AE F0 D3 AE 98 82 83 95 99 FF 95 AD 86 AE B3 82 85 AE 84 85 A9 92 81 8F BF	ベッドのうえには にんぎょうがおかれていた。	На кровати лежала кукла.	26	4	На кровати лежала кукла.	24
D1231	06	0C6D2	0C6E2	23		8B AE 88 AD 98 92 85 AE 85 A7 99 9F 91 85 A7 8E 82 A2 94 85 B0 8F BF	じけんのてがかりはみつかりそうもなかった。	Улик не видно.	26	4	Улик не видно.	14
D1232	06	0C6EA	0C6FA	40		91 87 83 98 82 83 95 FF 8B B1 8B AD 8F 92 85 AE 84 81 92 80 B0 8F BF 05 99 8E 98 8B B1 8B AD 85 AE FF 86 95 94 B0 8F BF	つくえのうえに しゃしんたてがおいてあった。J.B.はそのしゃしんが きになった。	На столе стояло фото.J.B. заинтересовался им.	26	4	На столе стояло фото.J.B. | заинтересовался им.	42
D1233	06	0C713	0C723	21		05 99 FF 8E 98 8B B1 8B AD AC DD AF C8 F0 D3 95 8B 9E B0 8F BF	J.B.は そのしゃしんをポケットにしまった。	J.B. взял фотографию.	26	4	J.B. взял фотографию.	18
D1234	06	0C729	0C739	31		9A 93 A7 87 A6 8B 98 84 93 89 98 9C A3 95 8B 92 99 FF 86 A9 81 95 85 8F 91 AE 81 92 81 8F BF	ひとりくらしのおとこのへやにしては きれいにかたづいていた。	Для одинокого мужчины комната была очень чистой.	26	4	Для одинокого мужчины | комната была очень чистой.	48
D1235	06	0C749	0C759	55		D2 E9 DA AE A3 DA AE D2 AE C4 99 FF 85 B0 8F 99 AE 85 A7 98 A5 82 8F AE B0 8F BF FF 9C A3 98 94 85 95 99 FF 8B AE 88 AD 93 85 AD 88 81 80 A8 A2 98 99 94 85 B0 8F BF	テレビやビデオは かったばかりのようだった。 へやのなかには じけんとかんけいあるものはなかった。	Телевизор и видео были новыми.Улик не было.	26	4	Телевизор и видео были | новыми.Улик не было.	43
D1236	06	0C783	0C793	38		91 87 83 95 99 CF C1 DB AF E6 C1 CF FC 85 AE 84 85 A9 FF 88 AE AD 89 82 85 AE FF A3 9E 91 AE 9F 8A A9 92 81 8F BF	つくえにはタイプライターがおかれ げんこうが やまづみされていた。	На столе машинка и груды рукописей.	26	4	На столе машинка и груды | рукописей.	35
D1237	06	0C7AA	0C7BA	37		91 87 83 98 9A 86 8F AE 8B 95 99 FF 8B AE 88 AD 98 92 85 AE 85 A7 93 94 A8 A5 82 94 A2 98 99 FF 94 85 B0 8F BF	つくえのひきだしには じけんのてがかりとなるようなものは なかった。	В ящике стола улик нет.	26	4	В ящике стола улик нет.	23
D1238	06	0C7D0	0C7E0	38		05 99 FF 9D AD 8F AE 94 AC 8B A6 9C AE 8F BF 8C A8 93 FF 86 AE AD 89 82 98 91 82 90 B3 82 85 AE 92 AE 92 86 8F BF	J.B.は ほんだなをしらべた。すると ぎんこうのつうちょうがでてきた。	В книжном шкафу.J.B. нашёл банковскую книжку.	26	4	В книжном шкафу.J.B. нашёл | банковскую книжку.	42
D1239	06	0C7F7	0C807	15		05 99 8E 98 FF 91 82 90 B3 82 AC 93 B0 8F BF	J.B.はその つうちょうをとった。	J.B. взял книжку.	26	4	J.B. взял книжку.	14
D1240	06	0C811	0C821	20		89 89 95 99 FF 9D 85 95 FF 9A 93 99 81 94 81 A5 82 8F AE BF	ここには ほかに ひとはいないようだ。	Больше здесь никого.	26	4	Больше здесь никого.	20
D1241	06	0C826	0C836	16		A5 AD 8F AE 9A 93 99 FF 05 98 9E 83 95 81 8F BF	よんだひとは J.B.のまえにいた。	Вызванный человек стоял перед J.B.	26	4	Вызванный человек стоял | перед J.B.	31
D1242	06	0C837	0C847	34		05 99 9E 8F AE FF 89 98 81 83 98 FF 85 8F 87 8E 82 8A 87 98 FF 86 B3 85 AC 93 B0 92 81 94 85 B0 8F BF	J.B.はまだ このいえの かたくそうさくの きょかをとっていなかった。	J.B. ещё не получил ордер на обыск этого дома.	26	4	J.B. ещё не получил ордер | на обыск этого дома.	43
D1243	06	0C85A	0C86A	34		8E 82 8A 87 98 FF 86 B3 85 8B AE B3 82 AC 9F 8D A8 93 FF 8E 98 9A 93 99 8E 98 99 AE AC 99 94 A9 8F BF	そうさくの きょかじょうをみせると そのひとはそのばをはなれた。	Увидев ордер человек ушёл.	26	4	Увидев ордер человек ушёл.	26
D1244	06	0C87D	0C88D	37		89 89 92 AE 99 FF 89 A9 81 8B AE B3 82 FF 92 85 AE 85 A7 99 9F 91 85 A7 8E 82 A2 94 81 A5 82 95 84 A2 83 8F BF	ここでは これいじょう てがかりはみつかりそうもないようにおもえた。	Похоже здесь больше улик нет.	26	4	Похоже здесь больше улик | нет.	29
D1245	06	0C8A3	0C8B3	31		8B AE 88 AD 98 85 81 88 91 95 FF A3 87 8F AE 90 8E 82 94 A2 98 99 FF 94 95 A2 94 85 B0 8F BF	じけんのかいけつに やくだちそうなものは なにもなかった。	Ничего полезного для дела.	26	4	Ничего полезного для дела.	26
D1246	06	0C8C3	0C8D3	8		05 99 8E 89 95 81 8F BF	J.B.はそこにいた。	J.B. был здесь.	26	4	J.B. был здесь.	12
D1247	06	0C8CC	0C8DC	21		05 95 A5 99 AE A9 92 FF 81 83 98 9A 93 85 AE A3 B0 92 86 8F BF	J.B.によばれて いえのひとがやってきた。	На зов J.B. пришёл хозяин.	26	4	На зов J.B. пришёл хозяин.	23
D1248	06	0C8E2	0C8F2	30		05 85 AE 8E 82 8A AC 91 91 AE 88 A8 93 FF 8E 98 9A 93 99 FF 8E 98 99 AE AC 99 94 A9 8F BF	J.B.がそうさをつづけると そのひとは そのばをはなれた。	Когда J.B. продолжил обыск человек ушёл.	26	4	Когда J.B. продолжил обыск | человек ушёл.	37
D1249	06	0C901	0C911	20		05 95 A5 99 AE A9 92 FF 9D AD 95 AD 85 AE 80 A6 AB A9 8F BF	J.B.によばれて ほんにんがあらわれた。	На зов J.B. появился нужный человек.	26	4	На зов J.B. появился | нужный человек.	33
D1250	06	0C916	0C926	10		8F AE A9 A2 81 94 85 B0 8F BF	だれもいなかった。	Никого нет.	26	4	Никого нет.	11
D1251	06	0C921	0C931	12		05 99 8E 82 8A 95 92 AE 85 88 8F BF	J.B.はそうさにでかけた。	J.B. выехал на расследование.	26	4	J.B. выехал на | расследование.	26
D1252	06	0C92E	0C93E	19		8F 81 9D 8A A9 92 81 92 FF 8F AE A9 A2 81 94 85 B0 8F BF	たいほされていて だれもいなかった。	Все арестованы.Здесь никого.	26	4	Все арестованы.Здесь | никого.	28
D1253	06	0C942	0C952	25		05 99 FF 9A 85 AE 81 8B B1 98 91 9E 98 FF 8B AE B0 85 95 A3 B0 92 86 8F BF	J.B.は ひがいしゃのつまの じっかにやってきた。	J.B. приехал в дом родителей жены жертвы.	26	4	J.B. приехал в дом | родителей жены жертвы.	38
D1254	06	0C95C	0C96C	27		8B 8C AE 85 94 FF 89 82 85 AE 81 98 81 83 94 9F 85 AE FF 91 91 AE 81 92 81 8F BF	しずかな こうがいのいえなみが つづいていた。	Тихие пригородные дома.	26	4	Тихие пригородные дома.	23
D1255	06	0C978	0C988	14		05 99 C6 F1 E7 EC D3 EC 88 AC 92 AE 8F BF	J.B.はキャリヲトヲけをでた。	J.B. вышел из дома Кэррингтонов.	26	4	J.B. вышел из дома | Кэррингтонов.	29
D1256	06	0C987	0C997	12		88 81 8A 91 98 85 8F 92 AE 8B 8F 85	けいさつのかたでしたか	Вы из полиции?	26	4	Вы из полиции?	14
D1257	06	0C994	0C9A4	12		94 AD 98 89 AE A5 82 92 AE 8B B3 82	なんのごようでしょう	Что вам нужно?	26	4	Что вам нужно?	14
D1258	06	0C9A6	0C9B6	27		05 99 FF C5 AE CC E6 C1 D3 BF CB C0 CF FC 98 C4 FC D4 FC 98 81 83 95 91 81 8F BF	J.B.は ガスライト。シアターのオーナーのいえについた。	J.B. прибыл в дом владельца театра Гаслайт.	26	4	J.B. прибыл в дом | владельца театра Гаслайт.	40
D1259	06	0C9C2	0C9D2	14		9F 93 AE A7 85 AE 86 A9 81 8F AE B0 8F BF	みどりがきれいだった。	Вокруг зелень.	26	4	Вокруг зелень.	14
D1260	06	0C9D1	0C9E1	10		05 99 FF 81 83 AC 92 AE 8F BF	J.B.は いえをでた。	J.B. вышел из дома.	26	4	J.B. вышел из дома.	16
D1261	06	0C9DC	0C9EC	28		88 81 8A 91 98 95 AD 88 AE AD 85 BF FF AB 8B 95 A5 82 99 94 81 99 8C AE 8F AE 85 AE	けいさつのにんげんか。 わしにようはないはずだが	Полиция?Вам от меня ничего не нужно.	26	4	Полиция?Вам от меня ничего | не нужно.	36
D1262	06	0C9F9	0CA09	7		9E 8F FF 80 AD 8F 85	また あんたか	Опять вы.	26	4	Опять вы.	9
D1263	06	0CA06	0CA16	21		C0 D9 AF FC D3 98 9E 83 92 AE FF 05 99 8F 90 93 AE 9E B0 8F BF	アパートのまえで J.B.はたちどまった。	J.B. остановился у дома.	26	4	J.B. остановился у дома.	21
D1264	06	0CA1C	0CA2C	25		89 89 99 FF D9 C2 E7 EC D3 EC BF C5 E9 F0 CB AE 98 90 85 87 8F AE B0 8F BF	ここは ハウリヲトヲ。カレッジのちかくだった。	Это рядом с колледжем Хаулингтон.	26	4	Это рядом с колледжем | Хаулингтон.	33
D1265	06	0CA36	0CA46	17		05 99 CB C3 E7 FC 98 C0 D9 AF FC D3 AC 92 AE 8F BF	J.B.はシエリーのアパートをでた。	J.B. вышел из квартиры Шелли.	26	4	J.B. вышел из квартиры | Шелли.	26
D1266	06	0CA48	0CA58	18		93 AE 94 8F 0A 85 FE FF 83 B0 FF 88 81 8B AE 8A AD FE	どなたですか？ えっ けいじさん？	Кто там?Детектив?	26	4	Кто там?Детектив?	17
D1267	06	0CA5B	0CA6B	8		9E 8F AE FF 94 95 85 FE	まだ なにか？	Ещё что?	26	4	Ещё что?	8
D1268	06	0CA69	0CA79	12		05 99 FF 86 B3 82 85 81 95 86 8F BF	J.B.は きょうかいにきた。	J.B. пришёл в церковь.	26	4	J.B. пришёл в церковь.	19
D1269	06	0CA76	0CA86	9		8B 8C AE 85 8F AE B0 8F BF	しずかだった。	Было тихо.	26	4	Было тихо.	10
D1270	06	0CA80	0CA90	20		05 99 CD EC D3 D8 FC CC 86 B3 82 85 81 AC 80 93 95 8B 8F BF	J.B.はセヲトノースきょうかいをあとにした。	J.B. покинул церковь Сент Норт.	26	4	J.B. покинул церковь Сент | Норт.	28
D1271	06	0CA95	0CAA5	7		84 81 98 A7 0A 85 FE	おいのりですか？	Помолиться?	26	4	Помолиться?	11
D1272	06	0CA9D	0CAAD	10		9E 8F 81 A6 B0 8B B1 81 0C 97	またいらっしゃいましたね	Вы снова здесь.	26	4	Вы снова здесь.	15
D1273	06	0CAA8	0CAB8	21		A9 81 99 81 93 AE 82 98 94 85 99 FF 8B 8C AE 85 8F AE B0 8F BF	れいはいどうのなかは しずかだった。	В часовне было тихо.	26	4	В часовне было тихо.	20
D1274	06	0CAC2	0CAD2	18		05 99 FF 9D AE 90 98 81 A7 87 AE 90 9E 92 AE 86 8F BF	J.B.は ぼちのいりぐちまできた。	J.B. подошёл ко входу на кладбище.	26	4	J.B. подошёл ко входу на | кладбище.	31
D1275	06	0CAD5	0CAE5	16		91 A1 8F 81 FF 87 82 86 85 AE 9F 90 92 81 8F BF	つめたい くうきがみちていた。	Воздух был холодным.	26	4	Воздух был холодным.	20
D1276	06	0CAE6	0CAF6	21		05 99 FF 9D AE 90 98 81 A7 87 AE 90 95 A2 93 AE B0 92 86 8F BF	J.B.は ぼちのいりぐちにもどってきた。	J.B. вернулся ко входу на кладбище.	26	4	J.B. вернулся ко входу на | кладбище.	32
D1277	06	0CAFC	0CB0C	10		88 81 8A 91 98 9A 93 0A 85 FE	けいさつのひとですか？	Вы из полиции?	26	4	Вы из полиции?	14
D1278	06	0CB09	0CB19	18		9E AB A7 95 FF 8F 87 8A AD 98 99 85 85 AE 80 B0 8F BF	まわりに たくさんのはかがあった。	Вокруг было много могил.	26	4	Вокруг было много могил.	24
D1279	06	0CB20	0CB30	26		05 99 FF 88 AE AD 99 AE 98 FF D9 C2 E7 EC D3 EC BF C5 E9 F0 CB AE 95 86 8F BF	J.B.は げんばの ハウリヲトヲ。カレッジにきた。	J.B. прибыл в колледж Хаулингтон на место преступления.	26	4	J.B. прибыл в колледж | Хаулингтон на место | преступления.	52
D1280	06	0CB3B	0CB4B	19		C6 F1 EC D9 AF CC 99 FF 9A AA 87 82 91 87 8B 85 B0 8F BF	キャヲパスは ひろくうつくしかった。	Кампус был просторным и красивым.	26	4	Кампус был просторным и | красивым.	33
D1281	06	0CB4F	0CB5F	13		05 99 8F AE 81 85 AE 87 AC 92 AE 8F BF	J.B.はだいがくをでた。	J.B. вышел из колледжа.	26	4	J.B. вышел из колледжа.	20
D1282	06	0CB5D	0CB6D	21		88 81 8B AE 8A AD FF 8E 82 8A 0A 85 BF 89 AE 87 AA 82 8A 9E 0A	けいじさん そうさですか。ごくろうさまです	Детектив работаете?Удачи.	26	4	Детектив работаете?Удачи.	25
D1283	06	0CB75	0CB85	28		C6 F1 EC D9 AF CC 95 99 FF 8E 82 A7 91 8B B1 98 FF 8E AE 82 85 AE 8F B0 92 81 8F BF	キャヲパスには そうりつしゃの ぞうがたっていた。	В кампусе стояла статуя основателя.	26	4	В кампусе стояла статуя | основателя.	35
D1284	06	0CB96	0CBA6	30		05 99 FF EA DA AE EC CC AE 8B B3 82 85 81 98 FF 90 B2 82 8B B1 8B AE B3 82 95 FF 86 8F BF	J.B.は ロビヲズしょうかいの ちゅうしゃじょうに きた。	J.B. прибыл на парковку компании Роббинсов.	26	4	J.B. прибыл на парковку | компании Роббинсов.	40
D1285	06	0CBB5	0CBC5	19		94 AD 8F AE 81 85 FF 87 A8 9E 85 AE 93 9E B0 92 81 8F BF	なんだいか くるまがとまっていた。	Стояло несколько машин.	26	4	Стояло несколько машин.	23
D1286	06	0CBC9	0CBD9	9		05 99 8E 93 95 92 AE 8F BF	J.B.はそとにでた。	J.B. вышел.	26	4	J.B. вышел.	8
D1287	06	0CBD3	0CBE3	18		90 B2 82 8B B1 99 89 90 A6 92 AE 82 88 91 88 9E 8C A5	ちゅうしゃはこちらでうけつけますよ	Парковка оформляется здесь.	26	4	Парковка оформляется | здесь.	27
D1288	06	0CBE8	0CBF8	18		9A AA 81 FF 90 B2 82 8B B1 8B AE B3 82 8F AE B0 8F BF	ひろい ちゅうしゃじょうだった。	Большая парковка.	26	4	Большая парковка.	17
D1289	06	0CBFF	0CC0F	10		AB 8F 87 8B 95 FF 94 95 85 FE	わたくしに なにか？	Что вам?	26	4	Что вам?	8
D1290	06	0CC0A	0CC1A	8		94 AD 92 AE 8B B3 82 85	なんでしょうか	Что такое?	26	4	Что такое?	10
D1291	06	0CC13	0CC23	11		DE FC CA BF C6 F1 E7 EC D3 EC 0A	マーサ。キャリヲトヲです	Марта Кэррингтон.	26	4	Марта Кэррингтон.	17
D1292	06	0CC1F	0CC2F	5		B8 B9 8A 81 0A	45さいです	45 лет.	26	4	45 лет.	7
D1293	06	0CC25	0CC35	9		8B 89 AE 93 99 8B 92 81 08	しごとはしていません	Не работаю.	26	4	Не работаю.	11
D1294	06	0CC2F	0CC3F	5		ED 85 AE 8F 0A	Aがたです	Группа A.	26	4	Группа A.	9
D1295	06	0CC35	0CC45	27		84 B0 93 98 CB AE F3 FC 93 A0 8C 89 98 E6 E8 DB FF 8E 8B 92 CB AE F1 D7 F0 D3 0A	おっとのジョーとむすこのラルフ そしてジャネットです	Муж Джо,сын Ральф и Джанет.	26	4	Муж Джо,сын Ральф и | Джанет.	27
D1296	06	0CC51	0CC61	31		99 94 85 AE 8C 86 0A 98 BF 95 AB 95 99 FF 8F 87 8A AD 98 D9 AE E6 AC 8A 85 8D 92 84 A7 9E 8C	はながすきですの。にわには たくさんのバラをさかせております	Люблю цветы.В саду много роз.	26	4	Люблю цветы.В саду много | роз.	29
D1297	06	0CC71	0CC81	18		88 B0 89 AD 9E 83 99 FF 85 AD 89 AE 9B AC 8B 92 81 0C	けっこんまえは かんごふをしていました	До замужества была медсестрой.	26	4	До замужества была | медсестрой.	30
D1298	06	0CC84	0CC94	24		DD AE CC D3 EC 98 82 9E A9 0A BF 89 89 95 99 FF B9 97 AD 9E 83 85 A6 09	ボストヲのうまれです。ここには 5ねんまえからいます	Родилась в Бостоне.Живу здесь 5 лет.	26	4	Родилась в Бостоне.Живу | здесь 5 лет.	36
D1299	06	0CC9D	0CCAD	7		9C AE 91 95 80 A7 08	べつにありません	Ничего.	26	4	Ничего.	7
D1300	06	0CCA5	0CCB5	21		99 A3 87 FF 99 AD 95 AD 85 AE 91 85 9E A8 93 81 81 98 0A 85 AE	はやく はんにんがつかまるといいのですが	Надеюсь убийцу скоро поймают.	26	4	Надеюсь убийцу скоро | поймают.	29
D1301	06	0CCBD	0CCCD	33		8B AE 88 AD 81 A6 81 FF 85 83 B0 92 86 92 9E 8C 85 AE FF 9A AE B3 82 95 AD 98 A5 82 95 94 B0 92 09	じけんいらい かえってきてますが びょうにんのようになっています	После убийства Джанет вернулась домой.Она словно больна.	26	4	После убийства Джанет | вернулась домой.Она словно | больна.	56
D1302	06	0CCDF	0CCEF	26		CB AE F1 D7 F0 D3 85 AE 0B AC 89 AA 8B 8F 94 AD 92 FF 93 AD 92 AE A2 80 A7 08	ジャネットがビルをころしたなんて とんでもありません	Джанет не могла убить Билла.	26	4	Джанет не могла убить | Билла.	28
D1303	06	0CCFA	0CD0A	53		A7 B0 99 AF 94 85 8F 0A BF FF A0 8C 89 8A AD AC 94 87 8A A9 92 FF 8F 81 9C AD 94 98 95 FF CB AE F1 D7 F0 D3 9E 92 AE FF 86 91 AE 85 B0 92 87 8F AE 8A B0 92 09	りっぱなかたです。 むすこさんをなくされて たいへんなのに ジャネットまで きづかってくださっています	Эдвард прекрасный человек.Потерял сына,но заботится о Джанет.	26	4	Эдвард прекрасный | человек.Потерял сына,но | заботится о Джанет.	61
D1304	06	0CD30	0CD40	25		8B AE 91 98 90 90 85 AE FF 89 93 AE A2 AC 89 AA 8C 94 AD 92 FF 80 A7 83 08	じつのちちが こどもをころすなんて ありえません	Родной отец не убьёт сына.	26	4	Родной отец не убьёт сына.	26
D1305	06	0CD4A	0CD5A	9		0B 98 84 93 82 93 8A AD 0A	ビルのおとうとさんです	Младший брат Билла.	26	4	Младший брат Билла.	19
D1306	06	0CD54	0CD64	21		DB E9 F0 D3 AE 8A AD 85 AE FF 99 AD 95 AD 93 99 FF 84 A2 83 08	フレッドさんが はんにんとは おもえません	Не думаю,что Фред убийца.	26	4	Не думаю,что Фред убийца.	25
D1307	06	0CD6A	0CD7A	34		81 81 85 8F 0A BF CB AE F1 D7 F0 D3 98 88 B0 89 AD 98 93 86 A2 FF 8E 82 8F AE AD 95 98 B0 92 87 A9 0C	いいかたです。ジャネットのけっこんのときも そうだんにのってくれました	Хороший человек.Помогал нам при свадьбе Джанет.	26	4	Хороший человек.Помогал | нам при свадьбе Джанет.	47
D1308	06	0CD8F	0CD9F	16		80 9E A7 FF 84 80 81 8B 92 94 81 98 92 AE FF 06	あまり おあいしてないので しりません	Редко встречала.Не знаю.	26	4	Редко встречала.Не знаю.	24
D1309	06	0CDA0	0CDB0	14		80 98 85 8F 85 AE FF 99 AD 95 AD 0A 85 FE	あのかたが はんにんですか？	Он убийца?	26	4	Он убийца?	10
D1310	06	0CDAF	0CDBF	33		F6 80 97 A2 97 C7 E6 DB AE F7 9C FF 95 B2 82 85 81 AC 8C 8C A1 A6 A9 0C 85 AE 84 89 93 AB A7 8B 0C	「あねもねクラブ」へ にゅうかいをすすめられましたがおことわりしました	Мне предлагали вступить в клуб Анемона.Я отказалась.	26	4	Мне предлагали вступить в | клуб Анемона.Я отказалась.	52
D1311	06	0CDD3	0CDE3	10		99 94 8B 8F 89 93 A2 80 A7 08	はなしたこともありません	Не говорила с ним.	26	4	Не говорила с ним.	18
D1312	06	0CDE0	0CDF0	40		8B 89 AE 93 95 81 B0 92 09 BF FF ED 90 87 92 AE FF DD FC E0 C3 CC D2 C1 D3 93 81 82 FF 9B 93 AE 82 8A AD A3 AC 8B 92 09	しごとにいっています。 Aちくで ホームエステイトという ふどうさんやをしています	На работе.В районе A у него агентство недвижимости Хоум Эстейт.	26	4	На работе.В районе A у | него агентство | недвижимости Хоум Эстейт.	63
D1313	06	0CE09	0CE19	17		8B B2 8B AE AD 99 0D 99 AD 95 AD 92 AE 99 80 A7 08	しゅじんは・・・はんにんではありません	Муж не убийца.	26	4	Муж не убийца.	14
D1314	06	0CE20	0CE30	52		D9 C2 E7 EC D3 EC 8F AE 81 85 AE 87 95 85 A5 B0 92 09 BF 81 83 95 81 92 A2 FF 9C A3 95 93 8B AE 89 A2 B0 92 BF FF 94 95 AC 85 AD 85 AE 83 92 81 A8 98 85 0D	ハウリヲトヲだいがくにかよっています。いえにいても へやにとじこもって。 なにをかんがえているのか・・・	Учится в колледже Хаулингтон.Дома сидит в комнате.Не знаю,что у него на уме...	26	4	Учится в колледже | Хаулингтон.Дома сидит в | комнате.Не знаю,что у него | на уме...	78
D1315	06	0CE55	0CE65	12		E6 E8 DB 99 FF 94 95 A2 8B 92 81 08	ラルフは なにもしていません	Ральф ничего не сделал.	26	4	Ральф ничего не сделал.	23
D1316	06	0CE62	0CE72	6		8E AE AD 8B AE 08	ぞんじません	Не знаю.	26	4	Не знаю.	8
D1317	06	0CE6F	0CE7F	46		CB AE F1 D7 F0 D3 85 AE FF 84 8D AB 95 94 A7 0C BF EA DA AE EC CC AE 88 98 8B 86 8F A7 94 93 AE FF 84 8B 83 92 87 8F AE 8A B0 8F A5 82 0A	ジャネットが おせわになりました。ロビヲズけのしきたりなど おしえてくださったようです	Она помогала Джанет.Учила обычаям семьи Роббинсов.	26	4	Она помогала Джанет.Учила | обычаям семьи Роббинсов.	50
D1318	06	0CEA0	0CEB0	8		80 B0 8F 89 93 80 A7 08	あったことありません	Не встречала.	26	4	Не встречала.	13
D1319	06	0CEB7	0CEC7	7		8E AD 94 9A 93 99 06	そんなひとはしりません	Такого не знаю.	26	4	Такого не знаю.	15
D1320	06	0CEC6	0CED6	20		8B AE 91 99 FF 8F 8C AE 97 92 86 8F 89 93 85 AE 80 A7 9E 8C	じつは たずねてきたことがあります	Вообще то он приходил.	26	4	Вообще то он приходил.	22
D1321	06	0CEDB	0CEEB	30		81 83 95 84 A7 0C BF 8B B2 8B AE AD 99 FF B5 B5 8B AE 99 AD 89 AE AA A2 93 AE B0 92 86 0C	いえにおりました。しゅじんは 11じはんごろもどってきました	Я была дома.Муж вернулся около 11 30.	26	4	Я была дома.Муж вернулся | около 11 30.	37
D1322	06	0CEFA	0CF0A	9		8C AE B0 93 81 83 95 81 0C	ずっといえにいました	Всё время была дома.	26	4	Всё время была дома.	20
D1323	06	0CF08	0CF18	12		DA AF CC D3 E8 99 FF 84 81 92 81 08	ピストルは おいていません	Пистолета нет.	26	4	Пистолета нет.	14
D1324	06	0CF17	0CF27	17		06 AB BF C9 EC CF C7 D3 94 AD 92 8B 92 81 08 A2 98	しりませんわ。コヲタクトなんてしていませんもの	Не знаю.Я не ношу линзы.	26	4	Не знаю.Я не ношу линзы.	24
D1325	06	0CF2B	0CF3B	34		07 8F 90 FF 8A 81 89 AD 94 AD 0A BF FF CB AE F3 FC 93 99 FF B5 B4 97 AD 9E 83 95 FF 88 B0 89 AD 8B 0C	わたしたち さいこんなんです。 ジョーとは 10ねんまえに けっこんしました	Это наш второй брак.Мы с Джо поженились 10 лет назад.	26	4	Это наш второй брак.Мы с | Джо поженились 10 лет | назад.	53
D1326	06	0CF4E	0CF5E	23		9E 83 98 84 B0 93 99 FF 89 98 9E 90 95 81 8F 89 93 85 AE 80 A7 9E 8C	まえのおっとは このまちにいたことがあります	Мой первый муж жил в этом городе.	26	4	Мой первый муж жил в этом | городе.	33
D1327	06	0CF66	0CF76	26		DD E8 D2 AE C1 EC C7 AE 98 84 87 8A 9E 98 FF 8B AE 8D AE AD 8F AE AD 8F 81 0A	ホルデイヲグのおくさまの じぜんだんたいです	Благотворительный клуб миссис Холдинг.	26	4	Благотворительный клуб | миссис Холдинг.	38
D1328	06	0CF83	0CF93	23		B6 B4 97 AD 9E 83 99 FF 89 89 95 81 08 92 AE 8B 8F 98 92 AE FF 06 0D	20ねんまえは ここにいませんでしたので しりません・・・	20 лет назад меня здесь не было...	26	4	20 лет назад меня здесь не | было...	34
D1329	06	0CF9B	0CFAB	24		9E 83 98 84 B0 93 99 FF E7 D9 AE D2 C1 D9 AE EC C7 95 91 93 A1 92 81 0C	まえのおっとは リバテイバヲクにつとめていました	Первый муж работал в Либерти Банк.	26	4	Первый муж работал в | Либерти Банк.	34
D1330	06	0CFB4	0CFC4	9		94 95 A2 AB 85 A7 08 85 AE	なにもわかりませんが	Ничего не знаю.	26	4	Ничего не знаю.	15
D1331	06	0CFBE	0CFCE	23		84 B0 93 99 E9 F0 D3 AE CF C1 C7 E6 DB AE 98 85 81 81 AD 92 AE 8B 8F	おっとはレッドタイクラブのかいいんでした	Муж был членом Ред Тай Клуб.	26	4	Муж был членом Ред Тай | Клуб.	28
D1332	06	0CFD6	0CFE6	14		0D 85 AD 88 81 98 94 81 FF 8B AE 88 AD 0A	・・・かんけいのない じけんです	Это другое дело.	26	4	Это другое дело.	16
D1333	06	0CFE5	0CFF5	22		BF BF 8B AD 8F AE 84 B0 93 99 FF DC EC E7 FC BF C7 E9 C1 EC 0A 0D	。。しんだおっとは ヘヲリー。クレイヲです・・・	Мой покойный муж Генри Клейн...	26	4	Мой покойный муж Генри | Клейн...	31
D1334	06	0D000	0D010	6		94 95 A2 80 A7 08	なにもありません	Ничего.	26	4	Ничего.	7
D1335	06	0D009	0D019	22		94 AD 0A 85 FE FF 88 81 8A 91 98 85 8F 95 FF A5 82 99 80 A7 08 A5	なんですか？ けいさつのかたに ようはありませんよ	Что?Мне нечего сказать полиции?	26	4	Что?Мне нечего сказать | полиции?	31
D1336	06	0D020	0D030	7		9E 8F AE 94 95 85 FE	まだなにか？	Ещё что?	26	4	Ещё что?	8
D1337	06	0D028	0D038	11		E6 E8 DB BF C6 F1 E7 EC D3 EC 0A	ラルフ。キャリヲトヲです	Ральф Кэррингтон.	26	4	Ральф Кэррингтон.	17
D1338	06	0D034	0D044	5		B6 B5 8A 81 0A	21さいです	21 год.	26	4	21 год.	7
D1339	06	0D03A	0D04A	20		D9 C2 E7 EC D3 EC 8F AE 81 85 AE 87 98 FF 85 AE 87 8D 81 0A	ハウリヲトヲだいがくの がくせいです	Студент колледжа Хаулингтон.	26	4	Студент колледжа | Хаулингтон.	28
D1340	06	0D04F	0D05F	6		ED EE 85 AE 8F 0A	ABがたです	Группа AB.	26	4	Группа AB.	10
D1341	06	0D056	0D066	19		A7 B3 82 8B AD 93 FF 88 B0 89 AD 8B 8F FF 80 97 85 AE 09	りょうしんと けっこんした あねがいます	Живу с родителями.Есть замужняя сестра.	26	4	Живу с родителями.Есть | замужняя сестра.	39
D1342	06	0D06A	0D07A	8		9D AD AC A5 A0 89 93 0A	ほんをよむことです	Люблю читать.	26	4	Люблю читать.	13
D1343	06	0D073	0D083	7		93 87 95 80 A7 08 97	とくにありませんね	Ничего особого.	26	4	Ничего особого.	15
D1344	06	0D07B	0D08B	9		DD AE CC D3 EC 82 9E A9 0A	ボストヲうまれです	Родился в Бостоне.	26	4	Родился в Бостоне.	18
D1345	06	0D085	0D095	33		8F AE 81 85 AE 87 92 AE FF 99 AD 8A AE 81 8B AD A7 88 AD 86 B2 82 C7 E6 DB AE 95 FF 99 81 B0 92 09	だいがくで はんざいしんりけんきゅうクラブに はいっています	В колледже я в клубе криминальной психологии.	26	4	В колледже я в клубе | криминальной психологии.	45
D1346	06	0D0A7	0D0B7	28		80 98 9A 93 99 FF 86 A6 81 92 AE 8B 8F BF 89 AA 8A A9 92 FF 9A AE B0 87 A7 8B 92 09	あのひとは きらいでした。ころされて びっくりしています	Я его не любил.Но убийство меня потрясло.	26	4	Я его не любил.Но убийство | меня потрясло.	41
D1347	06	0D0C6	0D0D6	44		CB F3 F0 C7 92 AE FF 9A AE B3 82 95 AD 98 A5 82 0A BF 8A 81 80 81 98 9A 93 85 AE FF 94 87 94 B0 8F 98 0A 85 A6 FF A0 A7 A2 80 A7 08	ショックで びょうにんのようです。さいあいのひとが なくなったのですから むりもありません	Джанет словно больна.Она потеряла любимого.	26	4	Джанет словно больна.Она | потеряла любимого.	43
D1348	06	0D0F3	0D103	18		CB AE F1 D7 F0 D3 99 FF 99 AD 95 AD 92 AE 99 80 A7 08	ジャネットは はんにんではありません	Джанет не убийца.	26	4	Джанет не убийца.	17
D1349	06	0D106	0D116	18		9E 93 A2 95 FF 99 94 8B 92 94 81 85 A6 FF AB 85 A7 08	まともに はなしてないから わかりません	Почти не говорил с ним.Не знаю.	26	4	Почти не говорил с ним.Не | знаю.	31
D1350	06	0D11B	0D12B	29		0B A5 A7 FF 9E 93 A2 FF 9F 8F 81 8F AE 88 A9 93 AE FF 82 8B AE 82 8B AE 8B 92 9E 8C 97	ビルより まとも みたいだけれど うじうじしてますね	Он лучше Билла,но слабак.	26	4	Он лучше Билла,но слабак.	25
D1351	06	0D139	0D149	8		91 85 9E B0 8F 98 0A 85	つかまったのですか	Его арестовали?	26	4	Его арестовали?	15
D1352	06	0D148	0D158	9		99 94 8B 8F 89 93 80 A7 08	はなしたことありません	Не говорил с ним.	26	4	Не говорил с ним.	17
D1353	06	0D154	0D164	9		99 94 8B 8F 89 93 80 A7 08	はなしたことありません	Не говорил с ним.	26	4	Не говорил с ним.	17
D1354	06	0D160	0D170	22		8F A5 A7 94 8A 8E 82 94 84 93 89 0A BF 99 94 8C 89 93 99 80 A7 08	たよりなさそうなおとこです。はなすことはありません	Ненадёжный тип.Мне нечего сказать.	26	4	Ненадёжный тип.Мне нечего | сказать.	34
D1355	06	0D179	0D189	22		9A 93 80 8F A7 99 A5 87 80 A7 08 85 AE FF 8E AD 88 81 8B 92 9E 8C	ひとあたりはよくありませんが そんけいしてます	Нелюдим,но я его уважаю.	26	4	Нелюдим,но я его уважаю.	24
D1356	06	0D192	0D1A2	37		99 99 84 A3 99 FF CB AE F1 D7 F0 D3 85 AE 93 AE 82 85 94 B0 92 8B 9E AB 94 81 85 93 FF 8B AD 99 AF 81 8B 92 09	ははおやは ジャネットがどうかなってしまわないかと しんぱいしています	Мама боится что с Джанет что-то случится.	26	4	Мама боится что с Джанет | что-то случится.	41
D1357	06	0D1C4	0D1D4	34		D9 AF DB AE BF E7 D9 AE FC CA C1 D3 AE 92 AE FF 0B 93 81 A8 93 89 AC FF 9F 8F 89 93 85 AE 80 A7 9E 8C	パブ。リバーサイドで ビルといるとこを みたことがあります	Видел его с Биллом в Риверсайде.	26	4	Видел его с Биллом в | Риверсайде.	32
D1358	06	0D1E9	0D1F9	36		E1 C1 D3 AE 99 0B AC 86 A6 B0 92 0C BF FF 80 98 9A 93 FF DB E9 F0 D3 AE AC 85 AB 81 85 AE B0 92 A8 8E 82 0A	メイドはビルをきらってました。 あのひと フレッドをかわいがってるそうです	Горничная не любила Билла.Говорят она любит Фреда как сына.	26	4	Горничная не любила | Билла.Говорят она любит | Фреда как сына.	59
D1359	06	0D210	0D220	12		0B 98 9A 8B B3 0A BF 81 81 9A 93 0A	ビルのひしょです。いいひとです	Секретарь Билла.Хорошая женщина.	26	4	Секретарь Билла.Хорошая | женщина.	32
D1360	06	0D21F	0D22F	10		D9 AF DB AE 98 DE CC CF FC 0A	パブのマスターです	Хозяин паба.	26	4	Хозяин паба.	12
D1361	06	0D22C	0D23C	24		E7 D9 AE FC CA C1 D3 AE 92 AE FF DA AF C0 D8 AC 9A 81 92 A8 9A 93 0A 97	リバーサイドで ピアノをひいてるひとですね	Пианистка из Риверсайда.	26	4	Пианистка из Риверсайда.	24
D1362	06	0D247	0D257	8		80 B0 8F 89 93 80 A7 08	あったことありません	Не встречал.	26	4	Не встречал.	12
D1363	06	0D25A	0D26A	23		93 A2 8F AE 90 98 93 89 AA 95 81 92 FF A5 94 85 95 85 83 B0 92 86 0C	ともだちのところにいて よなかにかえってきました	Был у друзей.Вернулся ночью.	26	4	Был у друзей.Вернулся | ночью.	28
D1364	06	0D272	0D282	41		D5 F0 C7 8F 90 93 99 FF B5 B4 8B AE 87 AE A6 81 95 AB 85 A9 0C BF 8E A9 85 A6 99 0D 8A AD 9D AF AC 8B 92 FF 85 83 A7 0C 0D	ニックたちとは 10じぐらいにわかれました。それからは・・・さんぽをして かえりました・・・	С Ником расстались около 10.Потом я гулял и вернулся...	26	4	С Ником расстались около | 10.Потом я гулял и | вернулся...	55
D1365	06	0D29C	0D2AC	12		9D 88 AD 98 89 93 99 FF 94 95 A2 06	ほけんのことは なにもしりません	О страховке ничего не знаю.	26	4	О страховке ничего не | знаю.	27
D1366	06	0D2AB	0D2BB	15		89 AE 8B AD A5 82 98 DA AF CC D3 E8 0A A5 BF	ごしんようのピストルですよ。	Пистолет для защиты.	26	4	Пистолет для защиты.	20
D1367	06	0D2BB	0D2CB	11		0D 99 94 8C 89 93 99 80 A7 08 0D	・・・はなすことはありません・・・	Не хочу говорить...	26	4	Не хочу говорить...	19
D1368	06	0D2C7	0D2D7	11		9D AE 87 98 8B AE B1 94 81 0A A5	ぼくのじゃないですよ	Не мой.	26	4	Не мой.	7
D1369	06	0D2D5	0D2E5	48		99 99 85 A6 FF 90 90 99 FF 9A AE B3 82 8B 8B 8F 93 86 81 92 09 BF 9D AE 87 99 81 9E 98 90 90 85 AE FF 9D AD 93 98 90 90 8F AE 93 84 A2 B0 92 09	ははから ちちは びょうししたときいています。ぼくはいまのちちが ほんとのちちだとおもっています	Мама сказала,что отец умер от болезни.Я считаю нынешнего отца родным.	26	4	Мама сказала,что отец умер | от болезни.Я считаю | нынешнего отца родным.	69
D1370	06	0D306	0D316	14		9E 83 98 90 90 99 FF 84 9D AE 83 92 81 08	まえのちちは おぼえていません	Первого отца не помню.	26	4	Первого отца не помню.	22
D1371	06	0D315	0D325	10		8E AD 94 8B AE 88 AD 99 FF 06	そんなじけんは しりません	О таком деле не знаю.	26	4	О таком деле не знаю.	21
D1372	06	0D322	0D332	17		87 A8 9E 99 80 A7 08 BF D9 AE C1 C7 95 98 B0 92 09	くるまはありません。バイクにのっています	Машины нет.Езжу на мотоцикле.	26	4	Машины нет.Езжу на | мотоцикле.	29
D1373	06	0D33E	0D34E	8		9C AE 91 95 FF 94 95 A2	べつに なにも	Ничего.	26	4	Ничего.	7
D1374	06	0D349	0D359	10		99 81 FF 94 AD 92 AE 8B B3 82	はい なんでしょう	Да.Что?	26	4	Да.Что?	7
D1375	06	0D354	0D364	25		86 9B AE AD 85 AE AB A8 81 98 92 AE FF 80 93 95 8B 92 81 8F 8F AE 88 08 FE	きぶんがわるいので あとにしていただけません？	Мне плохо.Можно позже?	26	4	Мне плохо.Можно позже?	22
D1376	06	0D36E	0D37E	14		CB C3 E7 FC BF DE C7 D3 AE D4 E8 D3 AE 0A	シエリー。マクドナルドです	Шелли Макдональд.	26	4	Шелли Макдональд.	17
D1377	06	0D37D	0D38D	5		B6 BC 8A 81 0A	28さいです	28 лет.	26	4	28 лет.	7
D1378	06	0D383	0D393	17		EA DA AE EC CC AE 8B B3 82 85 81 95 91 93 A1 92 09	ロビヲズしょうかいにつとめています	Работаю в компании Роббинсов.	26	4	Работаю в компании | Роббинсов.	29
D1379	06	0D395	0D3A5	5		BE 85 AE 8F 0A	Oがたです	Группа O.	26	4	Группа O.	9
D1380	06	0D39B	0D3AB	22		9A 93 A7 86 A7 0A BF FF 81 A2 82 93 85 AE 81 0C 85 AE FF 8B 95 0C	ひとりきりです。 いもうとがいましたが しにました	Живу одна.Была младшая сестра.Она умерла.	26	4	Живу одна.Была младшая | сестра.Она умерла.	41
D1381	06	0D3B2	0D3C2	16		93 86 93 AE 86 FF 8B B3 82 8D 91 AC 85 81 92 09	ときどき しょうせつをかいています	Иногда пишу рассказы.	26	4	Иногда пишу рассказы.	21
D1382	06	0D3C3	0D3D3	29		9A 8B B3 98 8B 85 87 AC A2 B0 92 09 BF CF C1 DB AF 93 8E B0 86 85 AE FF 92 AE 86 9E 8C	ひしょのしかくをもっています。タイプとそっきが できます	Я квалифицированный секретарь.Печатаю и знаю стенографию.	26	4	Я квалифицированный | секретарь.Печатаю и знаю | стенографию.	57
D1383	06	0D3E1	0D3F1	23		D5 F2 FC E5 FC C7 98 82 9E A9 0A BF B6 97 AD 9E 83 FF 89 89 95 86 0C	ニューヨークのうまれです。2ねんまえ ここにきました	Родилась в Нью Йорке.Приехала 2 года назад.	26	4	Родилась в Нью | Йорке.Приехала 2 года | назад.	43
D1384	06	0D3F9	0D409	40		9A 8B B3 98 87 9F 80 81 95 FF 99 81 B0 92 09 BF 8E A9 93 FF 8A B0 85 93 AE 82 89 82 85 81 95 FF 85 84 AC 8F AE 8B 9E 8C	ひしょのくみあいに はいっています。それと さっかどうこうかいに かおをだします	Член союза секретарей.Хожу и в кружок писателей.	26	4	Член союза секретарей.Хожу | и в кружок писателей.	48
D1385	06	0D422	0D432	43		8B B1 90 B3 82 85 AE 89 AA 8A A9 92 FF 9A AE B0 87 A7 8B 92 09 BF 99 A3 87 FF 99 AD 95 AD 85 AE 91 85 9E A8 93 81 81 98 0A 85 AE	しゃちょうがころされて びっくりしています。はやく はんにんがつかまるといいのですが	Убийство шефа потрясло меня.Надеюсь убийцу скоро поймают.	26	4	Убийство шефа потрясло | меня.Надеюсь убийцу скоро | поймают.	57
D1386	06	0D450	0D460	12		9D AD 93 95 FF 84 86 98 93 AE 87 0A	ほんとに おきのどくです	Очень жаль.	26	4	Очень жаль.	11
D1387	06	0D45D	0D46D	11		9E 8A 85 FF 80 98 9A 93 85 AE 0D	まさか あのひとが・・・	Неужели он...	26	4	Неужели он...	13
D1388	06	0D469	0D479	28		85 81 90 B3 82 99 FF 8B 89 AE 93 98 8F A1 95 99 FF 8B B2 8F AE AD 99 83 A6 9A AE 08	かいちょうは しごとのためには しゅだんはえらびません	Председатель ради дела не брезгует ничем.	26	4	Председатель ради дела не | брезгует ничем.	41
D1389	06	0D488	0D498	32		8B B1 90 B3 82 98 84 93 82 93 8A AD 0A BF 80 9E A7 FF 94 85 85 AE A5 87 94 85 B0 8F 9F 8F 81 0A	しゃちょうのおとうとさんです。あまり なかがよくなかったみたいです	Младший брат шефа.Похоже они не ладили.	26	4	Младший брат шефа.Похоже | они не ладили.	39
D1390	06	0D4AB	0D4BB	11		93 92 A2 A3 8A 8B 81 85 8F 0A 97	とてもやさしいかたですね	Очень добрый человек.	26	4	Очень добрый человек.	21
D1391	06	0D4B9	0D4C9	32		8B B1 90 B3 82 93 94 95 85 FF 8B 89 AE 93 98 89 93 92 AE FF 99 94 8B AC 8A A9 92 81 8F A5 82 0A	しゃちょうとなにか しごとのことで はなしをされていたようです	Кажется он говорил с шефом о работе.	26	4	Кажется он говорил с шефом | о работе.	36
D1392	06	0D4DC	0D4EC	12		84 99 94 8B 8B 8F 89 93 A2 80 A7 08	おはなししたこともありません	Не говорила с ним.	26	4	Не говорила с ним.	18
D1393	06	0D4EB	0D4FB	31		F6 DD EB C1 D3 BF DD FC C7 F7 C7 E6 DB AE 98 82 90 80 AB 8D 92 AE FF 93 86 93 AE 86 9F 83 0C	「ホワイト。ホーク」クラブのうちあわせで ときどきみえました	Иногда приходил на встречи клуба Уайт Хок.	26	4	Иногда приходил на встречи | клуба Уайт Хок.	42
D1394	06	0D50D	0D51D	13		84 80 81 8B 8F 89 93 99 80 A7 08 85 A6	おあいしたことはありませんから	Не встречала.	26	4	Не встречала.	13
D1395	06	0D523	0D533	21		CB AE F1 D7 F0 D3 8A AD 93 99 FF 9B 8F 89 AE 8F AE 8E 82 0A 97	ジャネットさんとは ふたごだそうですね	Говорят он близнец Джанет.	26	4	Говорят он близнец Джанет.	26
D1396	06	0D53B	0D54B	35		EA DA AE EC CC AE 88 98 FF 8B B2 8B AE 81 98 8D AD 8D 81 0A BF 85 81 90 B3 82 98 89 AE A4 82 8B AE AD 0A	ロビヲズけの しゅじいのせんせいです。かいちょうのごゆうじんです	Доктор семьи Роббинсов.Друг председателя.	26	4	Доктор семьи | Роббинсов.Друг | председателя.	41
D1397	06	0D567	0D577	15		EA DA AE EC CC AE 88 98 E1 C1 D3 AE 8A AD 0A	ロビヲズけのメイドさんです	Горничная Роббинсов.	26	4	Горничная Роббинсов.	20
D1398	06	0D586	0D596	34		85 81 90 B3 82 98 FF A4 82 8B AE AD 92 AE F6 C5 AE CC E6 C1 D3 BF CB C0 CF FC F7 98 FF C4 FC D4 FC 0A	かいちょうの ゆうじんで「ガスライト。シアター」の オーナーです	Друг председателя и владелец театра Гаслайт.	26	4	Друг председателя и | владелец театра Гаслайт.	44
D1399	06	0D5AB	0D5BB	59		8A B0 85 93 AE 82 89 82 85 81 92 AE 99 FF 9A B3 82 99 AE AD 99 FF A5 87 94 81 0A BF D5 F2 FC E5 FC C7 92 AE A2 AD 8F AE 81 AC 84 89 8B 92 FF 89 89 95 FF 86 8F 93 81 82 89 93 0A	さっかどうこうかいでは ひょうばんは よくないです。ニューヨークでもんだいをおこして ここに きたということです	В кружке писателей о нём плохо говорят.После скандала в Нью Йорке он приехал сюда.	26	4	В кружке писателей о нём | плохо говорят.После | скандала в Нью Йорке он | приехал сюда.	82
D1400	06	0D5E9	0D5F9	18		8B B1 90 B3 82 95 FF 92 AE AD AB 8B 92 86 8F 9A 93 0A	しゃちょうに でんわしてきたひとです	Он звонил шефу.	26	4	Он звонил шефу.	15
D1401	06	0D5FE	0D60E	80		80 98 9A 99 FF 85 81 8B B1 AC A3 8C AD 92 AE BF 85 81 A2 98 95 92 AE 85 88 0C BA 8B AE 87 A6 81 95 FF ED 90 87 98 DA AE F0 C7 AE BF D9 AE FC C5 AE FC 92 AE FF D9 EC D9 AE FC C5 AE FC AC FF 85 B0 92 85 83 A7 0C BF A5 A8 99 FF 81 83 95 81 0C	あのひは かいしゃをやすんで。かいものにでかけました6じくらいに Aちくのビッグ。バーガーで ハヲバーガーを かってかえりました。よるは いえにいました	В тот день не работала.Ходила по магазинам.В 6 взяла бургер.Потом была дома.	26	4	В тот день не | работала.Ходила по | магазинам.В 6 взяла | бургер.Потом была дома.	76
D1402	06	0D64F	0D65F	22		0D 8B FF 06 BF 8F AE A9 A2 89 94 85 B0 8F 8B FF 92 AE 85 88 92 08	・・・し しりません。だれもこなかったし でかけてません	Не знаю.Никто не приходил.Я не выходила.	26	4	Не знаю.Никто не | приходил.Я не выходила.	40
D1403	06	0D666	0D676	6		8E FF 8E A9 99 0D	そ それは・・・	Это...	26	4	Это...	6
D1404	06	0D673	0D683	8		94 AD 98 89 93 0A 85 FE	なんのことですか？	О чём вы?	26	4	О чём вы?	9
D1405	06	0D67C	0D68C	18		0D DA AF CC D3 E8 99 0D 91 85 B0 8F 89 93 99 80 A7 08	・・・ピストルは・・・つかったことはありません	Пистолетом я не пользовалась.	26	4	Пистолетом я не | пользовалась.	29
D1406	06	0D68F	0D69F	34		88 B0 89 AD 8C A8 86 99 80 A7 08 BF 81 A2 82 93 98 9B 89 82 94 88 B0 89 AD AC FF 9F 92 86 0C 85 A6 0D	けっこんするきはありません。いもうとのふこうなけっこんを みてきましたから・・・	Не хочу замуж.Видела несчастный брак сестры...	26	4	Не хочу замуж.Видела | несчастный брак сестры...	46
D1407	06	0D6B4	0D6C4	11		07 98 87 A8 9E 99 DA AF EC C7 0A	わたしのくるまはピヲクです	Моя машина розовая.	26	4	Моя машина розовая.	19
D1408	06	0D6C2	0D6D2	10		DC C0 DA AF FC CC 99 91 88 08	ヘアピースはつけません	Парик не ношу.	26	4	Парик не ношу.	14
D1409	06	0D6D9	0D6E9	58		8B AE 88 AD 98 B5 8B B2 82 85 AD 9E 83 FF CA EC C7 AE E6 CC 98 9A 93 85 AE FF C4 DB C1 CC 95 86 8F AD 0A BF 8B B1 90 B3 82 99 80 98 80 93 FF A5 82 8C 85 AE 9C AD 95 94 A7 0C	じけんの1しゅうかんまえ サヲグラスのひとが オフイスにきたんです。しゃちょうはあのあと ようすがへんになりました	За неделю до убийства в офис пришёл человек в тёмных очках.После этого шеф изменился.	26	4	За неделю до убийства в | офис пришёл человек в | тёмных очках.После этого | шеф изменился.	85
D1410	06	0D714	0D724	8		80 93 99 9C AE 91 95 0D	あとはべつに・・・	Больше ничего...	26	4	Больше ничего...	16
D1411	06	0D71D	0D72D	11		8B AE 88 AD 98 8E 82 8A 0A 85 FE	じけんのそうさですか？	Расследуете убийство?	26	4	Расследуете убийство?	21
D1412	06	0D729	0D739	19		85 81 88 91 98 81 93 87 AE 90 99 FF 9F 91 85 A7 0C 85 FE	かいけつのいとぐちは みつかりましたか？	Нашли зацепку?	26	4	Нашли зацепку?	14
D1413	06	0D73D	0D74D	13		C2 C1 E8 D9 AE FC BF DB C4 FC D3 AE 0A	ウイルバー。フオードです	Уилбер Форд.	26	4	Уилбер Форд.	12
D1414	06	0D74B	0D75B	5		B8 BC 8A 81 0A	48さいです	48 лет.	26	4	48 лет.	7
D1415	06	0D751	0D761	21		8F AE 81 85 AE 87 92 AE FF 8B AD A7 85 AE 87 AC 84 8B 83 92 09	だいがくで しんりがくをおしえています	Преподаю психологию в колледже.	26	4	Преподаю психологию в | колледже.	31
D1416	06	0D767	0D777	5		ED 85 AE 8F 0A	Aがたです	Группа A.	26	4	Группа A.	9
D1417	06	0D76D	0D77D	13		91 9E 93 89 93 AE A2 85 AE B7 95 AD 0A	つまとこどもが3にんです	Жена и трое детей.	26	4	Жена и трое детей.	18
D1418	06	0D77B	0D78B	30		89 82 81 82 93 89 AA AC FF 85 AD 85 AE 83 89 AE 93 AC 8B 94 85 AE A6 FF 80 A8 87 89 93 0A	こういうところを かんがえごとをしながら あるくことです	Люблю гулять здесь и думать.	26	4	Люблю гулять здесь и | думать.	28
D1419	06	0D79A	0D7AA	19		8B AD A7 85 AE 87 98 FF 99 85 8D 89 AE 82 AC A2 B0 92 09	しんりがくの はかせごうをもっています	Доктор психологии.	26	4	Доктор психологии.	18
D1420	06	0D7AE	0D7BE	10		EB CB EC D3 EC 98 82 9E A9 0A	ワシヲトヲのうまれです	Родился в Вашингтоне.	26	4	Родился в Вашингтоне.	21
D1421	06	0D7B9	0D7C9	20		8B AD A7 85 AE 87 85 AE B0 85 81 95 FF 8D 86 AC 84 81 92 09	しんりがくがっかいに せきをおいています	Член общества психологов.	26	4	Член общества психологов.	25
D1422	06	0D7CE	0D7DE	27		8D AD 8B AE 91 98 FF 8A 91 8B AE AD 8B AE 88 AD 98 FF 9A 85 AE 81 8B B1 0A 97 BF	せんじつの さつじんじけんの ひがいしゃですね。	Это жертва недавнего убийства.	26	4	Это жертва недавнего | убийства.	30
D1423	06	0D7EC	0D7FC	37		9A 85 AE 81 8B B1 98 FF 9F 9D AE 82 8B AE AD 0A 85 BF 85 98 8B AE B3 99 FF 84 8B 83 89 AE 98 FF 80 97 94 AD 0A	ひがいしゃの みぼうじんですか。かのじょは おしえごの あねなんです	Вдова жертвы?Она сестра моего ученика.	26	4	Вдова жертвы?Она сестра | моего ученика.	38
D1424	06	0D812	0D822	13		85 98 8B AE B3 95 99 FF 89 AA 8D 08 A5	かのじょには ころせませんよ	Она не могла убить.	26	4	Она не могла убить.	19
D1425	06	0D820	0D830	22		EA DA AE EC CC AE 8B B3 82 85 81 98 FF 85 81 90 B3 82 8A AD 0A 97	ロビヲズしょうかいの かいちょうさんですね	Председатель компании Роббинсов.	26	4	Председатель компании | Роббинсов.	32
D1426	06	0D837	0D847	18		99 AD 95 AD 98 FF 85 98 82 8D 81 85 AE 80 A8 98 0A 85	はんにんの かのうせいがあるのですか	Он подозреваемый?	26	4	Он подозреваемый?	17
D1427	06	0D84A	0D85A	9		80 B0 8F 89 93 99 80 A7 08	あったことはありません	Не встречал.	26	4	Не встречал.	12
D1428	06	0D854	0D864	10		99 AD 95 AD 85 A2 8B A9 08 97	はんにんかもしれませんね	Может быть убийца.	26	4	Может быть убийца.	18
D1429	06	0D870	0D880	12		E6 E8 DB 87 AD 98 84 93 82 8A AD 0A	ラルフくんのおとうさんです	Отец Ральфа.	26	4	Отец Ральфа.	12
D1430	06	0D87D	0D88D	10		91 85 9E B0 8F 8E 82 0A 97 0D	つかまったそうですね・・・	Говорят его арестовали...	26	4	Говорят его арестовали...	25
D1431	06	0D888	0D898	12		E6 E8 DB 87 AD 98 84 85 80 8A AD 0A	ラルフくんのおかあさんです	Мать Ральфа.	26	4	Мать Ральфа.	12
D1432	06	0D897	0D8A7	52		07 99 FF 85 A9 98 CD AE DF 98 86 B3 82 8B AE B2 92 AE 97 BF FF 85 A9 98 88 AD 86 B2 82 D2 FC DE 99 FF 85 AD 8D AE AD 99 AD 8A AE 81 98 8B AD A7 92 AE 8B 8F	わたしは かれのゼミのきょうじゅでね。 かれのけんきゅうテーマは かんぜんはんざいのしんりでした	Я профессор Ральфа.Его тема психология идеального преступления.	26	4	Я профессор Ральфа.Его | тема психология идеального | преступления.	63
D1433	06	0D8CC	0D8DC	16		85 A9 95 FF 93 AE 82 86 85 AE 80 B0 8F 98 0A 85	かれに どうきがあったのですか	У него был мотив?	26	4	У него был мотив?	17
D1434	06	0D8DD	0D8ED	18		89 AD 85 81 98 8B AE 88 AD 98 FF 88 AD 8B 85 AD 0A 97	こんかいのじけんの けんしかんですね	Судмедэксперт этого дела.	26	4	Судмедэксперт этого дела.	25
D1435	06	0D8F0	0D900	14		80 98 9A 93 99 FF 94 95 85 8B B0 92 09 97	あのひとは なにかしっていますね	Он что-то знает.	26	4	Он что-то знает.	16
D1436	06	0D90B	0D91B	10		D9 AF DB AE 98 DE CC CF FC 0A	パブのマスターです	Хозяин паба.	26	4	Хозяин паба.	12
D1437	06	0D918	0D928	35		E7 D9 AE FC CA C1 D3 AE 98 89 0A 97 BF FF 8F 9E 95 FF 80 8E 89 92 AE 98 A0 89 93 85 AE 80 A8 AD 0A A5 BF	リバーサイドのこですね。 たまに あそこでのむことがあるんですよ。	Девушка из Риверсайда.Иногда там выпиваю.	26	4	Девушка из | Риверсайда.Иногда там | выпиваю.	41
D1438	06	0D93E	0D94E	9		80 B0 8F 89 93 99 80 A7 08	あったことはありません	Не встречал.	26	4	Не встречал.	12
D1439	06	0D94A	0D95A	52		8B B3 82 8D 91 85 0A 97 BF FF 80 98 CF C1 DB AF 99 FF 84 84 86 94 99 AD 8A AE 81 99 FF 84 89 8D 08 A5 BF 86 85 AE 90 81 8A 87 92 84 87 9A AE B3 82 0A 85 A6	しょうせつかですね。 あのタイプは おおきなはんざいは おこせませんよ。きがちいさくておくびょうですから	Писатель.Такой трус не способен на крупное преступление.Он слишком труслив.	26	4	Писатель.Такой трус не | способен на крупное | преступление.Он слишком | труслив.	75
D1440	06	0D981	0D991	8		86 81 8F 89 93 80 A7 08	きいたことありません	Не слышал.	26	4	Не слышал.	10
D1441	06	0D98C	0D99C	52		8F AE 81 85 AE 87 95 81 0C BF FF 85 AE B0 85 81 85 AE FF 90 85 81 98 92 AE FF AA AD 9B AE AD AC FF 85 81 92 81 0C BF 8B B3 82 95 AD 99 FF 94 AD 95 AD A2 09	だいがくにいました。 がっかいが ちかいので ろんぶんを かいていました。しょうにんは なんにんもいます	Был в колледже.Писал статью к конференции.Свидетелей много.	26	4	Был в колледже.Писал | статью к | конференции.Свидетелей | много.	59
D1442	06	0D9C3	0D9D3	61		89 89 92 AE 84 86 8F FF 9D AE 82 89 82 8B AE 88 AD 0A 97 BF 07 A2 FF 99 AD 8A AE 81 95 91 81 92 FF 8B A6 9C AE 92 81 A8 98 92 AE FF 8B B0 92 09 A5 BF FF 9F 85 81 88 91 92 AE 8B 8F 97	ここでおきた ぼうこうじけんですね。わたしも はんざいについて しらべているので しっていますよ。 みかいけつでしたね	Знаю о том нападении.Я изучаю преступления.Оно не раскрыто.	26	4	Знаю о том нападении.Я | изучаю преступления.Оно не | раскрыто.	59
D1443	06	0DA01	0DA11	44		9A 85 AE 81 8B B1 98 FF CB FC E8 CC AE 8A AD 95 80 B0 8F AD 0A 85 AE FF 99 AD 95 AD 95 FF 89 89 AA 80 8F A7 85 AE 80 A7 8E 82 0A 97	ひがいしゃの シールズさんにあったんですが はんにんに こころあたりがありそうですね	Я встречал пострадавшую Шилдс.Похоже она знает преступника.	26	4	Я встречал пострадавшую | Шилдс.Похоже она знает | преступника.	59
D1444	06	0DA2E	0DA3E	43		80 98 8B AE 88 AD 99 FF 88 81 85 87 92 86 94 FF 99 AD 89 82 0A BF FF 9B 87 8C 82 98 95 AD 88 AE AD 85 AE FF 85 85 AB B0 92 09 97	あのじけんは けいかくてきな はんこうです。 ふくすうのにんげんが かかわっていますね	То нападение было спланировано.Участвовало несколько человек.	26	4	То нападение было | спланировано.Участвовало | несколько человек.	61
D1445	06	0DA5A	0DA6A	36		99 AD 95 AD 93 84 A2 AB A9 8F FF DC EC E7 FC BF C7 E9 C1 EC 98 99 85 85 AE FF 89 89 95 80 A8 A6 8B 81 98 0A	はんにんとおもわれた ヘヲリー。クレイヲのはかが ここにあるらしいのです	Здесь есть могила Генри Клейна которого считали преступником.	26	4	Здесь есть могила Генри | Клейна которого считали | преступником.	61
D1446	06	0DA7F	0DA8F	65		B6 B4 97 AD 9E 83 FF 8E 82 81 82 FF 8F AE AD 8F 81 85 AE 80 B0 8F FF 93 81 82 89 93 99 8B B0 92 09 BF 93 82 8B AE 98 85 81 81 AD 95 FF 86 86 8F 81 89 93 85 AE FF 81 AA 81 AA 80 A8 AD 0A 85 AE 97	20ねんまえ そういう だんたいがあった ということはしっています。とうじのかいいんに ききたいことが いろいろあるんですがね	знаю,что 20 лет назад был такой клуб.Хотел бы расспросить его членов.	26	4	знаю,что 20 лет назад был | такой клуб.Хотел бы | расспросить его членов.	69
D1447	06	0DAC1	0DAD1	31		93 AE 89 85 95 FF 85 81 81 AD A1 81 9D AE 85 AE FF 98 89 B0 92 81 A8 93 84 A2 82 AD 0A 85 AE	どこかに かいいんめいぼが のこっているとおもうんですが	Где-то должен остаться список членов?	26	4	Где-то должен остаться | список членов?	37
D1448	06	0DAE1	0DAF1	46		DC EC E7 FC BF C7 E9 C1 EC 98 FF 81 83 85 AE A3 88 92 FF 92 85 AE 85 A7 99 FF 86 83 92 8B 9E B0 8F AD 0A BF 8E 89 85 AE FF 87 8D A2 98 0A	ヘヲリー。クレイヲの いえがやけて てがかりは きえてしまったんです。そこが くせものです	Дом Генри Клейна сгорел.Все улики исчезли.Это подозрительно.	26	4	Дом Генри Клейна | сгорел.Все улики | исчезли.Это подозрительно.	60
D1449	06	0DB10	0DB20	85		DC EC E7 FC BF C7 E9 C1 EC 99 FF 8B AE 9B AE AD 95 91 81 92 98 FF 8B B3 82 89 AC FF 98 89 8B 92 81 94 81 AB 88 0A BF 8E 8B 92 FF 8F AE A9 A2 85 AE FF 85 A9 AC FF AB 8C A9 92 8B 9E B0 92 81 A8 98 0A BF FF 89 89 85 AE FF 89 98 8B AE 88 AD 98 85 86 AE 0A A5	ヘヲリー。クレイヲは じぶんについての しょうこを のこしていないわけです。そして だれもが かれを わすれてしまっているのです。 ここが このじけんのかぎですよ	Клейн не оставил следов о себе.И все его забыли.Это ключ к делу.	26	4	Клейн не оставил следов о | себе.И все его забыли.Это | ключ к делу.	64
D1450	06	0DB66	0DB76	78		99 85 AC FF 8A 85 AE 8B 92 81 8F A6 FF 80 98 8B AE 88 AD 93 FF 84 94 8B AE 93 8B 95 FF 94 87 94 B0 92 81 A8 9A 93 98 99 85 85 AE FF 80 B0 8F AD 0A BF FF 99 85 95 99 F6 EA D9 AE FC D3 BF DE C7 D4 E7 FC F7 98 94 9E 83 85 AE 80 A7 0C BF	はかを さがしていたら あのじけんと おなじとしに なくなっているひとのはかが あったんです。 はかには「ロバート。マクナリー」のなまえがありました。	Рядом нашлась могила умершего в тот же год.На ней имя Роберт Макнэлли.	26	4	Рядом нашлась могила | умершего в тот же год.На | ней имя Роберт Макнэлли.	70
D1451	06	0DBB5	0DBC5	76		A2 8B A2 FF DC EC E7 FC BF C7 E9 C1 EC 85 AE FF 81 86 92 81 8F 93 8B 8F A6 FF 8B 8F 81 85 AE FF 9C AE 91 98 A2 98 8F AE 93 8B 8F A6 FF E7 D9 AE D2 C1 BF D9 AE EC C7 8B AE 88 AD 98 FF 81 93 87 AE 90 85 AE 9F 83 92 87 A8 85 A2 0D	もしも ヘヲリー。クレイヲが いきていたとしたら したいが べつのものだとしたら リバテイ。バヲクじけんの いとぐちがみえてくるかも・・・	Если Клейн жив а труп был чужой это может раскрыть дело Либерти Банк...	26	4	Если Клейн жив а труп был | чужой это может раскрыть | дело Либерти Банк...	71
D1452	06	0DC02	0DC12	44		9D 97 98 94 81 99 85 85 0D DC EC E7 FC BF C7 E9 C1 EC 99 FF 81 86 92 81 A8 A5 82 0A 97 BF 8E A9 A2 FF 89 98 9E 90 98 94 85 92 AE 0D	ほねのないはかか・・・ヘヲリー。クレイヲは いきているようですね。それも このまちのなかで・・・	Пустая могила?Значит Клейн жив.И он в этом городе...	26	4	Пустая могила?Значит Клейн | жив.И он в этом городе...	52
D1453	06	0DC39	0DC49	36		89 AD 85 81 98 FF 8A 91 8B AE AD 8B AE 88 AD 99 FF 81 AA 81 AA 94 FF 94 8E AE AC 9A A1 92 81 A8 A5 82 0A 97	こんかいの さつじんじけんは いろいろな なぞをひめているようですね	В этом убийстве много тайн.	26	4	В этом убийстве много | тайн.	27
D1454	06	0DC5F	0DC6F	18		88 81 8A 91 95 FF 99 94 8C 89 93 99 FF 94 95 A2 94 81	けいさつに はなすことは なにもない	Полиции мне сказать нечего.	26	4	Полиции мне сказать | нечего.	27
D1455	06	0DC72	0DC82	10		8A B0 8A 93 85 83 B0 92 87 A9	さっさとかえってくれ	Уходите.	26	4	Уходите.	8
D1456	06	0DC7D	0DC8D	12		CB AE E0 BF DE C7 DC AE C1 EC 8F AE	ジム。マクベイヲだ	Джим Макбейн.	26	4	Джим Макбейн.	13
D1457	06	0DC8A	0DC9A	6		B9 BA 8A 81 8F AE	56さいだ	56 лет.	26	4	56 лет.	7
D1458	06	0DC91	0DCA1	22		C5 AE CC E6 C1 D3 BF CB C0 CF FC 98 FF 88 81 83 81 AC 8B 92 81 A8	ガスライト。シアターの けいえいをしている	Владелец театра Гаслайт.	26	4	Владелец театра Гаслайт.	24
D1459	06	0DCA8	0DCB8	6		EE 85 AE 8F 8F AE	Bがただ	Группа B.	26	4	Группа B.	9
D1460	06	0DCAF	0DCBF	8		85 8E AE 87 99 81 94 81	かぞくはいない	Семьи нет.	26	4	Семьи нет.	10
D1461	06	0DCB8	0DCC8	21		07 85 AE FF 99 9E 86 AC A3 A1 A8 93 86 99 FF 8B 96 93 86 8F AE	わたしが はまきをやめるときは しぬときだ	Брошу сигары лишь когда умру.	26	4	Брошу сигары лишь когда | умру.	29
D1462	06	0DCCE	0DCDE	26		8F 87 8A AD 80 B0 92 FF 81 90 81 90 99 94 8C 98 85 AE FF A1 AD 93 AE 82 8F AE	たくさんあって いちいちはなすのが めんどうだ	Увлечений много.Лень перечислять.	26	4	Увлечений много.Лень | перечислять.	33
D1463	06	0DCE9	0DCF9	11		89 98 9E 90 98 FF 82 9E A9 8F AE	このまちの うまれだ	Родился здесь.	26	4	Родился здесь.	14
D1464	06	0DCF5	0DD05	19		9E 90 98 FF 8B B3 82 89 82 85 81 95 FF 99 81 B0 92 81 A8	まちの しょうこうかいに はいっている	Член торговой палаты.	26	4	Член торговой палаты.	21
D1465	06	0DD09	0DD19	33		8B 89 AE 93 98 FF 92 AE 86 A8 84 93 89 8F AE B0 8F 85 AE FF 92 86 A2 84 84 85 B0 8F A5 82 8F AE 94	しごとの できるおとこだったが てきもおおかったようだな	Билл был деловым,но нажил много врагов.	26	4	Билл был деловым,но нажил | много врагов.	39
D1466	06	0DD2D	0DD3D	18		AB 85 81 85 A6 FF A3 A7 94 84 8B A2 86 87 8F AE AA 82	わかいから やりなおしもきくだろう	Он молод.Ещё начнёт заново.	26	4	Он молод.Ещё начнёт | заново.	27
D1467	06	0DD40	0DD50	7		91 85 9E B0 8F 98 85	つかまったのか	Его поймали?	26	4	Его поймали?	12
D1468	06	0DD48	0DD58	13		B6 B4 97 AD A6 81 98 8B A7 80 81 8F AE	20ねんらいのしりあいだ	Знаю его 20 лет.	26	4	Знаю его 20 лет.	16
D1469	06	0DD56	0DD66	14		C3 D3 AE EB FC D3 AE 99 A0 8B AE 91 8F AE	エドワードはむじつだ	Эдвард невиновен.	26	4	Эдвард невиновен.	17
D1470	06	0DD65	0DD75	29		85 A9 85 AE EA DA AE EC CC AE 8B B3 82 85 81 AC FF A2 A7 8F 92 92 87 A9 A8 8F AE AA 82	かれがロビヲズしょうかいを もりたててくれるだろう	Он поднимет компанию Роббинсов.	26	4	Он поднимет компанию | Роббинсов.	31
D1471	06	0DD83	0DD93	14		DB E9 F0 D3 AE 95 FF 9A 93 99 89 AA 8D AD	フレッドに ひとはころせん	Фред не способен убить.	26	4	Фред не способен убить.	23
D1472	06	0DD92	0DDA2	17		81 81 84 87 8A AD 95 FF 94 B0 92 81 A8 A5 82 8F AE	いいおくさんに なっているようだ	Кажется она хорошая жена.	26	4	Кажется она хорошая жена.	25
D1473	06	0DDA6	0DDB6	25		FB FB C5 EC D9 AF D5 FC 99 FF 80 9B AE 94 81 93 81 82 FF 82 AB 8A 8F AE 94	HHカヲパニーは あぶないという うわさだな	Говорят HH на грани.	26	4	Говорят HH на грани.	20
D1474	06	0DDC0	0DDD0	12		80 81 91 94 A6 FF A3 A7 8E 82 8F AE	あいつなら やりそうだ	Он способен на это.	26	4	Он способен на это.	19
D1475	06	0DDCD	0DDDD	4		8B A6 AD A5	しらんよ	Не знаю.	26	4	Не знаю.	8
D1476	06	0DDD4	0DDE4	11		9E 8B AE A1 94 8D 81 97 AD 8F AE	まじめなせいねんだ	Серьёзный юноша.	26	4	Серьёзный юноша.	16
D1477	06	0DDE2	0DDF2	22		C6 F1 E7 EC D3 EC 99 85 AB A7 A2 98 8F AE BF 91 86 80 81 99 94 81	キャリヲトヲはかわりものだ。つきあいはない	Кэррингтон странный.Мы не общаемся.	26	4	Кэррингтон странный.Мы не | общаемся.	35
D1478	06	0DDF9	0DE09	19		85 A9 95 A5 82 86 AE 85 AE FF 85 85 B0 92 81 A8 98 85 0D	かれにようぎが かかっているのか・・・	Его подозревают?	26	4	Его подозревают?	16
D1479	06	0DE0D	0DE1D	8		80 B0 8F 89 93 99 94 81	あったことはない	Не встречал.	26	4	Не встречал.	12
D1480	06	0DE18	0DE28	4		8B A6 AD 97	しらんね	Не знаю.	26	4	Не знаю.	8
D1481	06	0DE1F	0DE2F	11		A4 82 8B AE AD 98 9A 93 A7 8F AE	ゆうじんのひとりだ	Один из моих друзей.	26	4	Один из моих друзей.	20
D1482	06	0DE2B	0DE3B	11		CA C1 E2 EC 99 A0 8B AE 91 8F AE	サイモヲはむじつだ	Саймон невиновен.	26	4	Саймон невиновен.	17
D1483	06	0DE37	0DE47	18		CA C1 E2 EC 85 AE 9A 86 93 B0 92 81 A8 A0 8C A1 8F AE	サイモヲがひきとっているむすめだ	Девушка которую Саймон приютил.	26	4	Девушка которую Саймон | приютил.	31
D1484	06	0DE4A	0DE5A	9		80 A9 85 AE A3 B0 8F 98 85	あれがやったのか	Она это сделала?	26	4	Она это сделала?	16
D1485	06	0DE54	0DE64	14		EA DA AE EC CC AE 88 98 E1 C1 D3 AE 8F AE	ロビヲズけのメイドだ	Горничная Роббинсов.	26	4	Горничная Роббинсов.	20
D1486	06	0DE65	0DE75	7		0B 98 9A 8B B3 8F AE	ビルのひしょだ	Секретарь Билла.	26	4	Секретарь Билла.	16
D1487	06	0DE75	0DE85	8		8A 80 FF 8B A6 94 81 94	さあ しらないな	Не знаю.	26	4	Не знаю.	8
D1488	06	0DE85	0DE95	9		8F AE A9 8F AE FF 8E A9 99	だれだ それは	Кто это?	26	4	Кто это?	8
D1489	06	0DE91	0DEA1	8		80 B0 8F 89 93 A2 94 81	あったこともない	Не встречал.	26	4	Не встречал.	12
D1490	06	0DE9C	0DEAC	30		80 98 A5 A8 99 FF C3 D3 AE EB FC D3 AE 93 FF 8A 88 AC 98 AD 8F AE BF 8E A9 8F AE 88 8F AE	あのよるは エドワードと さけをのんだ。それだけだ	В ту ночь пил с Эдвардом.Вот и всё.	26	4	В ту ночь пил с | Эдвардом.Вот и всё.	35
D1491	06	0DEBB	0DECB	29		B5 B4 8B AE 87 AE A6 81 95 FF C3 D3 AE EB FC D3 AE 99 85 83 B0 92 FF 80 93 99 97 8F A5	10じぐらいに エドワードはかえって あとはねたよ	Около 10 Эдвард ушёл.Потом я спал.	26	4	Около 10 Эдвард ушёл.Потом | я спал.	34
D1492	06	0DED9	0DEE9	4		8E A9 99 0D	それは・・・	Это...	26	4	Это...	6
D1493	06	0DEE4	0DEF4	39		07 99 FF 93 AE 87 8B AD 8B B2 86 AE 92 AE 97 BF 88 B0 89 AD 94 AD 92 FF 86 B2 82 87 91 94 A2 98 99 FF 8B 8F 87 94 81	わたしは どくしんしゅぎでね。けっこんなんて きゅうくつなものは したくない	Я холостяк.Брак слишком стесняет.	26	4	Я холостяк.Брак слишком | стесняет.	33
D1494	06	0DF0E	0DF1E	31		8E AD 94 8B AE 88 AD A2 FF 80 B0 8F A5 82 94 86 85 AE 8C A8 85 AE FF 84 9D AE 83 92 81 94 81	そんなじけんも あったようなきがするが おぼえていない	Кажется было такое дело.Не помню.	26	4	Кажется было такое дело.Не | помню.	33
D1495	06	0DF2E	0DF3E	18		8B A6 94 81 93 81 B0 92 81 A8 98 95 FF 8B 91 89 81 94	しらないといっているのに しつこいな	Я сказал,что не знаю.Хватит.	26	4	Я сказал,что не | знаю.Хватит.	28
D1496	06	0DF41	0DF51	6		86 84 87 95 94 81	きおくにない	Не помню.	26	4	Не помню.	9
D1497	06	0DF48	0DF58	24		84 80 8E 9A AE 98 80 91 9E A7 8F AE BF 8F 81 8B 8F A2 98 8B AE B1 94 81	おあそびのあつまりだ。たいしたものじゃない	Просто клуб для развлечения.Ничего серьёзного.	26	4	Просто клуб для | развлечения.Ничего | серьёзного.	46
D1498	06	0DF61	0DF71	21		8E AD 94 89 93 AC FF 07 95 86 81 92 FF 93 AE 82 8C A8 98 85 97	そんなことを わたしにきいて どうするのかね	Зачем вы меня об этом спрашиваете?	26	4	Зачем вы меня об этом | спрашиваете?	34
D1499	06	0DF77	0DF87	10		99 94 8C 89 93 94 93 AE 94 81	はなすことなどない	Мне нечего сказать.	26	4	Мне нечего сказать.	19
D1500	06	0DF82	0DF92	31		88 81 83 81 99 FF 82 9E 87 81 B0 92 81 A8 BF 8B AD 99 AF 81 8B 92 A2 A6 AB 94 87 92 A2 81 81	けいえいは うまくいっている。しんぱいしてもらわなくてもいい	Дела идут хорошо.Не беспокойтесь.	26	4	Дела идут хорошо.Не | беспокойтесь.	33
D1501	06	0DFA4	0DFB4	9		07 99 FF 94 95 A2 8B A6 AD	わたしは なにもしらん	Я ничего не знаю.	26	4	Я ничего не знаю.	17
D1502	06	0DFB6	0DFC6	24		0B 99 8C AE 81 9B AE AD 93 FF 80 8E AD 92 AE 9E AB B0 92 8F A6 8B 81 94	ビルはずいぶんと あそんでまわってたらしいな	Билл любил погулять.	26	4	Билл любил погулять.	20
D1503	06	0DFD1	0DFE1	9		89 AE 87 AA 82 8A 9E 0A 97	ごくろうさまですね	Тяжёлая работа у вас.	26	4	Тяжёлая работа у вас.	21
D1504	06	0DFDB	0DFEB	8		9E 8F AE FF 94 95 85 0D	まだ なにか・・・	Ещё что?	26	4	Ещё что?	8
D1505	06	0DFE4	0DFF4	12		E2 FC D3 EC BF DB AE E6 F0 D3 AE 0A	モートヲ。ブラッドです	Мортон Брэдли.	26	4	Мортон Брэдли.	14
D1506	06	0DFF1	0E001	5		B9 B4 8A 81 0A	50さいです	50 лет.	26	4	50 лет.	7
D1507	07	0E000	0E010	8		FF 88 81 9A AE 81 AD 0A	 けいびいんです	Охранник.	26	4	Охранник.	9
D1508	07	0E009	0E019	5		EE 85 AE 8F 0A	Bがたです	Группа B.	26	4	Группа B.	9
D1509	07	0E00F	0E01F	13		91 9E 93 FF A0 8C A1 85 AE 9B 8F A7 0A	つまと むすめがふたりです	Жена и две дочери.	26	4	Жена и две дочери.	18
D1510	07	0E01D	0E02D	42		91 A7 0A 97 BF 89 98 9E 83 FF E7 D9 AE D2 C1 BF E7 D9 AE FC 92 AE FF 84 84 86 94 FF DB AE E6 F0 C7 D9 AE CC AC FF 91 A7 0C A5	つりですね。このまえ リバテイ。リバーで おおきな ブラックバスを つりましたよ	Люблю рыбалку.Недавно поймал большого басса в Либерти Ривер.	26	4	Люблю рыбалку.Недавно | поймал большого басса в | Либерти Ривер.	60
D1511	07	0E048	0E058	7		9C AE 91 95 80 A7 08	べつにありません	Ничего.	26	4	Ничего.	7
D1512	07	0E050	0E060	9		85 AB A0 89 82 98 9E 90 0A	かわむこうのまちです	Из города за рекой.	26	4	Из города за рекой.	19
D1513	07	0E05A	0E06A	8		9C AE 91 95 94 81 0A 94	べつにないですな	Ничего.	26	4	Ничего.	7
D1514	07	0E063	0E073	43		07 85 AE FF 99 B0 88 AD 8B 8F 9A 93 0A BF DA AE F0 C7 E7 8B 0C A5 BF D3 AE C0 AC 80 88 8F A6 FF 8F 84 A9 92 86 8F AD 0A 85 A6 BF	わたしが はっけんしたひとです。ビックリしましたよ。ドアをあけたら たおれてきたんですから。	Я нашёл тело.Открыл дверь и оно упало на меня.Я испугался.	26	4	Я нашёл тело.Открыл дверь | и оно упало на меня.Я | испугался.	58
D1515	07	0E096	0E0A6	30		89 AA 8A A9 8F 9A 93 98 FF 84 93 82 8A AD 0A 97 BF 80 98 80 93 FF 89 89 95 89 A6 A9 0C A5	ころされたひとの おとうさんですね。あのあと ここにこられましたよ	Отец убитого.После убийства он приезжал сюда.	26	4	Отец убитого.После | убийства он приезжал сюда.	45
D1516	07	0E0BB	0E0CB	30		81 A2 82 93 8A AD 92 AE 8B B3 82 BF 99 94 8F 99 AE AC A2 B0 92 FF 89 89 95 89 A6 A9 0C A5	いもうとさんでしょう。はなたばをもって ここにこられましたよ	Его сестра.Приходила сюда с цветами.	26	4	Его сестра.Приходила сюда | с цветами.	36
D1517	07	0E0F1	0E101	56		8B AE 88 AD 98 80 93 FF 89 98 9C AD AC FF 82 AA 91 81 92 81 0C A5 BF 89 83 AC 85 88 8F A6 FF CD AE DF 98 88 AD 86 B2 82 92 AE 8B A6 9C AE 92 81 A8 93 85 FF 81 B0 92 0C	じけんのあと このへんを うろついていましたよ。こえをかけたら ゼミのけんきゅうでしらべているとか いってました	После убийства он бродил тут.сказал,что исследует это для учёбы.	26	4	После убийства он бродил | тут.сказал,что исследует | это для учёбы.	64
D1518	07	0E12C	0E13C	23		88 AD 8B 85 AD 0A 97 BF FF 84 81 8B B1 8A AD A2 FF 8F 81 9C AD 0A 97	けんしかんですね。 おいしゃさんも たいへんですね	Судмедэксперт.Врачам тоже нелегко.	26	4	Судмедэксперт.Врачам тоже | нелегко.	34
D1519	07	0E152	0E162	18		A5 87 91 A7 99 AE 92 AE 80 09 A5 BF 91 A7 94 85 9E 0A	よくつりばであいますよ。つりなかまです	Часто встречаю его на рыбалке.Мы рыбачим вместе.	26	4	Часто встречаю его на | рыбалке.Мы рыбачим вместе.	48
D1520	07	0E177	0E187	44		80 98 9A 99 FF A3 86 AD 92 AE BF B6 8B AE 95 FF 9F 9E AB A7 85 AE 84 AB B0 92 FF A2 AD 98 93 89 AA 92 AE FF 87 A8 9E AC 9F 91 88 0C	あのひは やきんで。2じに みまわりがおわって もんのところで くるまをみつけました	Я был в ночной смене.В 2 закончил обход и нашёл машину у ворот.	26	4	Я был в ночной смене.В 2 | закончил обход и нашёл | машину у ворот.	63
D1521	07	0E1A6	0E1B6	41		80 98 87 A8 9E 99 FF 85 AE 87 8D 81 85 AE FF 93 A1 92 81 8F A2 98 92 AE FF D3 AE C0 85 AE 89 AB 8A A9 92 81 8F 8E 82 0A A5	あのくるまは がくせいが とめていたもので ドアがこわされていたそうですよ	Машина принадлежала студенту.Дверь была взломана.	26	4	Машина принадлежала | студенту.Дверь была | взломана.	49
D1522	07	0E1D2	0E1E2	67		85 A9 99 FF 9C AE 91 98 93 89 AA 92 AE 89 AA 8A A9 FF 99 89 99 AE A9 8F A5 82 8F AE 93 FF 85 AD 8B 86 98 9A 93 85 AE FF 81 B0 92 0C BF FF 9A 93 A7 92 AE 99 FF 99 89 9C AE 94 85 B0 8F 92 AE 8B B3 82 97	かれは べつのところでころされ はこばれたようだと かんしきのひとが いってました。 ひとりでは はこべなかったでしょうね	Эксперт сказал Билла убили в другом месте и привезли.Одному тело не унести.	26	4	Эксперт сказал Билла убили | в другом месте и | привезли.Одному тело не | унести.	75
D1523	07	0E218	0E228	23		84 9D AE 83 92 09 BF 89 89 92 AE 99 FF A4 82 A1 81 94 8B AE 88 AD 0A	おぼえています。ここでは ゆうめいなじけんです	Помню.Это известное местное дело.	26	4	Помню.Это известное | местное дело.	33
D1524	07	0E237	0E247	19		B6 B4 97 AD 9D 93 AE 9E 83 98 FF 99 94 8B 92 AE 8B B3 82	20ねんほどまえの はなしでしょう	Было около 20 лет назад.	26	4	Было около 20 лет назад.	24
D1525	07	0E257	0E267	59		8B AE 91 99 FF 8B 8F 81 AC 99 B0 88 AD 8C A8 9E 83 FF 95 88 AE A8 A5 82 94 FF 87 A8 9E 98 84 93 AC 86 86 0C FF 80 84 81 87 A8 9E 8F AE B0 8F 93 84 A2 09 86 95 94 A7 9E 8B 92 97	じつは したいをはっけんするまえ にげるような くるまのおとをききました あおいくるまだったとおもいますきになりましてね	До тела я слышал как машина быстро уехала.Кажется синяя.	26	4	До тела я слышал как | машина быстро | уехала.Кажется синяя.	56
D1526	07	0E295	0E2A5	23		94 A3 9F 89 AE 93 85 AE 80 A8 98 94 A6 FF 84 99 94 8B 87 8F AE 8A 81	なやみごとがあるのなら おはなしください	Если вас что-то тревожит расскажите.	26	4	Если вас что-то тревожит | расскажите.	36
D1527	07	0E2AD	0E2BD	8		9E 8F AE FF 94 95 85 FE	まだ なにか？	Ещё что?	26	4	Ещё что?	8
D1528	07	0E2B6	0E2C6	12		C5 CC D3 D5 FC BF DB AE E6 C2 EC 0A	カストニー。ブラウヲです	Кастони Браун.	26	4	Кастони Браун.	14
D1529	07	0E2C3	0E2D3	5		B8 BC 8A 81 0A	48さいです	48 лет.	26	4	48 лет.	7
D1530	07	0E2C9	0E2D9	14		89 98 86 B3 82 85 81 98 FF 9D AE 87 8B 0A	このきょうかいの ぼくしです	Пастор этой церкви.	26	4	Пастор этой церкви.	19
D1531	07	0E2D8	0E2E8	5		ED 85 AE 8F 0A	Aがたです	Группа A.	26	4	Группа A.	9
D1532	07	0E2DE	0E2EE	14		07 99 FF 85 9F 93 93 A2 95 FF 81 86 92 09	わたしは かみとともに いきています	Живу с Богом.	26	4	Живу с Богом.	13
D1533	07	0E2ED	0E2FD	10		80 81 AC 80 8F 83 A8 89 93 0A	あいをあたえることです	Дарю людям любовь.	26	4	Дарю людям любовь.	18
D1534	07	0E2F8	0E308	7		07 99 9D AE 87 8B 0A	わたしはぼくしです	Я пастор.	26	4	Я пастор.	9
D1535	07	0E300	0E310	11		C8 EC CF F0 C6 FC 98 82 9E A9 0A	ケヲタッキーのうまれです	Родился в Кентукки.	26	4	Родился в Кентукки.	19
D1536	07	0E30C	0E31C	20		C6 E7 CC D3 86 B3 82 FF 86 B3 82 85 81 95 FF 99 81 B0 92 09	キリストきょう きょうかいに はいっています	Член христианской церкви.	26	4	Член христианской церкви.	25
D1537	07	0E321	0E331	44		8E 82 86 AE 99 FF 89 89 92 AE FF 81 8F 8B 0C BF A3 8C A6 85 95 FF 92 AD 95 A1 8A A9 9E 8C A5 82 FF 84 81 98 A7 81 8F 8B 9E 8B B3 82	そうぎは ここで いたしました。やすらかに てんにめされますよう おいのりいたしましょう	Похороны были здесь.Помолимся о его душе.	26	4	Похороны были | здесь.Помолимся о его | душе.	41
D1538	07	0E350	0E360	52		80 81 AC 90 85 81 FF 8B 86 AC 80 88 AE 8F 89 98 86 B3 82 85 81 92 AE FF BA 85 88 AE 91 80 93 95 99 FF 84 8E 82 8B 86 AC FF 8C A8 89 93 95 94 A8 94 AD 92 0D	あいをちかい しきをあげたこのきょうかいで 6かげつあとには おそうしきを することになるなんて・・・	Через полгода после свадьбы в этой же церкви пришлось служить похороны...	26	4	Через полгода после | свадьбы в этой же церкви | пришлось служить | похороны...	73
D1539	07	0E387	0E397	30		A7 B0 99 AF 94 85 8F 0A BF 89 98 86 B3 82 85 81 95 A2 FF 89 AE 86 9B 81 8F 8F AE 81 92 09	りっぱなかたです。このきょうかいにも ごきふいただいています	Достойный человек.Он жертвует церкви.	26	4	Достойный человек.Он | жертвует церкви.	37
D1540	07	0E3A8	0E3B8	9		9E 8B AE A1 94 85 8F 0A A5	まじめなかたですよ	Серьёзный человек.	26	4	Серьёзный человек.	18
D1541	07	0E3B4	0E3C4	33		95 90 A5 82 9A AE 95 99 FF 86 B3 82 85 81 95 89 A6 A9 9E 8C BF 81 81 84 87 8A 9E 95 FF 94 A6 A9 0C	にちようびには きょうかいにこられます。いいおくさまに なられました	Приходит по воскресеньям.Стала хорошей женой.	26	4	Приходит по | воскресеньям.Стала хорошей | женой.	45
D1542	07	0E3D8	0E3E8	15		80 9E A7 FF 84 89 8B 95 99 FF 94 A7 08 85 AE	あまり おこしには なりませんが	Приходит редко.	26	4	Приходит редко.	15
D1543	07	0E3EA	0E3FA	42		F6 80 97 A2 97 C7 E6 DB AE F7 98 FF 85 81 90 B3 82 8A AD 92 AE FF 86 B3 82 85 81 98 85 91 93 AE 82 95 A2 FF 97 B0 8B AD 0A A5	「あねもねクラブ」の かいちょうさんで きょうかいのかつどうにも ねっしんですよ	Глава клуба Анемона.Активно помогает церкви.	26	4	Глава клуба | Анемона.Активно помогает | церкви.	44
D1544	07	0E417	0E427	27		C8 C1 D3 8A AD 93 98 88 B0 89 AD 8B 86 99 FF 89 89 92 AE 80 88 AE A6 A9 8F AD 0A	ケイトさんとのけっこんしきは ここであげられたんです	Свадьба Кейт была здесь.	26	4	Свадьба Кейт была здесь.	24
D1545	07	0E43B	0E44B	33		C6 F1 E7 EC D3 EC 9B 8B AE AD 99 FF 97 B0 8B AD 95 FF 07 98 99 94 8B AC FF 86 81 92 87 8F AE 8A 09	キャリヲトヲふじんは ねっしんに わたしのはなしを きいてくださいます	Миссис Кэррингтон внимательно слушает мои проповеди.	26	4	Миссис Кэррингтон | внимательно слушает мои | проповеди.	52
D1546	07	0E45F	0E46F	20		A4 B0 87 A7 93 FF 84 99 94 8B 8B 8F 89 93 99 FF 80 A7 08 97	ゆっくりと おはなししたことは ありませんね	Мы не говорили подолгу.	26	4	Мы не говорили подолгу.	23
D1547	07	0E476	0E486	20		95 90 A5 82 9A AE 95 99 FF 86 B3 82 85 81 95 89 A6 A9 9E 8C	にちようびには きょうかいにこられます	Приходит по воскресеньям.	26	4	Приходит по воскресеньям.	25
D1548	07	0E48D	0E49D	47		82 A6 98 9D AE 90 95 FF 84 93 82 8A AD 98 84 99 85 85 AE FF 80 A8 93 81 82 89 93 0A BF FF 93 86 93 AE 86 FF 99 94 AC A2 B0 92 A6 B0 8B B1 09	うらのぼちに おとうさんのおはかが あるということです。 ときどき はなをもってらっしゃいます	Говорят могила её отца за церковью.Она иногда приносит цветы.	26	4	Говорят могила её отца за | церковью.Она иногда | приносит цветы.	61
D1549	07	0E4BF	0E4CF	12		A5 87 84 81 92 AE 95 94 A7 9E 8C A5	よくおいでになりますよ	Часто приходит.	26	4	Часто приходит.	15
D1550	07	0E4CE	0E4DE	46		B5 8B B2 82 85 AD 9D 93 AE 9E 83 FF 89 A6 A9 0C A5 BF EA DA AE EC CC AE 8A AD 98 A1 81 9B 87 AC FF 81 98 B0 92 87 8F AE 8A B0 8F A5 82 0A	1しゅうかんほどまえ こられましたよ。ロビヲズさんのめいふくを いのってくださったようです	Был неделю назад.Похоже молился за Роббинса.	26	4	Был неделю назад.Похоже | молился за Роббинса.	44
D1551	07	0E509	0E519	10		93 86 93 AE 86 89 A6 A9 9E 8C	ときどきこられます	Иногда приходит.	26	4	Иногда приходит.	16
D1552	07	0E51E	0E52E	10		89 89 95 8C AE B0 93 84 A7 0C	ここにずっとおりました	Всё время был здесь.	26	4	Всё время был здесь.	20
D1553	07	0E52F	0E53F	16		84 A3 87 95 8F 92 8C AE 95 FF 8A AE AD 97 AD 0A	おやくにたてずに ざんねんです	Жаль что не помог.	26	4	Жаль что не помог.	18
D1554	07	0E54A	0E55A	33		86 B3 82 85 81 98 82 A6 0A BF CC FC CB AE FC 8A AD 98 FF 84 93 82 8A AD 98 FF 99 85 A2 80 A7 9E 8C	きょうかいのうらです。スージーさんの おとうさんの はかもあります	За церковью.Там и могила отца Сьюзи.	26	4	За церковью.Там и могила | отца Сьюзи.	36
D1555	07	0E578	0E588	45		80 98 8B AE 88 AD 98 A5 A8 FF 9D AE 90 98 9D 82 92 AE FF 87 A8 9E 98 84 93 85 AE 8B 0C BF FF 9A 93 98 89 83 A2 8B 92 81 8F A5 82 0A BF	あのじけんのよる ぼちのほうで くるまのおとがしました。 ひとのこえもしていたようです。	В ночь убийства с кладбища был шум машины.Слышались и голоса.	26	4	В ночь убийства с кладбища | был шум машины.Слышались и | голоса.	61
D1556	07	0E5A8	0E5B8	4		94 AD 0A 85	なんですか	Что?	26	4	Что?	4
D1557	07	0E5AD	0E5BD	20		8B 89 AE 93 98 8B AE B1 9E 0A FF 85 83 B0 92 87 8F AE 8A 81	しごとのじゃまです かえってください	Не мешайте работать.Уходите.	26	4	Не мешайте | работать.Уходите.	28
D1558	07	0E5C2	0E5D2	10		C8 AE C1 E8 BF E7 FC DE EC 0A	ゲイル。リーマヲです	Гейл Лайман.	26	4	Гейл Лайман.	12
D1559	07	0E5CD	0E5DD	5		B7 BC 8A 81 0A	38さいです	38 лет.	26	4	38 лет.	7
D1560	07	0E5D3	0E5E3	21		EA DA AE EC CC AE 8B B3 82 85 81 98 FF C5 AE FC D3 AE DE EC 0A	ロビヲズしょうかいの ガードマヲです	Охранник компании Роббинсов.	26	4	Охранник компании | Роббинсов.	28
D1561	07	0E5E9	0E5F9	5		EE 85 AE 8F 0A	Bがたです	Группа B.	26	4	Группа B.	9
D1562	07	0E5EF	0E5FF	9		91 9E 93 A0 8C 89 85 AE 09	つまとむすこがいます	Жена и сын.	26	4	Жена и сын.	11
D1563	07	0E5F9	0E609	25		9E 81 80 8A FF CB AE F3 C6 AE EC C7 AE AC FF 85 85 8B 8F 89 93 99 80 A7 08	まいあさ ジョギヲグを かかしたことはありません	Каждое утро бегаю.	26	4	Каждое утро бегаю.	18
D1564	07	0E613	0E623	6		93 87 95 80 A7 08	とくにありません	Ничего особого.	26	4	Ничего особого.	15
D1565	07	0E61A	0E62A	14		DB C1 E6 D2 AE E8 DB C1 C0 98 82 9E A9 0A	フイラデルフイアのうまれです	Родился в Филадельфии.	26	4	Родился в Филадельфии.	22
D1566	07	0E62D	0E63D	21		8B B1 90 B3 82 99 FF 85 94 A7 98 A3 A7 92 8F AE 93 86 81 92 09	しゃちょうは かなりのやりてだときいています	Говорят президент очень деловой.	26	4	Говорят президент очень | деловой.	32
D1567	07	0E649	0E659	19		EA DA AE EC CC AE 8B B3 82 85 81 98 FF 85 81 90 B3 82 0A	ロビヲズしょうかいの かいちょうです	Председатель компании Роббинсов.	26	4	Председатель компании | Роббинсов.	32
D1568	07	0E673	0E683	29		9B 93 AE 82 8A AD A3 0A BF 89 89 AC FF 82 B0 8F 9A 93 8F AE 93 FF 86 81 92 9E 8C 85 AE	ふどうさんやです。ここを うったひとだと きいてますが	Риелтор.Говорят он продал им эту землю.	26	4	Риелтор.Говорят он продал | им эту землю.	39
D1569	07	0E6C0	0E6D0	28		89 89 99 FF BC 8B AE 95 8B 9E A7 9E 8C BF 8E A9 85 A6 FF 9E B0 8C 87 AE 85 83 A7 0C	ここは 8じにしまります。それから まっすぐかえりました	Здесь закрывают в 8.После работы сразу домой.	26	4	Здесь закрывают в 8.После | работы сразу домой.	45
D1570	07	0E6DF	0E6EF	20		96 8C 9E A9 8F 87 A8 9E 99 FF 9E 8F AE 9F 91 85 B0 92 81 08	ぬすまれたくるまは まだみつかっていません	Украденную машину ещё не нашли.	26	4	Украденную машину ещё не | нашли.	31
D1571	07	0E6F6	0E706	15		8E AD 94 FF 8B AE 88 AD 85 AE 80 A7 0C 85 97	そんな じけんがありましたかね	Разве было такое дело?	26	4	Разве было такое дело?	22
D1572	07	0E718	0E728	83		EA DA AE EC CC AE 8A AD 99 FF 80 87 93 AE 81 FF 8B 89 AE 93 9B AE A7 8F AE B0 8F 8E 82 0A 97 89 98 93 90 A2 FF 8E 82 A3 B0 92 FF 92 95 81 A9 8F 93 85 92 AE FF 8B AE 88 AD 98 8D AE AD 8B AE 91 A2 FF 9B 93 AE 82 8A AD A3 93 FF A2 A1 92 8F A5 82 0A A5	ロビヲズさんは あくどい しごとぶりだったそうですねこのとちも そうやって てにいれたとかで じけんのぜんじつも ふどうさんやと もめてたようですよ	Роббинс вёл грязные дела.Эту землю тоже забрал так.Накануне убийства спорил с риелтором.	26	4	Роббинс вёл грязные | дела.Эту землю тоже забрал | так.Накануне убийства | спорил с риелтором.	88
D1573	07	0E76E	0E77E	11		99 81 0D 94 AD 92 AE 8B B3 82 85	はい・・・なんでしょうか	Да.Что?	26	4	Да.Что?	7
D1574	07	0E77A	0E78A	8		9E 8F AE 0D 94 95 85 FE	まだ・・・なにか？	Ещё что?	26	4	Ещё что?	8
D1575	07	0E783	0E793	14		CB AE F1 D7 F0 D3 BF EA DA AE EC CC AE 0A	ジャネット。ロビヲズです	Джанет Роббинс.	26	4	Джанет Роббинс.	15
D1576	07	0E792	0E7A2	5		B6 B5 8A 81 0A	21さいです	21 год.	26	4	21 год.	7
D1577	07	0E798	0E7A8	32		8B 89 AE 93 99 8B 92 81 08 BF 88 B0 89 AD 9E 83 99 FF 90 90 98 9F 8D AC 92 91 8F AE B0 92 81 0C	しごとはしていません。けっこんまえは ちちのみせをてつだっていました	Не работаю.До свадьбы помогала в магазине отца.	26	4	Не работаю.До свадьбы | помогала в магазине отца.	47
D1578	07	0E7B9	0E7C9	5		ED 85 AE 8F 0A	Aがたです	Группа A.	26	4	Группа A.	9
D1579	07	0E7BF	0E7CF	26		84 B0 93 98 0B 99 89 AA 8A A9 0C 0D 90 90 93 99 99 93 FF 84 93 82 93 85 AE 09	おっとのビルはころされました・・・ちちとははと おとうとがいます	Муж Билл убит.У меня отец мать и младший брат.	26	4	Муж Билл убит.У меня отец | мать и младший брат.	46
D1580	07	0E7DA	0E7EA	19		0D 8C 86 94 89 93 94 AD 92 FF 81 9E 99 94 95 A2 80 A7 08	・・・すきなことなんて いまはなにもありません	Сейчас мне ничего не хочется.	26	4	Сейчас мне ничего не | хочется.	29
D1581	07	0E7F2	0E802	11		DD AE CC D3 EC 92 AE 82 9E A9 0C	ボストヲでうまれました	Родилась в Бостоне.	26	4	Родилась в Бостоне.	19
D1582	07	0E7FE	0E80E	16		F6 80 97 A2 97 C7 E6 DB AE F7 95 99 81 B0 92 09	「あねもねクラブ」にはいっています	Член клуба Анемона.	26	4	Член клуба Анемона.	19
D1583	07	0E80F	0E81F	18		0D 0B 98 89 93 99 FF A2 82 99 94 8B 8F 87 99 80 A7 08	・・・ビルのことは もうはなしたくはありません	О Билле больше не хочу говорить.	26	4	О Билле больше не хочу | говорить.	32
D1584	07	0E829	0E839	45		0B 85 AE 89 AA 8A A9 92 A2 FF 94 9F 8F AE 9A 93 91 94 85 AE 8A 94 85 B0 8F AD 0A 80 8F 9E 99 FF 85 81 8B B1 98 89 93 8F AE 88 94 AD 0A	ビルがころされても なみだひとつながさなかったんですあたまは かいしゃのことだけなんです	Эдвард не пролил ни слезы после смерти Билла.Думает лишь о компании.	26	4	Эдвард не пролил ни слезы | после смерти Билла.Думает | лишь о компании.	68
D1585	07	0E859	0E869	14		DB E9 F0 D3 AE 8A AD 99 FF 81 81 9A 93 0A	フレッドさんは いいひとです	Фред хороший человек.	26	4	Фред хороший человек.	21
D1586	07	0E868	0E878	14		9E 8A 85 FF DB E9 F0 D3 AE 8A AD 85 AE 0D	まさか フレッドさんが・・・	Неужели Фред...	26	4	Неужели Фред...	15
D1587	07	0E877	0E887	21		C8 C1 D3 99 FF 07 AC FF 81 91 A2 85 99 AE B0 92 87 A9 92 81 0C	ケイトは わたしを いつもかばってくれていました	Кейт всегда защищала меня.	26	4	Кейт всегда защищала меня.	26
D1588	07	0E88F	0E89F	26		0B 85 AE FF 90 B3 82 8B 98 81 81 A3 91 95 99 FF 86 AC 91 88 AA 93 81 B0 92 0C	ビルが ちょうしのいいやつには きをつけろといってました	Билл говорил опасаться людей которые слишком любезны.	26	4	Билл говорил опасаться | людей которые слишком | любезны.	53
D1589	07	0E8AC	0E8BC	46		F6 80 97 A2 97 C7 E6 DB AE F7 98 85 81 90 B3 82 0A BF FF 07 95 85 AE 92 94 AD 0A BF C8 C1 D3 98 AB A8 87 AE 90 99 AE 85 A7 FF 81 82 AD 0A	「あねもねクラブ」のかいちょうです。 わたしにがてなんです。ケイトのわるぐちばかり いうんです	Глава клуба Анемона.Я её не люблю.Она всегда ругает Кейт.	26	4	Глава клуба Анемона.Я её | не люблю.Она всегда ругает | Кейт.	57
D1590	07	0E8DD	0E8ED	14		93 86 93 AE 86 81 83 95 81 A6 8B 92 0C AB	ときどきいえにいらしてましたわ	Иногда приходил к нам.	26	4	Иногда приходил к нам.	22
D1591	07	0E8EE	0E8FE	24		90 90 99 FF 88 B0 89 AD 95 FF 8C 89 AE 87 99 AD 8F 81 8B 92 81 8F AD 0A	ちちは けっこんに すごくはんたいしていたんです	Отец был резко против брака.	26	4	Отец был резко против | брака.	28
D1592	07	0E909	0E919	7		A3 8A 8B 81 99 99 0A	やさしいははです	Мама добрая.	26	4	Мама добрая.	12
D1593	07	0E913	0E923	42		07 8F 90 FF 9B 8F 89 AE 94 AD 0A BF FF 07 85 AE 0B 93 FF 88 B0 89 AD 8C A8 93 86 A1 8F 93 86 FF 8C 89 AE 87 81 A3 85 AE A7 0C	わたしたち ふたごなんです。 わたしがビルと けっこんするときめたとき すごくいやがりました	Мы с Ральфом близнецы.Он очень не хотел,чтобы я выходила за Билла.	26	4	Мы с Ральфом близнецы.Он | очень не хотел,чтобы я | выходила за Билла.	66
D1594	07	0E940	0E950	20		93 86 93 AE 86 84 80 81 8B 9E 8C 85 AE FF A5 87 AB 85 A7 08	ときどきおあいしますが よくわかりません	Иногда встречаю.Не знаю его.	26	4	Иногда встречаю.Не знаю | его.	28
D1595	07	0E957	0E967	14		BF BF 80 98 9A 93 98 89 93 99 FF A5 87 06	。。あのひとのことは よくしりません	Его почти не знаю.	26	4	Его почти не знаю.	18
D1596	07	0E968	0E978	41		DB E9 F0 D3 AE 98 89 93 99 AE 85 A7 FF 86 95 8B 92 81 A8 AD 0A BF 0B 98 89 93 99 FF 86 A6 B0 92 81 8F AD 8F AE 93 84 A2 09	フレッドのことばかり きにしているんです。ビルのことは きらっていたんだとおもいます	Она заботится лишь о Фреде.Думаю,Билла ненавидела.	26	4	Она заботится лишь о | Фреде.Думаю,Билла | ненавидела.	50
D1597	07	0E994	0E9A4	6		0B 98 9A 8B B3 0A	ビルのひしょです	Секретарь Билла.	26	4	Секретарь Билла.	16
D1598	07	0E9A6	0E9B6	14		84 93 82 8A 9E 98 FF 84 93 A2 8F AE 90 0A	おとうさまの おともだちです	Друг отца.	26	4	Друг отца.	10
D1599	07	0E9BF	0E9CF	42		80 98 9A 99 0D 0B 85 AE 85 83 A8 98 AC FF A5 94 85 9E 92 AE 9E B0 92 81 0C 85 AE FF 81 91 98 9E 95 85 FF 97 92 8B 9E 81 0C BF	あのひは・・・ビルがかえるのを よなかまでまっていましたが いつのまにか ねてしまいました。	Он ждал Билла до полуночи,но уснул.	26	4	Он ждал Билла до | полуночи,но уснул.	35
D1600	07	0E9EA	0E9FA	11		8C AE B0 93 9A 93 A7 92 AE 8B 8F	ずっとひとりでした	Я была одна.	26	4	Я была одна.	12
D1601	07	0E9F6	0EA06	16		8D 81 A1 81 9D 88 AD FE FF 94 AD 98 89 93 0A 85	せいめいほけん？ なんのことですか	Страховка?О чём вы?	26	4	Страховка?О чём вы?	19
D1602	07	0EA07	0EA17	19		8C 81 08 0D 84 99 94 8B 99 9E 8F 95 8B 92 87 8F AE 8A 81	すいません・・・おはなしはまたにしてください	Простите.Поговорим потом.	26	4	Простите.Поговорим потом.	25
D1603	07	0EA23	0EA33	15		C1 E3 E7 EC C7 AE FE FF 07 99 A2 B0 92 81 08	イヤリヲグ？ わたしはもっていません	Серьга?У меня её нет.	26	4	Серьга?У меня её нет.	21
D1604	07	0EA35	0EA45	56		0B 85 AE 90 90 98 C4 DB C1 CC 95 FF 93 90 AC 8A 85 AE 8B 95 86 92 FF 92 AE 80 B0 8F AD 0A BF FF A3 8A 8B 87 92 FF 84 93 94 92 AE FF A0 90 B2 82 95 94 B0 92 8B 9E 81 0C	ビルがちちのオフイスに とちをさがしにきて であったんです。 やさしくて おとなで むちゅうになってしまいました	Билл пришёл к отцу искать землю.Так мы встретились.Он был добр.Я влюбилась.	26	4	Билл пришёл к отцу искать | землю.Так мы | встретились.Он был добр.Я | влюбилась.	75
D1605	07	0EA6E	0EA7E	21		9B 8F A7 98 8D 81 85 91 99 0D 8B 80 AB 8D BF BF 92 AE 8B 8F 0D	ふたりのせいかつは・・・しあわせ。。でした・・・	Наша жизнь была счастливой...	26	4	Наша жизнь была | счастливой...	29
D1606	07	0EA84	0EA94	57		07 93 FF E6 E8 DB 98 9D AD 93 82 98 FF 90 90 84 A3 99 FF 80 85 AD 9D AE 82 98 93 86 95 FF 9A AE B3 82 86 92 AE 8B AD 92 AE 8B 9E 81 0C FF 81 9A AD 99 FF 98 89 B0 92 81 08	わたしと ラルフのほんとうの ちちおやは あかんぼうのときに びょうきでしんでしまいました いひんは のこっていません	Наш с Ральфом родной отец умер когда мы были младенцами.Вещей не осталось.	26	4	Наш с Ральфом родной отец | умер когда мы были | младенцами.Вещей не | осталось.	74
D1607	07	0EABE	0EACE	38		81 90 93 AE 9F 8F FF 90 90 98 8B B1 8B AD 98 85 84 AC FF 9D AE AD A3 A7 93 FF 84 9D AE 83 92 99 81 A8 AD 0A 85 AE	いちどみた ちちのしゃしんのかおを ぼんやりと おぼえてはいるんですが	Я лишь смутно помню лицо отца по одной фотографии.	26	4	Я лишь смутно помню лицо | отца по одной фотографии.	50
D1608	07	0EAE5	0EAF5	15		0B 99 FF 94 95 A2 81 B0 92 81 08 92 AE 8B 8F	ビルは なにもいっていませんでした	Билл ничего не говорил.	26	4	Билл ничего не говорил.	23
D1609	07	0EAF7	0EB07	15		C8 C1 D3 95 8C 8C A1 A6 A9 92 FF 99 81 A7 0C	ケイトにすすめられて はいりました	Вступила по совету Кейт.	26	4	Вступила по совету Кейт.	24
D1610	07	0EB08	0EB18	10		D4 FF D4 C1 DB 94 AD 92 FF 06	ナ ナイフなんて しりません	Нож?Не знаю.	26	4	Нож?Не знаю.	12
D1611	07	0EB16	0EB26	11		9C AE FF 9C AE 91 95 94 95 A2 0D	べ べつになにも・・・	Ничего...	26	4	Ничего...	9
D1612	07	0EB24	0EB34	13		86 A9 81 95 85 8F 8C AE 81 92 81 8F BF	きれいにかたずいていた。	В комнате был порядок.	26	4	В комнате был порядок.	22
D1613	07	0EB32	0EB42	16		92 85 AE 85 A7 99 FF 9F 91 85 A6 94 85 B0 8F BF	てがかりは みつからなかった。	Улик не найдено.	26	4	Улик не найдено.	16
D1614	07	0EB45	0EB55	31		DC AE F0 D3 AE 95 99 FF 92 8D 81 98 C6 E8 D2 C1 EC C7 AE 98 C5 D9 AE FC 85 AE 8B 92 80 B0 8F	ベッドには てせいのキルテイヲグのカバーがしてあった	На кровати было самодельное стёганое покрывало.	26	4	На кровати было | самодельное стёганое | покрывало.	47
D1615	07	0EB65	0EB75	16		92 85 AE 85 A7 99 FF 9F 80 8F A6 94 85 B0 8F BF	てがかりは みあたらなかった。	Улик нет.	26	4	Улик нет.	9
D1616	07	0EB76	0EB86	32		05 99 FF DC AE F0 D3 AE 98 8B 8F 85 A6 FF 80 84 81 C9 EC CF C7 D3 E9 EC CC AE AC 9F 91 88 8F BF	J.B.は ベッドのしたから あおいコヲタクトレヲズをみつけた。	Под кроватью J.B. нашёл синие контактные линзы.	26	4	Под кроватью J.B. нашёл | синие контактные линзы.	44
D1617	07	0EB97	0EBA7	18		05 99 FF 8F 81 8D 91 95 DD AF C8 F0 D3 95 81 A9 8F BF	J.B.は たいせつにポケットにいれた。	J.B. положил их в карман.	26	4	J.B. положил их в карман.	22
D1618	07	0EBAA	0EBBA	23		81 AA 81 AA 94 A2 98 85 AE FF A0 8E AE 82 8A 95 84 85 A9 92 81 8F BF	いろいろなものが むぞうさにおかれていた。	Вещи лежали как попало.	26	4	Вещи лежали как попало.	23
D1619	07	0EBC2	0EBD2	25		99 AD 8A AE 81 95 FF 85 AD 88 81 80 A7 8E 82 94 A2 98 99 FF 94 85 B0 8F BF	はんざいに かんけいありそうなものは なかった。	Ничего связанного с преступлением.	26	4	Ничего связанного с | преступлением.	34
D1620	07	0EBDC	0EBEC	25		C7 EA CD AE F0 D3 98 94 85 85 A6 FF DA AF CC D3 E8 85 AE 92 AE 92 86 8F BF	クロゼットのなかから ピストルがでてきた。	В шкафу нашёлся пистолет.	26	4	В шкафу нашёлся пистолет.	25
D1621	07	0EBF6	0EC06	21		05 99 FF DA AF CC D3 E8 AC D9 EC C5 D0 92 AE 91 91 AD 8F AE BF	J.B.は ピストルをハヲカチでつつんだ。	J.B. завернул пистолет в платок.	26	4	J.B. завернул пистолет в | платок.	29
D1622	07	0EC0C	0EC1C	32		CB AE F1 D7 F0 D3 98 9C A3 99 FF 88 B0 89 AD 9E 83 93 FF 84 94 8B AE 9E 9E 95 8B 92 80 B0 8F BF	ジャネットのへやは けっこんまえと おなじままにしてあった。	Комната Джанет осталась как до свадьбы.	26	4	Комната Джанет осталась | как до свадьбы.	39
D1623	07	0EC2D	0EC3D	25		9E 87 A6 A2 93 95 FF 8D 81 8B AD 80 AD 92 81 8A AE 81 85 AE FF 80 B0 8F BF	まくらもとに せいしんあんていざいが あった。	У кровати лежало успокоительное.	26	4	У кровати лежало | успокоительное.	32
D1624	07	0EC47	0EC57	44		D0 C3 CC D3 98 9A 86 8F AE 8B 85 A6 FF 0B BF EA DA AE EC CC AE 98 8D 81 A1 81 9D 88 AD 98 88 81 A3 87 8B B3 85 AE 92 AE 92 86 8F BF	チエストのひきだしから ビル。ロビヲズのせいめいほけんのけいやくしょがでてきた。	В ящике комода найден полис страхования жизни Билла.	26	4	В ящике комода найден | полис страхования жизни | Билла.	52
D1625	07	0EC74	0EC84	12		05 99 FF 8B B3 A8 81 AC 93 B0 8F BF	J.B.は しょるいをとった。	J.B. взял документ.	26	4	J.B. взял документ.	16
D1626	07	0EC81	0EC91	20		C6 F1 E7 EC D3 EC 88 98 C8 AE CC D3 E8 FC E0 8F AE B0 8F BF	キャリヲトヲけのゲストルームだった。	Гостевая комната Кэррингтонов.	26	4	Гостевая комната | Кэррингтонов.	30
D1627	07	0EC96	0ECA6	12		94 95 A2 92 AE 92 89 94 85 B0 8F BF	なにもでてこなかった。	Ничего.	26	4	Ничего.	7
D1628	07	0ECA5	0ECB5	17		C6 F0 D0 EC 99 FF 9A 85 A7 95 FF 9F 90 92 81 8F BF	キッチヲは ひかりに みちていた。	Кухня была залита светом.	26	4	Кухня была залита светом.	25
D1629	07	0ECB7	0ECC7	12		94 95 A2 9F 91 85 A6 94 85 B0 8F BF	なにもみつからなかった。	Ничего не найдено.	26	4	Ничего не найдено.	18
D1630	07	0ECC6	0ECD6	18		8F AE AD AA 98 80 A8 FF 9A AA 81 9C A3 8F AE B0 8F BF	だんろのある ひろいへやだった。	Большая комната с камином.	26	4	Большая комната с камином.	26
D1631	07	0ECD9	0ECE9	25		8B AE 88 AD 93 FF 85 AD 88 81 80 A8 A2 98 99 FF 9F 91 85 A6 94 85 B0 8F BF	じけんと かんけいあるものは みつからなかった。	Ничего связанного с делом.	26	4	Ничего связанного с делом.	26
D1632	07	0ECF5	0ED05	19		8D AE 81 8F 87 94 FF 85 87 AE 85 AE 84 85 A9 92 81 8F BF	ぜいたくな かぐがおかれていた。	Стояла дорогая мебель.	26	4	Стояла дорогая мебель.	22
D1633	07	0ED09	0ED19	16		92 85 AE 85 A7 99 FF 9F 91 85 A6 94 85 B0 8F BF	てがかりは みつからなかった。	Улик нет.	26	4	Улик нет.	9
D1634	07	0ED1A	0ED2A	48		05 99 FF C7 EA CD AE F0 D3 98 94 85 85 A6 F6 E9 F0 D3 AE CF C1 C7 E6 DB AE 85 81 81 AD A1 81 9D AE F7 93 85 85 A9 8F D8 FC D3 AC 9F 91 88 8F BF	J.B.は クロゼットのなかから「レッドタイクラブかいいんめいぼ」とかかれたノートをみつけた。	В шкафу J.B. нашёл тетрадь со списком членов Ред Тай Клуб.	26	4	В шкафу J.B. нашёл тетрадь | со списком членов Ред Тай | Клуб.	55
D1635	07	0ED4B	0ED5B	21		05 99 FF 8E 98 86 90 B3 82 94 FF 8B A7 B3 82 AC FF 93 B0 8F BF	J.B.は そのきちょうな しりょうを とった。	J.B. взял важный документ.	26	4	J.B. взял важный документ.	23
D1636	07	0ED61	0ED71	23		94 85 99 FF 8B AE B3 8D 81 A6 8B 81 87 FF 85 8F 91 AE 81 92 81 8F BF	なかは じょせいらしいく かたづいていた。	Всё было убрано по женски.	26	4	Всё было убрано по женски.	26
D1637	07	0ED79	0ED89	17		9C A3 95 99 FF 92 85 AE 85 A7 99 FF 94 85 B0 8F BF	へやには てがかりは なかった。	Улик не было.	26	4	Улик не было.	13
D1638	07	0ED8D	0ED9D	21		DC AE F0 D3 AE E8 FC E0 99 FF 80 85 A8 81 9C A3 8F AE B0 8F BF	ベッドルームは あかるいへやだった。	Спальня была светлой.	26	4	Спальня была светлой.	21
D1639	07	0EDA3	0EDB3	19		94 95 A2 92 85 AE 85 A7 99 FF 9F 91 85 A6 94 85 B0 8F BF	なにもてがかりは みつからなかった。	Улик не найдено.	26	4	Улик не найдено.	16
D1640	07	0EDB7	0EDC7	30		D3 AE E9 F0 CA FC 98 9A 86 8F AE 8B 85 A6 FF 90 98 91 81 8F CC C5 FC DB AC 9F 91 88 8F BF	ドレッサーのひきだしから ちのついたスカーフをみつけた。	В ящике комода найден окровавленный шарф.	26	4	В ящике комода найден | окровавленный шарф.	41
D1641	07	0EDD6	0EDE6	17		05 99 FF CC C5 FC DB AC FF 84 82 8B B2 82 8B 8F BF	J.B.は スカーフを おうしゅうした。	J.B. изъял шарф.	26	4	J.B. изъял шарф.	13
D1642	07	0EDE8	0EDF8	11		88 81 9A AE 81 AD 85 AE 81 8F BF	けいびいんがいた。	Здесь был охранник.	26	4	Здесь был охранник.	19
D1643	07	0EDF7	0EE07	17		8F AE 81 85 AE 87 86 B3 82 8B AE B2 85 AE 81 8F BF	だいがくきょうじゅがいた。	Здесь был профессор.	26	4	Здесь был профессор.	20
D1644	07	0EE0C	0EE1C	36		88 AE AD 99 AE 99 FF 8D 81 8E 82 8A A9 92 81 92 FF 8B AE 88 AD 98 8B AE B3 82 86 B3 82 AC 88 8B 92 81 8F BF	げんばは せいそうされていて じけんのじょうきょうをけしていた。	Место было убрано.Следы преступления исчезли.	26	4	Место было убрано.Следы | преступления исчезли.	45
D1645	07	0EE31	0EE41	58		05 99 FF 81 B0 9B AF 87 8B 8F BF 9D AD 93 98 FF 8A 91 8B AE AD 88 AE AD 99 AE 99 FF 93 AE 89 85 0D 88 AE AD 99 AE 95 99 FF 98 89 8A A9 8F FF 92 85 AE 85 A7 99 94 85 B0 8F BF	J.B.は いっぷくした。ほんとの さつじんげんばは どこか・・・げんばには のこされた てがかりはなかった。	J.B. закурил.Где же настоящее место убийства?Здесь улик не осталось.	26	4	J.B. закурил.Где же | настоящее место | убийства?Здесь улик не | осталось.	65
D1646	07	0EE72	0EE82	35		8E 89 95 99 FF DC EC E7 FC BF C7 E9 C1 EC 93 EA D9 AE FC D3 BF DE C7 D4 E7 FC 98 99 85 85 AE 80 B0 8F BF	そこには ヘヲリー。クレイヲとロバート。マクナリーのはかがあった。	Здесь могилы Генри Клейна и Роберта Макнэлли.	26	4	Здесь могилы Генри Клейна | и Роберта Макнэлли.	45
D1647	07	0EE96	0EEA6	22		85 81 88 91 98 85 86 AE 99 FF 89 89 95 80 A8 98 8F AE AA 82 85 BF	かいけつのかぎは ここにあるのだろうか。	Может ключ к делу здесь?	26	4	Может ключ к делу здесь?	24
D1648	07	0EEAD	0EEBD	72		05 99 84 A2 81 86 B0 8F FF 8E 82 8A 95 92 AE 8F BF FF B6 91 98 99 85 AC 9D A7 84 89 8B 8F 93 89 AA FF C7 E9 C1 EC 98 99 85 95 99 FF 9D 97 85 AE 80 B0 8F 85 AE DE C7 D4 E7 FC 98 99 85 95 99 FF 94 95 A2 94 85 B0 8F 0D	J.B.はおもいきった そうさにでた。 2つのはかをほりおこしたところ クレイヲのはかには ほねがあったがマクナリーのはかには なにもなかった・・・	J.B. решился раскопать обе могилы.В могиле Клейна были кости а могила Макнэлли была пуста...	26	4	J.B. решился раскопать обе | могилы.В могиле Клейна | были кости а могила | Макнэлли была пуста...	89
D1649	07	0EEF6	0EF06	21		05 99 FF C7 E9 C1 EC 98 99 85 85 A6 FF 9D 97 AC 9A AA B0 8F BF	J.B.は クレイヲのはかから ほねをひろった。	J.B. взял кость из могилы Клейна.	26	4	J.B. взял кость из могилы | Клейна.	30
D1650	07	0EF0E	0EF1E	17		E9 C1 EC 98 99 85 85 A6 FF 9D 97 AC 9A AA B0 8F BF	レイヲのはかから ほねをひろった。	J.B. взял кость из могилы Клейна.	26	4	J.B. взял кость из могилы | Клейна.	30
D1651	0E	1C3BD	1C3CD	9	10	8E 82 8A 95 92 AE 85 88 A8	そうさにでかける	НА ВЫЕЗД	10	1	НА ВЫЕЗД	8
D1652	0E	1C3C7	1C3D7	8	10	85 AD 8B 86 85 95 81 87	かんしきかにいく	ЭКСПЕРТИЗА	10	1	ЭКСПЕРТИЗА	10
D1653	0E	1C3D0	1C3E0	9	10	8B A7 B3 82 8B 91 95 81 87	しりょうしつにいく	АРХИВ	10	1	АРХИВ	5
D1654	0E	1C3DA	1C3EA	11	10	88 AD 8B AE 98 93 89 AA 95 81 87	けんじのところにいく	ПРОКУРОР	10	1	ПРОКУРОР	8
D1655	0E	1C3E6	1C3F6	11	10	93 A7 8B A6 9C AE 8B 91 95 81 87	とりしらべしつにいく	ДОПРОСНАЯ	10	1	ДОПРОСНАЯ	9
D1656	0E	1C3F2	1C402	4	10	CD FC DB AE	セーブ	СОХРАНИТЬ	10	1	СОХРАНИТЬ	9
D1657	0E	1C3F7	1C407	4	10	EA FC D3 AE	ロード	ЗАГРУЗИТЬ	10	1	ЗАГРУЗИТЬ	9
D1658	0E	1C3FC	1C40C	10		8B B3 82 89 AC 92 81 8B B2 91	しょうこをていしゅつ	СДАТЬ УЛИК	10	1	СДАТЬ УЛИК	10
D1659	0E	1C407	1C417	9		88 AD 8B B3 82 98 88 B0 85	けんしょうのけっか	РЕЗУЛЬТАТ	10	1	РЕЗУЛЬТАТ	9
D1660	0E	1C411	1C421	10		8B A7 B3 82 AC 8B A6 9C AE A8	しりょうをしらべる	ДОКУМЕНТЫ	10	1	ДОКУМЕНТЫ	9
D1661	0E	1C41C	1C42C	10		85 8F 87 8E 82 8A 98 86 B3 85	かたくそうさのきょか	НА ОБЫСК	10	1	НА ОБЫСК	8
D1662	0E	1C427	1C437	11		8F 81 9D 8B AE B3 82 98 86 B3 85	たいほじょうのきょか	НА АРЕСТ	10	1	НА АРЕСТ	8
D1663	0E	1C433	1C443	12		88 81 8B AE 9C AE A3 95 A2 93 AE A8	けいじべやにもどる	В КАБИНЕТ	10	1	В КАБИНЕТ	9
D1664	0E	1C440	1C450	10		86 B3 82 8B AE B2 91 AC 93 A8	きょうじゅつをとる	ПОКАЗАНИЯ	10	1	ПОКАЗАНИЯ	9
D1665	0E	1C44B	1C45B	10		8B B3 82 89 9A AD AC 9F 8D A8	しょうこひんをみせる	ПОКАЗАТЬ	10	1	ПОКАЗАТЬ	8
D1666	0E	1C456	1C466	5		93 81 91 A1 A8	といつめる	ПРИЖАТЬ	10	1	ПРИЖАТЬ	7
D1667	0E	1C45C	1C46C	6		81 93 AE 82 8C A8	いどうする	ЕХАТЬ	10	1	ЕХАТЬ	5
D1668	0E	1C463	1C473	6		94 85 95 99 81 A8	なかにはいる	ВОЙТИ	10	1	ВОЙТИ	5
D1669	0E	1C46A	1C47A	6		80 8F A7 AC 9F A8	あたりをみる	ОСМОТРЕТЬ	10	1	ОСМОТРЕТЬ	9
D1670	0E	1C471	1C481	6		99 94 8B 85 88 A8	はなしかける	СПРОСИТЬ	10	1	СПРОСИТЬ	8
D1671	0E	1C478	1C488	6		8E 93 95 92 AE A8	そとにでる	ВЫЙТИ	10	1	ВЫЙТИ	5
D1672	0E	1C47F	1C48F	7		80 81 8A 91 AC 8C A8	あいさつをする	ПРИВЕТ	10	1	ПРИВЕТ	6
D1673	0E	1C487	1C497	10		9D AD 95 AD 98 89 93 AC 86 87	ほんにんのことをきく	О СЕБЕ	10	1	О СЕБЕ	6
D1674	0E	1C492	1C4A2	9		85 AD 88 81 8B B1 98 89 93	かんけいしゃのこと	О ДРУГИХ	10	1	О ДРУГИХ	8
D1675	0E	1C49C	1C4AC	7		8E 98 9D 85 98 89 93	そのほかのこと	ПРОЧЕЕ	10	1	ПРОЧЕЕ	6
D1676	0E	1C4A4	1C4B4	9		9D 85 98 9A 93 AC A5 9B AE	ほかのひとをよぶ	ПОЗВАТЬ	10	1	ПОЗВАТЬ	7
D1677	0E	1C4AE	1C4BE	9		85 8F 87 8E 82 8A AC 8C A8	かたくそうさをする	ОБЫСКАТЬ	10	1	ОБЫСКАТЬ	8
D1678	0E	1C4B8	1C4C8	10		92 85 AE 85 A7 AC 8A 85 AE 8C	てがかりをさがす	ИСКАТЬ	10	1	ИСКАТЬ	6
D1679	0E	1C4C3	1C4D3	5		94 95 85 93 A8	なにかとる	ВЗЯТЬ	10	1	ВЗЯТЬ	5
D1680	0E	1C4C9	1C4D9	8		9D 85 98 9C A3 95 81 87	ほかのへやにいく	В ДРУГУЮ	10	1	В ДРУГУЮ	8
D1681	0E	1C4D2	1C4E2	7		8F AE A9 85 A5 9B AE	だれかよぶ	ПОЗВАТЬ	10	1	ПОЗВАТЬ	7
D1682	0E	1C4DA	1C4EA	10		8E 82 8A 87 AC 91 91 AE 88 A8	そうさくをつづける	ПРОДОЛЖИТЬ	10	1	ПРОДОЛЖИТЬ	10
D1683	0E	1C4E5	1C4F5	4		ED FF 90 87	A ちく	РАЙОН A	10	1	РАЙОН A	7
D1684	0E	1C4EA	1C4FA	4		EE FF 90 87	B ちく	РАЙОН B	10	1	РАЙОН B	7
D1685	0E	1C4EF	1C4FF	4		EF FF 90 87	C ちく	РАЙОН C	10	1	РАЙОН C	7
D1686	0E	1C4F4	1C504	10		A5 82 86 AE 8B B1 AC A5 9B AE	ようぎしゃをよぶ	ВЫЗВАТЬ	10	1	ВЫЗВАТЬ	7
D1687	0E	1C4FF	1C50F	9		9D 85 98 93 89 AA 9C 81 87	ほかのところへいく	В ДРУГОЕ	10	1	В ДРУГОЕ	8
